barcode	group	cr_umi	cr_genes	cr_pct_mt	sa_umi	sa_genes	sa_pct_mt	sa_unspliced_frac	sa_ambiguous_frac	cr_rank	sa_rank	umi_log2_ratio_sa_vs_cr	qcatch_initial_filtered_cell	qcatch_potential_non_ambient_cell	qcatch_non_ambient_pvalue
GGGTCACTCAATCTCT	SA_only	1309	815	7.257448433919022	1366	804	7.101024890190336	0.27379209370424595	0.11346998535871157	1180	1180	0.061446431181247346	False	True	9.999000099990002e-05
GTGTTAGAGACGGTCA	SA_only	1239	802	2.5020177562550443	1298	797	2.6964560862865947	0.2542372881355932	0.1325115562403698	1182	1183	0.06706131017364356	False	True	9.999000099990002e-05
CTTCAATTCGAGAGCA	SA_only	1200	753	4.75	1262	750	4.754358161648177	0.22979397781299524	0.12757527733755944	1186	1186	0.07261848808191819	False	True	9.999000099990002e-05
TTGATGGTCGCTAAAC	SA_only	618	67	89.80582524271844	716	73	82.40223463687151	0.10335195530726257	0.013966480446927373	1234	1227	0.21203370948764014	False	True	0.00019998000199980003
TACAACGAGGCCTGAA	SA_only	464	172	18.103448275862068	532	177	16.729323308270676	0.08458646616541353	0.11654135338345864	1257	1255	0.19690481676378213	False	True	9.999000099990002e-05
AGTACTGGTATCGCGC	SA_only	455	178	5.934065934065934	508	179	6.102362204724409	0.0610236220472441	0.13188976377952755	1259	1261	0.1586318319109536	False	True	9.999000099990002e-05
GTTCGCTTCGACATTG	SA_only	294	121	52.38095238095238	577	130	27.55632582322357	0.5268630849220104	0.045060658578856154	1287	1248	0.9703545382514752	False	True	9.999000099990002e-05
CGAGAAGTCAAGTTGC	shared	70021	7551	6.817954613615915	73454	7617	6.9322296947749615	0.16218313502327988	0.1065020284804095	1	2	0.06905242750535273	True	False	
GATCACACACCCTGTT	shared	69324	8132	9.735445156078702	73739	8240	9.757387542548718	0.23101750769606313	0.113806805082792	2	1	0.08907170516697695	True	False	
CTACAGACAACAAAGT	shared	55234	6332	5.322808415106637	59177	6406	5.326393700255167	0.18126975007181845	0.10134004765364922	3	3	0.09947821012554746	True	False	
GGTTGTATCGAAGGAC	shared	44684	5705	8.170709873780323	46363	5784	8.47874382589565	0.16718072600996484	0.08925220542242737	4	4	0.05321441423644854	True	False	
TATCTTGTCCATCTCG	shared	41633	6951	4.85672423318041	43331	6966	4.938727469940689	0.26463732662527983	0.1351918949481895	5	5	0.05767065359129323	True	False	
TCGACCTCAAGTAGTA	shared	38652	5354	5.016558004760427	41008	5402	5.035602809207959	0.17035700351150995	0.09368903628560281	6	6	0.08536017282437354	True	False	
CAGGTATGTCAGTCTA	shared	35532	6141	6.042440616908702	37340	6190	6.156936261381896	0.3115961435457954	0.12560257096946975	7	7	0.071601065289284	True	False	
CCTCCAAAGGCCCGTT	shared	35258	6308	5.505133586703727	36923	6378	5.527719849416353	0.33981529128185683	0.12043983424965468	8	8	0.06656729133891062	True	False	
AAGACAACAGATCACT	shared	35192	6761	4.859058877017504	36651	6814	4.9439305885241875	0.4006439114894546	0.12709066601184144	9	9	0.05860342370354742	True	False	
TTGTTCACACTTGTGA	shared	34715	6096	3.606510154112055	36632	6146	3.655274077309456	0.250382179515178	0.12803013758462548	10	10	0.07754312394890836	True	False	
TGTTCATAGCTGCCTG	shared	34658	6330	5.531190489930175	36591	6362	5.495886966740455	0.26189500150310185	0.1330928370364297	11	11	0.07829824117237465	True	False	
CCGATGGGTTCTCGCT	shared	33909	6185	5.157922675395913	35498	6240	5.186207673671756	0.2756775029579131	0.12561271057524367	12	12	0.06606760038465412	True	False	
CACTTCGTCACCTACC	shared	33288	5860	5.686733958183129	34846	5929	5.796935085806118	0.38038799288297076	0.12053033346725593	13	13	0.06598892628467551	True	False	
TATCGCCTCTCCCAAC	shared	32432	5989	5.1831524420325605	33952	6061	5.239750235626767	0.34000942507068804	0.1183140904806786	14	15	0.06607657601375261	True	False	
CGAGAAGTCCAATGCA	shared	32288	6139	7.346382556987116	34074	6199	7.477842343135529	0.28831367024710924	0.11733286376709515	15	14	0.07767089608419667	True	False	
TGTTTGTGTGGAAATT	shared	31127	6156	7.0099913258585795	32481	6229	7.062590437486531	0.3100581878636742	0.12281025830485515	16	16	0.06142758026623216	True	False	
TCCTCTTAGCCAAGGT	shared	30651	6615	6.071580046328015	31951	6681	6.196989139620043	0.3574848987512128	0.12666270226283996	17	17	0.05992502707974184	True	False	
TCCTTCTCAACTCGTA	shared	30155	6091	5.647487978776322	31638	6156	5.686200139073266	0.31019659902648716	0.11925532587394905	18	18	0.06925892484936776	True	False	
ATGGGAGCACTCCGGA	shared	30057	6007	7.435871843497355	31177	6028	7.5600603008628156	0.33707540815344644	0.12182057285819675	19	20	0.05277936692901642	True	False	
CACTGAATCCTGATAG	shared	29834	6044	7.511563987396929	31568	6126	7.643816523061328	0.27334642676127724	0.11451469842878864	20	19	0.0815027847434978	True	False	
GCTTCACCAACACGAG	shared	29623	6015	5.9683354150491175	31174	6052	6.040289985244113	0.3156476550971964	0.12090203374607045	21	21	0.07362310543276504	True	False	
TCTCCGAAGTCAATCC	shared	28910	5724	8.422691110342441	30405	5722	8.488735405360961	0.29810886367373785	0.12228251932247985	22	23	0.072737527087184	True	False	
TGTCCACTCGCTTACC	shared	28840	4800	2.5	30476	4853	2.483921774511091	0.19133088331802073	0.10792098700616878	23	22	0.07959971048793557	True	False	
GAAGCCCCAGGAACCA	shared	28781	5663	6.424377193287238	30099	5682	6.4952323997475	0.34545998205920464	0.12209707963719725	24	25	0.0645966416117824	True	False	
CAAGCTAGTGGCTGCT	shared	28658	6337	5.925047107264987	30197	6360	6.00721926019141	0.31751498493227803	0.12729741365036262	25	24	0.07546473322453785	True	False	
TCACACCCACCAGCCA	shared	28630	6007	4.512748864827104	30005	6039	4.592567905349108	0.3859023496083986	0.12204632561239794	26	26	0.06767295039720192	True	False	
ACCTGTCTCTCAACGA	shared	28199	5611	3.553317493528139	29402	5674	3.5915924086796815	0.3853819468063397	0.1307734167743691	27	29	0.060268198706857165	True	False	
CGTTAGATCATTATCC	shared	28128	5915	5.272326507394767	29310	5936	5.329239167519618	0.28154213578983284	0.12906857727737972	28	30	0.05938392409214516	True	False	
ATCACTTGTGGCTGCT	shared	28018	5721	6.43514883289314	29411	5769	6.449967699160178	0.37581177110604874	0.12566726734895106	29	28	0.06999942323432382	True	False	
GTGTGGCAGGTACTGG	shared	27843	5617	7.003555651330675	29425	5657	7.004248088360238	0.2601869158878505	0.11887850467289719	30	27	0.07972496393146068	True	False	
GGTGTTAGTGGATTTC	shared	27608	5673	12.941900898290351	29271	5710	13.00946329131222	0.3102729664172731	0.11632673977657067	31	31	0.08438268643728224	True	False	
TCAGCAAGTATGACAA	shared	27557	5765	5.737199259716225	29066	5795	5.848757999036676	0.2896855432464047	0.12155095300350925	32	32	0.07691098946142931	True	False	
GTAGTACTCTGTGTGA	shared	27402	5314	7.645427341069995	28910	5389	7.751643030093393	0.22801798685575925	0.11957800069180215	33	33	0.07728466707799951	True	False	
GTTAGTGCACCTCTAC	shared	27131	5681	7.154177877704471	28292	5680	7.256468259578679	0.3036193977095999	0.12823412978933973	34	34	0.06044976062973504	True	False	
CTCCCTCCACCGGAAA	shared	27062	6161	4.944202202350159	28201	6222	5.056558278075245	0.40229069891138614	0.1338250416651892	35	36	0.05947570332627454	True	False	
AATGACCGTGTCATCA	shared	26917	6309	7.248207452539288	28206	6345	7.470041835070552	0.3686095157058782	0.12851875487484932	36	35	0.06748201188945227	True	False	
CCTAAGAAGACTCTAC	shared	26728	5887	6.001197246333433	28024	5944	6.09834427633457	0.37828290037111045	0.13720382529260633	37	37	0.06830850933777678	True	False	
TACGCTCTCTCGGTCT	shared	26423	5676	5.483858759414146	27614	5729	5.540667777214456	0.34692547258636924	0.11476062866661839	38	40	0.06360325267289976	True	False	
CCGAACGAGGAACGCT	shared	26320	5670	6.447568389057751	27409	5699	6.589076580685177	0.316647816410668	0.1233901273304389	39	41	0.05848802649042885	True	False	
GTCTAGAGTATGTCAC	shared	26320	5666	8.746200607902736	27733	5686	8.809000108174377	0.31128979915623983	0.11542206036130243	39	39	0.07544140572438161	True	False	
TTAATCCAGCTACTAC	shared	25890	5428	5.728080339899575	27266	5464	5.809432993471723	0.3246534145089122	0.12132325973740189	41	42	0.07470529100857236	True	False	
CCTCTCCTCGTTCCTG	shared	25812	5487	5.233999690066636	26510	5498	5.265937382119954	0.3999622783855149	0.12508487363259146	42	50	0.03849326803685185	True	False	
ACGTACACAAAGCTCT	shared	25795	5587	4.675324675324675	27204	5641	4.712542273195118	0.3188869283928834	0.12641523305396266	43	43	0.07672445373981923	True	False	
CTCCTTTAGATGCTGG	shared	25696	5583	6.8843399750934	26837	5618	6.990349144837351	0.386481350374483	0.123299921749823	44	46	0.06267722256860313	True	False	
TGAGGTTGTAGCTTTG	shared	25661	5658	6.850863177584661	27105	5655	6.983951300498063	0.26541228555617047	0.10979524073049253	45	44	0.0789786190528451	True	False	
AACGGGAGTCGCTCGA	shared	25563	5424	7.6203888432500095	27833	5440	7.7282362663025905	0.31013545072396076	0.11324686523191894	46	38	0.12273465952916607	True	False	
AAGCATCCAGTCTTCC	shared	25495	5678	5.8678172190625615	26710	5709	6.053912392362411	0.34062149007862225	0.12220142268813179	47	48	0.06716306402597128	True	False	
TGAGGTTCAGGACATG	shared	25415	5616	5.669879992130632	26436	5624	5.745952489030111	0.31699198063247086	0.12252231805114239	48	52	0.05682147779793284	True	False	
AAAGTCCCACCAGCCA	shared	25334	5472	7.7445330386042475	27032	5525	7.775969221663214	0.3983796981355431	0.11168245042912105	49	45	0.09358979566321197	True	False	
AAGAACAAGCCTCAGC	shared	25323	5645	6.66982585001777	26818	5686	6.730554105451563	0.3137817883511075	0.12499067790290104	50	47	0.08275014380414236	True	False	
CCTGCATAGTGGTGAC	shared	25238	5509	6.6090815437039385	26620	5561	6.679188580015026	0.2692712246431255	0.12516904583020286	51	49	0.07691001602514537	True	False	
CAAGAGGTCTTCACGC	shared	25232	5473	5.6594800253646165	26441	5499	5.725955901819145	0.33368632048712227	0.12227222873567566	52	51	0.06751956114383634	True	False	
TGATCAGAGGATTCAA	shared	25212	5605	5.3426939552594	26380	5595	5.318423047763457	0.32160727824109175	0.12645943896891584	53	55	0.06533146325905903	True	False	
ATTTCTGCAAGGTCTT	shared	25194	5400	5.477494641581329	26288	5438	5.580493000608643	0.2845404747413268	0.12180462568472307	54	57	0.0613218084143759	True	False	
ACTTATCTCTAAGGAA	shared	25172	5412	7.186556491339584	26326	5415	7.399528982754691	0.2625921142596673	0.12147686697561347	55	56	0.06466597317940631	True	False	
GCTTTCGTCTGGGTCG	shared	25152	5451	5.79675572519084	26405	5507	5.794357129331566	0.31660670327589474	0.1209619390266995	56	53	0.0701352969387544	True	False	
AAATGGAGTACCGCGT	shared	25050	5761	6.415169660678643	26396	5806	6.482042733747537	0.26481285043188363	0.12513259584785574	57	54	0.07550578276245487	True	False	
AAGCGTTCACTGATTG	shared	24840	5680	5.849436392914654	26023	5695	5.875571609729854	0.2908196595319525	0.12008607770049572	58	58	0.06711947559182611	True	False	
GCAGCTGGTAAGTTAG	shared	24678	5368	5.462355134127563	25697	5391	5.529828384636339	0.35615052340740166	0.12234891232439585	59	60	0.0583721457986636	True	False	
AATTCCTTCCATTGGA	shared	24537	5173	3.4519297387618697	25532	5220	3.4192386025379915	0.3565329782234059	0.12110292965690114	60	63	0.05734539201592398	True	False	
AAAGGATTCCGTTTCG	shared	24530	5275	6.689767631471668	25608	5284	6.704935957513277	0.3196657294595439	0.12250078100593564	61	62	0.06204487237358376	True	False	
CCACACTCAGGACTTT	shared	24456	5363	6.4851161269218185	25815	5416	6.558202595390277	0.347394925430951	0.12612822002711602	62	59	0.0780180353503005	True	False	
CATTTCATCTCTCTTC	shared	24392	5236	5.255821580846179	25368	5235	5.32560706401766	0.3414143803216651	0.12448754336171555	63	66	0.05659945161287741	True	False	
GCTTGGGAGAAGGTAG	shared	24323	5472	8.304896599925996	25616	5495	8.389287945034354	0.2970799500312305	0.11699718925671455	64	61	0.07472103730390377	True	False	
AGGCCACAGGGCCAAT	shared	24271	5403	6.192575501627457	25387	5416	6.203962658053334	0.2919998424390436	0.13447827628313705	65	64	0.06485375703574627	True	False	
CACTGGGGTCGCACAC	shared	24226	5416	7.343350119706101	25370	5429	7.39850216791486	0.2901852581789515	0.120969649191959	66	65	0.06656461578968254	True	False	
TTGCCTGGTAGCTGCC	shared	24201	5475	3.6155530763191606	25184	5492	3.6292884371029226	0.3738484752223634	0.12964580686149937	67	68	0.05743845742774371	True	False	
TCTGCCAGTAGATGTA	shared	24164	5132	6.5593444793908295	25334	5163	6.734033314912765	0.3195705376174311	0.13014131207073498	68	67	0.06821283409481706	True	False	
ATTCGTTGTGTAGCAG	shared	24145	3790	7.55435908055498	24877	3775	7.488845117980464	0.12091490131446718	0.1025847168066889	69	71	0.04308629496761604	True	False	
GGGACAATCCGATCTC	shared	24024	5523	5.502830502830503	25036	5517	5.59993609202748	0.34194759546253395	0.1277760025563189	70	70	0.05952527406648758	True	False	
CTCCATGTCGTCGATA	shared	23890	5390	6.048555881121808	25093	5419	6.037540349898378	0.3172996453194118	0.12358028135336548	71	69	0.07087521400280165	True	False	
CCGGGTACACTCCGAG	shared	23706	5296	4.758289040749178	24776	5323	4.766709719082984	0.34396189861155957	0.12754278333871488	72	72	0.06368840782116772	True	False	
GTGCGTGAGCTTCTAG	shared	23677	5173	6.039616505469443	24638	5194	6.128744216251319	0.3619611981492004	0.11928727981167303	73	76	0.05739647733195926	True	False	
GGGACTCCACGGGCTT	shared	23674	5373	6.61907577933598	24724	5407	6.714123928166964	0.28247856333926546	0.1146254651350914	74	74	0.06260609529072593	True	False	
TGTGCGGTCACATACG	shared	23610	5414	6.5141889030072	24596	5444	6.578305415514718	0.28716051390469993	0.11758009432428038	75	77	0.059023220889788654	True	False	
TTACGTTGTTTACGAC	shared	23553	5417	12.465503332908758	24699	5469	12.59565164581562	0.33705818049313735	0.10555083201749059	76	75	0.06853895903637204	True	False	
TCCTTTCTCGCTGTCT	shared	23539	5570	3.415608139683079	24731	5612	3.424851401075573	0.3958190125753103	0.12826007844405807	77	73	0.07126459033460579	True	False	
TGAGCGCCAGCATACT	shared	23476	5173	8.178565343329357	24441	5180	8.309807291027372	0.3448713227773004	0.1245039073687656	78	81	0.05811427451799891	True	False	
TCACGGGCAACCGACC	shared	23375	5141	6.066310160427808	24586	5182	6.129504596111608	0.2898397461970227	0.11929553404376475	79	78	0.07286763097400505	True	False	
TAGTGCACAGAGGAAA	shared	23360	5294	5.299657534246576	24030	5279	5.27257594673325	0.3122763212650853	0.11926758218893051	80	87	0.040794652363826546	True	False	
ATCCACCGTTTGTTGG	shared	23355	5387	6.097195461357311	24380	5401	6.173092698933552	0.30869565217391304	0.12153404429860541	81	83	0.061964083851844765	True	False	
GTTGAACGTACCCGCA	shared	23355	5460	7.231856133590238	24483	5508	7.311195523424417	0.3420740922272597	0.11481436098517339	81	80	0.06804605701408202	True	False	
ATCTCTACAAGAAACT	shared	23332	5320	5.923195611177782	24566	5384	5.959456158918831	0.32805503541480097	0.12330049662134658	83	79	0.07434988244431323	True	False	
CTGCTCACAGCGTTTA	shared	23304	5265	6.840027463096464	24270	5243	6.88504326328801	0.3350226617222909	0.1266172229089411	84	84	0.05859403794098754	True	False	
GCAGCTGTCAAAGCCT	shared	23291	5497	2.524580309990984	24433	5552	2.5416444971964145	0.3978635452052552	0.13105226537879097	85	82	0.06905553733671303	True	False	
TGGGATTGTACGATGG	shared	23221	5378	5.1462038671891825	24250	5390	5.270103092783505	0.3070927835051546	0.11921649484536083	86	85	0.06255200866117314	True	False	
CACGGGTAGCATTTGC	shared	23123	5208	7.083855901050902	24148	5226	7.217989067417592	0.30631936392247805	0.1167384462481365	87	86	0.06257247143166719	True	False	
ATACTTCGTACGACTT	shared	23056	5192	5.451943095072866	23972	5202	5.4647088269647925	0.3318037710662439	0.12172534623727682	88	88	0.056205647485267414	True	False	
TCTTAGTGTTGCCAAT	shared	22897	5066	6.005153513560728	23815	5106	6.084400587864791	0.3240814612639093	0.12319966407726222	89	91	0.05670953343574227	True	False	
CAACGATAGCCTAGGA	shared	22821	5217	6.35379694141361	23810	5264	6.409071818563628	0.39395212095758086	0.12104157916841664	90	92	0.06120298394648307	True	False	
CAAGACTTCAATCGGT	shared	22671	5064	6.41789069736668	23695	5077	6.4612787507913065	0.263135682633467	0.11939227685165647	91	94	0.0637318823708292	True	False	
CCCTAACGTAACTGCT	shared	22669	5085	7.905068595879836	23836	5086	7.97533143144823	0.31469206242658165	0.12791575767746266	92	90	0.0724182861028227	True	False	
ATTCAGGCATAGCTGT	shared	22611	5214	8.075715359780638	23875	5236	8.188481675392671	0.3117068062827225	0.10923560209424084	93	89	0.0784725567943864	True	False	
CAGGGCTTCGACGAGA	shared	22330	4255	2.445141065830721	23700	4293	2.4683544303797467	0.17265822784810125	0.09856540084388185	94	93	0.0859000734056472	True	False	
GGGTCACGTCCTTAAG	shared	22302	5202	4.739485247959824	23262	5210	4.784627289141088	0.3365574757114608	0.13223282606826584	95	95	0.06079937735307769	True	False	
GAGTTGTAGCGTTACT	shared	22148	5171	6.731984829329962	23164	5152	6.786392678293904	0.28786047314798824	0.11785529269556208	96	97	0.06470511802016164	True	False	
ATCACAGAGACGTCCC	shared	22140	5033	5.980126467931346	22823	5043	6.064058186916707	0.29658677649739296	0.12369101345134294	97	105	0.043831269006721754	True	False	
TAGGTACGTGTCATCA	shared	22100	5164	5.751131221719457	23055	5195	5.7514638906961615	0.29091303404901325	0.12058121882454999	98	99	0.061030592166884876	True	False	
TCACTCGCAAAGCAAT	shared	22065	5128	6.082030364831181	23048	5145	6.14370010413051	0.3331742450538008	0.13137799375216938	99	100	0.06287902979030296	True	False	
CTGCCATTCGGAACTT	shared	22007	5124	5.375562321079657	22974	5147	5.458344215199791	0.3545747366588317	0.12488029946896492	100	101	0.06203681674754854	True	False	
AAGTGAATCGGAAGGT	shared	21999	5273	5.377517159870903	22897	5279	5.441760929379394	0.3105647027994934	0.12639210376905272	101	102	0.05771806950290966	True	False	
CTCATTATCGTACACA	shared	21978	5343	3.5854035854035855	23186	5359	3.5840593461571637	0.3181661347364789	0.12714569136547918	102	96	0.07719042399405651	True	False	
TCACATTCAGAACTAA	shared	21978	5059	6.2653562653562656	23124	5083	6.361356166753157	0.39543331603528803	0.1411520498183705	102	98	0.07332761755200796	True	False	
CGCATAAAGTGATGGC	shared	21888	5212	4.728618421052632	22813	5253	4.742909744443957	0.34357603121027486	0.12243019331083155	104	106	0.059713371467878494	True	False	
TCACACCGTTAAACCC	shared	21815	5127	7.517763007105203	22871	5149	7.529185431332255	0.38813344409951467	0.12037077521752437	105	103	0.0681959197158349	True	False	
GCAGTTATCTCTCTTC	shared	21778	4837	4.830562953439251	22868	4874	4.919538219345811	0.3763337414728004	0.13433619030960295	106	104	0.07045556885382322	True	False	
CCACTTGTCGCAGAGA	shared	21660	4939	7.520775623268698	22762	4991	7.547667164572533	0.304938054652491	0.13794921360161672	107	107	0.07159085919721038	True	False	
TGTACAGAGACTCGAG	shared	21503	5077	4.850485978700647	22523	5088	4.99045420237091	0.29818407849753586	0.11623673578120144	108	108	0.06685801277327032	True	False	
CACGTTCCAGCTTCCT	shared	21500	5125	4.102325581395349	22454	5167	4.195243609156497	0.35908969448650574	0.1263917342121671	109	110	0.0626329617682907	True	False	
GGAACCCAGCCATTTG	shared	21450	5020	5.533799533799534	22155	5014	5.642067253441661	0.32277138343489054	0.11550440081245768	110	121	0.04665253894673436	True	False	
TGGGTTAGTATTGAGA	shared	21360	4800	6.0767790262172285	22513	4855	6.143117309998668	0.3479767245591436	0.12606049837871453	111	109	0.07584321184803279	True	False	
CATCGTCTCCGTTGAA	shared	21335	5308	6.088586829153972	22398	5393	6.170193767300652	0.3248950799178498	0.1484507545316546	112	112	0.07014459481511419	True	False	
TGGGCTGAGCGTTAGG	shared	21327	4772	8.036760913396165	22347	4775	8.126370430035351	0.2543518145612386	0.12238779254486061	113	113	0.06739703986505541	True	False	
TCTCTGGCAAAGCAAT	shared	21319	5014	5.1644073361789955	22284	5046	5.227966253814396	0.3642523783880811	0.134446239454317	114	117	0.06386552285347859	True	False	
TGGGAGAAGTGGTGGT	shared	21306	4999	6.261147094715104	22266	4985	6.314560316177131	0.2971346447498428	0.12090182340788647	115	119	0.06357972135656659	True	False	
TAGATCGTCACAACCA	shared	21270	4948	6.544428772919605	22298	4981	6.6194277513678355	0.30007175531437796	0.12234281101444076	116	116	0.0680911544523997	True	False	
TCTCCGATCTCTCTTC	shared	21251	5039	6.032657286715919	22342	5123	6.136424671023185	0.38107600035807	0.1193268283949512	117	114	0.07222429191475725	True	False	
GACCCTTCAGCGTATT	shared	21188	5245	7.154993392486313	22280	5303	7.208258527827648	0.4008078994614004	0.13231597845601437	118	118	0.07249848180840751	True	False	
TAATTCCGTATTGACC	shared	21161	4926	6.894759226879637	22327	4951	7.02288708738299	0.36932861557755187	0.13038025708783088	119	115	0.07737804791865933	True	False	
GAGCCTGAGGCAGCTA	shared	21152	5283	4.481845688350983	22259	5295	4.577923536547015	0.33011366188957275	0.1290713868547554	120	120	0.07359130625212741	True	False	
GTAGTACCACCCTATC	shared	21034	4996	5.362746030236759	21940	5000	5.4238833181403825	0.31485870556061984	0.13240656335460346	121	123	0.06083746251880156	True	False	
CACCAAAAGGACATCG	shared	21024	5119	5.460426179604262	21975	5135	5.488054607508532	0.3438452787258248	0.1208646188850967	122	122	0.06382301504598718	True	False	
TGAGCGCCACTATGTG	shared	20961	5090	5.07132293306617	21792	5084	5.171622613803231	0.32112701908957414	0.12238436123348018	123	124	0.05608843786146834	True	False	
CTGTGGGGTCGTGATT	shared	20935	4015	5.684260807260569	22415	4043	5.674771358465313	0.1834485835378095	0.11215703769797011	124	111	0.09854303138278328	True	False	
TCAGTCCGTAAGATCA	shared	20844	5152	6.5102667434273656	21525	5135	6.652729384436702	0.2794425087108014	0.12631823461091754	125	127	0.04637888807882986	True	False	
CATGCCTGTTCCGCAG	shared	20799	4932	5.00985624308861	21505	4972	5.077888863055104	0.35503371308997905	0.12927226226458963	126	128	0.0481556878498702	True	False	
ATCGTCCAGCCTGAAG	shared	20699	5051	6.918208609111551	21409	5024	7.071792236909711	0.3069737026484189	0.12508757998972395	127	130	0.04865402799882187	True	False	
CATTGAGAGGGACCAT	shared	20666	5179	6.053421078099293	21451	5202	6.1488974872966295	0.3282830637266328	0.12269824250617686	128	129	0.053783174608594116	True	False	
AAATGGAAGCCGCTTG	shared	20647	5052	7.429650796725917	21579	5065	7.55827424811159	0.31322118726539694	0.1184484915890449	129	125	0.06369281828140953	True	False	
ATTTCACGTGGATACG	shared	20630	4915	6.800775569558895	21397	4927	6.898163293919708	0.2793849605084825	0.12123194840398187	130	131	0.052662207586443834	True	False	
AAGACAACACTTCAGA	shared	20622	5107	6.240907768402677	21558	5152	6.28536970034326	0.30874849243900176	0.12584655348362556	131	126	0.0640360463099676	True	False	
GCTACCTGTCCTACAA	shared	20427	4809	5.174523914426984	21352	4843	5.17515923566879	0.3130854252529037	0.12326714125140502	132	132	0.06389081205611205	True	False	
TGAGTCACAGAACGCA	shared	20307	5036	6.544541291180381	21110	5046	6.669824727617243	0.3070108953102795	0.11653244907626717	133	137	0.055946753669323925	True	False	
CCACGAGTCTTCCTAA	shared	20289	4916	5.978609098526295	21216	4949	6.023755656108597	0.3608597285067873	0.12985482654600303	134	134	0.06445181419791168	True	False	
AAATGGACAATGCTCA	shared	20224	5018	5.453916139240507	21171	5034	5.507533890699542	0.32544518445042747	0.12928061971564878	135	136	0.06601785643017323	True	False	
TCAGCAACAAATCAAG	shared	20221	4951	6.3201622076059545	21225	4969	6.4263839811542995	0.31491166077738514	0.11839811542991754	136	133	0.0699068336847009	True	False	
TCTATACGTTATCCAG	shared	20203	4650	7.637479582240261	21203	4666	7.664009809932557	0.32849125123803236	0.11955855303494789	137	135	0.06969549884157059	True	False	
TTGCTGCCATTGCCGG	shared	20119	4853	7.261792335603161	21108	4897	7.409512980860337	0.3146200492704188	0.1470532499526246	138	138	0.069227930139788	True	False	
AGACTCATCAGAGCGA	shared	20103	4575	5.9941302293190075	20964	4552	6.1057050181263115	0.2887807670291929	0.11514978057622591	139	141	0.06050025385309654	True	False	
TCTTAGTCAACACGAG	shared	20099	4980	5.711726951589632	20926	5007	5.701041766223836	0.31166969320462584	0.1300774156551658	140	143	0.05817000678114336	True	False	
TGAATGCTCGACGAGA	shared	20075	4787	4.2341220423412205	21070	4825	4.261983863312767	0.28400569530137637	0.12097769340294257	141	139	0.06978693284578659	True	False	
GGGCCATTCAGACCGC	shared	20037	4720	6.7425263262963515	20915	4757	6.827635668180732	0.31465455414774085	0.11833612240019126	142	145	0.0618684554904629	True	False	
TGGGCTGCATCCGATA	shared	19970	5317	7.320981472208312	20963	5347	7.370128321328054	0.35825025044125364	0.1350951676763822	143	142	0.07000743999859203	True	False	
CCTTCAGCACAGAGCA	shared	19955	4602	5.677774993735905	20921	4647	5.74064337268773	0.30835046125902205	0.12580660580278188	144	144	0.06819819548943536	True	False	
CTCCCTCAGCGCGTTC	shared	19955	5192	3.8987722375344527	20296	5154	3.9564446196294836	0.30365589278675603	0.13106030744974378	144	158	0.024443931032095162	True	False	
TTGGGATTCAGGAAGC	shared	19929	4834	6.176928094736314	20669	4845	6.2654216459432	0.2999177512216363	0.1278242779041076	146	148	0.052596678586389514	True	False	
TCATCATAGCACACAG	shared	19925	4634	6.2785445420326225	20874	4647	6.476956979975089	0.3639934847178308	0.12225735364568363	147	146	0.06712406891227457	True	False	
GATAGCTGTCGGAAAC	shared	19853	4782	7.33390419583942	20994	4819	7.344955701629037	0.262170143850624	0.1309898066114128	148	140	0.08061609068868449	True	False	
CGTTAGATCAGCCTCT	shared	19821	4842	6.503203672872206	20487	4846	6.609069165812467	0.358324791331088	0.1378923219602675	149	151	0.04767662314663259	True	False	
CTGGACGTCTCATTTG	shared	19780	4933	5.288169868554095	20469	4942	5.38375103815526	0.3486736039865162	0.12438321364013874	150	153	0.04939574104824393	True	False	
GGTAATCTCAAGTTGC	shared	19738	4982	5.664201033539365	20674	5013	5.630260230240882	0.37951049627551514	0.12344006965270388	151	147	0.06683842630865013	True	False	
GACTATGCATCATTGG	shared	19731	4757	5.803051036440119	20625	4773	5.861818181818182	0.3024	0.12223030303030304	152	149	0.0639268740682028	True	False	
AAGTTCGGTCAACACT	shared	19723	4833	5.774983521776606	20580	4859	5.8794946550048595	0.3421282798833819	0.12103984450923226	153	150	0.061360924376962264	True	False	
CAGCAATGTATCGTTG	shared	19531	4825	6.2925605447749735	20481	4853	6.405937210097163	0.3633123382647332	0.12484741955959182	154	152	0.06851691355862743	True	False	
GTAGAAATCTGAGATC	shared	19512	4953	5.324928249282493	20461	4995	5.429842138702898	0.31938810419823077	0.11886027075900493	155	154	0.06851156388679788	True	False	
CCGGACAGTGATACCT	shared	19488	4869	5.895935960591133	20278	4883	5.932537725613966	0.31497189071900583	0.12540684485649473	156	160	0.05732644540303809	True	False	
CCTGTTGGTGTGCCTG	shared	19419	4849	6.076522992945054	20074	4854	6.157218292318422	0.3030786091461592	0.10934542193882635	157	165	0.047856786985484484	True	False	
CGTGCTTCAAGCGCTC	shared	19404	4843	7.555143269428983	19999	4852	7.705385269263463	0.2890144507225361	0.12605630281514077	158	166	0.04357156687663889	True	False	
GAGACCCAGTAGGATT	shared	19367	4800	6.924149326173388	20340	4806	7.064896755162242	0.3031956735496559	0.11415929203539824	159	155	0.07071562196212888	True	False	
AGACAAAGTAGCTTGT	shared	19354	4813	6.024594399090628	20305	4815	6.180743659197242	0.2845112041369121	0.11962570795370599	160	156	0.06919976910339808	True	False	
AGGTAGGCAAAGCGTG	shared	19341	4707	4.767075125381314	20239	4722	4.807549780127476	0.2701714511586541	0.12080636395078809	161	161	0.06547231006239156	True	False	
TAGACTGTCGCCGAGT	shared	19328	4857	7.0467715231788075	20286	4864	7.088632554471064	0.2974465148378192	0.11461106181603076	162	159	0.0697885374870882	True	False	
CTCAGGGTCTCACCCA	shared	19262	4934	6.115668154916416	20166	4947	6.3026876921551125	0.36854110879698504	0.1377070316374095	163	164	0.06616408313258286	True	False	
AGCCAGCGTAGTTAGA	shared	19228	5233	5.216351154566258	20301	5268	5.300231515688882	0.34559873897837545	0.12344219496576524	164	157	0.07833812026750812	True	False	
AGTCAACGTACACGCC	shared	19227	5027	3.7551360066573047	20223	5046	3.767986945557039	0.37383177570093457	0.14078029965880434	165	162	0.07285966003920731	True	False	
GCCTGTTCACAGTCAT	shared	19179	4771	6.7730330048490535	19983	4771	6.925887003953361	0.3303307811639894	0.12370514937697043	166	167	0.059242661702464144	True	False	
TCACTCGTCGGTCATA	shared	19132	4833	6.3924315283295	19837	4833	6.482835106114836	0.3173867016181882	0.12527095831022836	167	169	0.05220348352525232	True	False	
GCTACCTCACGCACCA	shared	19112	4886	4.0550439514441186	19745	4919	4.087110660926817	0.33492023297037227	0.12474044061787794	168	172	0.04700618901814801	True	False	
GTAACACAGCTCCGAC	shared	19070	4668	8.017829050865233	20181	4694	8.146276200386502	0.3187156236063624	0.1422129725979882	169	163	0.08168865575448855	True	False	
CCTATCGAGACAGCGT	shared	19022	4767	5.961518242035538	19722	4782	6.089646080519217	0.3117837947469831	0.12088023527025657	170	173	0.052134229278938564	True	False	
ATGTCCCGTCCTACGG	shared	18927	4698	6.377133195963438	19895	4736	6.46393566222669	0.31128424227192764	0.11394822819803971	171	168	0.07195643387711818	True	False	
AAAGGATTCAGCTTGA	shared	18876	4942	4.471286289468107	19772	4946	4.562006878413919	0.28773012340683796	0.1280598826623508	172	170	0.06690227162813271	True	False	
TCATATCCATGCTGCG	shared	18709	5075	4.463092629215885	19767	5111	4.482217837810492	0.3644457934942075	0.12667577275256742	173	171	0.07935735720063802	True	False	
AACCTGACATCCTATT	shared	18662	4706	5.058407459007609	19418	4746	5.149860953754248	0.3533834586466165	0.11587187145947059	174	175	0.057287997620378665	True	False	
TGTAGACTCCATTTAC	shared	18540	4580	6.316073354908307	19316	4587	6.378132118451025	0.311089252433216	0.11658728515220543	175	178	0.05915199867843056	True	False	
TTGCATTGTGCCTTCT	shared	18536	4921	4.5209322399654726	19425	4980	4.530244530244531	0.463989703989704	0.12514800514800514	176	174	0.06758108746160499	True	False	
GTTACGAGTATGAGAT	shared	18412	4527	8.532478818162069	19406	4519	8.688034628465424	0.28898278882819745	0.127074100793569	177	176	0.07585241680187137	True	False	
TCCTCTTAGAGTGAAG	shared	18371	4540	7.522726035599586	19378	4558	7.601403653627825	0.31138404376096607	0.12106512539993808	178	177	0.07698543769226301	True	False	
TTTCCTCTCTCTTGCG	shared	18266	4686	7.390780685426475	19044	4702	7.48792270531401	0.33968704053770216	0.14135685780298257	179	181	0.06017256912496902	True	False	
CTAGACAGTCTAACTG	shared	18226	4768	5.536047404806321	19110	4783	5.604395604395604	0.36562009419152275	0.12548403976975406	180	180	0.06832614427687486	True	False	
GTAGCTATCTCATGGA	shared	18220	4824	5.4061470911086715	18998	4822	5.42688704074113	0.24192020212653964	0.12922412885566903	181	183	0.06032134632775195	True	False	
GGAATGGAGGACTAAT	shared	18154	4844	5.50291946678418	18922	4845	5.543811436423211	0.2921995560722968	0.13069442976429552	182	185	0.05977389754675795	True	False	
AGGTTACGTCTGATAC	shared	18132	4880	6.369953673064196	19152	4910	6.469298245614035	0.3480054302422724	0.12766290726817042	183	179	0.07895275373467758	True	False	
GAGCTGCGTCGGATTT	shared	18058	4573	5.122383431166242	18660	4578	5.171489817792069	0.3117363344051447	0.12534833869239015	184	189	0.04730829180411348	True	False	
TCAGTTTAGGATATAC	shared	18058	4610	7.39284527633182	18863	4626	7.501457880506813	0.30011132905688387	0.12437046069024016	184	187	0.06291761626957579	True	False	
GCATCGGGTAACGATA	shared	17966	4685	10.603361905822108	18503	4698	10.814462519591418	0.42993028157596064	0.11046857266389234	186	191	0.042487632936647556	True	False	
ATGACCAAGGCTAACG	shared	17926	4719	8.551824166015843	18835	4733	8.696575524289885	0.309370852136979	0.11712237855057074	187	188	0.07135854764445528	True	False	
CAACGATAGACGGAAA	shared	17875	4502	8.46993006993007	18896	4537	8.567950889077053	0.2182472480948349	0.13103302286198137	188	186	0.08013326721148376	True	False	
CACTGGGAGGCGACAT	shared	17745	4667	7.810650887573964	18498	4657	7.963023029516704	0.28365228673370096	0.12525678451724512	189	192	0.05995341151432722	True	False	
AGCATCAGTCGGTGTC	shared	17722	4712	8.768761990745965	18654	4715	8.850648654444088	0.2715771416318216	0.12399485365069154	190	190	0.0739395283390123	True	False	
GGACGTCGTTCAACGT	shared	17697	4512	8.317793976380177	18387	4534	8.440746179365856	0.2764453146244629	0.12095502257029422	191	196	0.05517823655854203	True	False	
TGAGGAGTCCATCGTC	shared	17693	4593	8.206635392528119	18983	4611	8.217879155033451	0.32176157614707895	0.11652531212137175	192	184	0.10152377741105507	True	False	
CAGCCAGGTGGGTTGA	shared	17658	4651	7.900101936799184	18415	4654	8.107521042628292	0.32033668205267446	0.1206625033939723	193	195	0.06055609072034533	True	False	
TTGTTCACAGTCGCTG	shared	17655	4678	5.613140753327669	19019	4686	5.809979494190021	0.3345601766654398	0.12429675587570324	194	182	0.10735871146831179	True	False	
AGTACCAGTGGGTCAA	shared	17626	4602	7.630772722115057	18458	4609	7.693141185393867	0.3174775165240004	0.1162097735399285	195	193	0.06653744007353415	True	False	
AGGAAATTCACCATGA	shared	17567	4411	8.163032959526385	18444	4413	8.306224246367382	0.2638798525265669	0.12838863587074387	196	194	0.07027982957698249	True	False	
TTGCCTGAGAGTGACC	shared	17511	4569	5.328079492890184	18274	4572	5.439422129801905	0.2863084163292109	0.112017073437671	197	198	0.061527546546215936	True	False	
CACGTTCTCTATCACT	shared	17447	4365	5.622743165014042	18377	4396	5.642923219241443	0.311802796974479	0.13326440659520053	198	197	0.0749180976793633	True	False	
CACAGATCACTCCGAG	shared	17430	4795	7.831325301204819	18014	4788	8.077051182413678	0.35694459864549793	0.12179416009770179	199	205	0.04754331387557029	True	False	
CATTCTATCAGTAGGG	shared	17391	4626	6.716117532056811	18132	4626	6.822192808294727	0.3207588793293625	0.12293183322303111	200	202	0.06019378490341659	True	False	
GGTGTCGCAACGATCT	shared	17339	4426	6.032643174346848	18035	4439	6.099251455503188	0.2780704186304408	0.12509010257831993	201	204	0.056775516528323355	True	False	
ATGGTTGTCACGGAGA	shared	17328	4470	7.606186518928901	18226	4490	7.741687698891694	0.30429057390540987	0.11774388236585098	202	200	0.07288872262868382	True	False	
CCACGTTTCTGCTGAA	shared	17305	4243	8.991620918809593	18174	4252	9.034885000550236	0.3314625288874216	0.13167161879608233	203	201	0.07068305636828448	True	False	
TTACCGCGTCCGAAAG	shared	17302	4223	8.409432435556583	18077	4242	8.469325662443989	0.2827349670852464	0.1441610886762184	204	203	0.06321288426263547	True	False	
TCGGGCATCTGAACGT	shared	17289	4655	6.507027589796981	17987	4683	6.5602935453383	0.33852226608105856	0.11980875076444099	205	206	0.05709692013937176	True	False	
TGAATGCTCGCCGTGA	shared	17278	4519	7.286723000347262	17895	4533	7.3093042749371335	0.29125454037440623	0.12523051131601007	206	211	0.05061743572050702	True	False	
GACTCAATCTCCCAAC	shared	17215	4217	6.5117629973860005	17949	4218	6.568611064683269	0.3116608167585938	0.12112095381358293	207	210	0.060233861041151936	True	False	
TTCCTCTGTACCTGTA	shared	17214	4455	4.897176716626002	17880	4467	5.072706935123042	0.31096196868008946	0.13842281879194632	208	212	0.054761240999228376	True	False	
GTCATGAAGTTTGGCT	shared	17197	4529	5.169506309239984	17815	4510	5.315745158574235	0.32685938815604826	0.11815885489755824	209	213	0.05093266330224724	True	False	
AACAAGAGTTATAGAG	shared	17191	4482	8.137979175149788	18246	4531	8.259344513866052	0.299353282911323	0.122547407650992	210	199	0.08592190127077674	True	False	
GAGACTTCAGGCTATT	shared	17067	4610	6.064334680963262	17805	4608	6.11625947767481	0.30570064588598705	0.1264813254703735	211	214	0.061069445296640074	True	False	
TCACAAGGTGGATACG	shared	17038	4566	7.142857142857143	17961	4594	7.109849117532431	0.31601803908468346	0.13245364957407715	212	209	0.07610732972042075	True	False	
AGCCACGGTTCCGCGA	shared	17028	4382	6.330749354005168	17707	4367	6.376009487773197	0.2848026204325973	0.12881911108601118	213	217	0.05640756093654141	True	False	
GCCAACGTCTGCATAG	shared	17018	4571	5.564696204019274	17733	4566	5.588450910731405	0.3120735352168274	0.13483336152935205	214	216	0.05937171079889631	True	False	
TTCCACGGTCAACACT	shared	17013	4065	7.265032622112503	17986	4125	7.305682197264539	0.307628155231847	0.13738463249193816	215	207	0.08023222448544834	True	False	
CCTCTAGCAGACCTAT	shared	16987	4652	4.668275740271973	17547	4654	4.684561463498034	0.3700347637772839	0.1274861799737847	216	219	0.04679059767182875	True	False	
CCTCATGTCTCTCAAT	shared	16908	4278	7.570380884788266	17526	4266	7.65148921602191	0.32129407737076343	0.11919433983795504	217	220	0.05178773793142821	True	False	
GATGGAGAGCCAGACA	shared	16894	4205	11.29395051497573	17962	4263	11.268232936198642	0.29066919051330586	0.1188063690012248	218	208	0.0884319641478283	True	False	
ACAAAGAAGCCTCAAT	shared	16857	4618	7.136501156789464	17571	4624	7.279039326162427	0.34084571168402483	0.12002731773945706	219	218	0.059845016616431775	True	False	
CGGGTGTTCCGTGACG	shared	16787	4318	6.838625126586049	17441	4328	6.909007511037212	0.25967547732354795	0.11983257840720142	220	222	0.05513510897148381	True	False	
ACTATGGAGAAATCCA	shared	16698	4672	6.443885495268894	17468	4674	6.6578887107854365	0.3687886420883902	0.12439890084726357	221	221	0.06503531341840141	True	False	
AATGGAATCTGATGGT	shared	16632	4580	7.587782587782588	17428	4596	7.70025246729401	0.3421505623135185	0.12284829010787239	222	223	0.06744139346189526	True	False	
CACAGATGTTCCGTTC	shared	16632	4557	2.441077441077441	17399	4551	2.4484165756652683	0.3734122650727053	0.14052531754698547	222	224	0.0650389032465908	True	False	
CTGCGAGAGTGCACTT	shared	16605	4399	7.841011743450768	17274	4380	7.930994558295705	0.26913280074099805	0.11230751418316545	224	226	0.05698110721879948	True	False	
GTAATGCCACCAGTAT	shared	16588	4410	6.462503014227152	17368	4398	6.437125748502994	0.3274988484569323	0.12292722247812068	225	225	0.06628777300171665	True	False	
CATAAGCTCCGTGTGG	shared	16473	4559	5.530261640259819	17126	4560	5.652224687609483	0.32068200397057106	0.1261824127058274	226	230	0.05608157433428816	True	False	
CAGGCCAGTTCAATCG	shared	16382	4245	5.786839213771212	17225	4297	5.834542815674891	0.26246734397677796	0.14595065312046443	227	228	0.07238817373291805	True	False	
GGGATGAAGTCCCGAC	shared	16361	4233	4.956909724344477	17254	4260	4.897415092152545	0.22423785788802597	0.1464008345890808	228	227	0.07666536768645865	True	False	
TTCGCTGAGGGTTAGC	shared	16349	4711	7.437763777601076	17206	4731	7.485760781122864	0.2498547018481925	0.11821457631058933	229	229	0.07370495309017543	True	False	
GAAGGACGTCTGCCTT	shared	16298	4376	9.03178304086391	17022	4374	9.158735753730467	0.2939137586652567	0.11655504641052755	230	232	0.06270185584514405	True	False	
TGGGTTATCAGTAGGG	shared	16241	4076	8.23225170863863	17036	4073	8.317680206621272	0.25352195351021367	0.1247945527119042	231	231	0.0689420242098975	True	False	
AGTCAACAGTCATGCT	shared	16220	4558	5.3575832305795315	16980	4591	5.400471142520613	0.2882803297997644	0.12809187279151943	232	234	0.06605865850770302	True	False	
TGACCCTTCTCATTGT	shared	16204	4608	5.751666255245619	16826	4592	5.859978604540592	0.3762034945917033	0.12338048258647331	233	239	0.054338968197738244	True	False	
ATTCCTACATGAGATA	shared	16173	4493	6.449019971557534	16835	4503	6.581526581526582	0.4065340065340065	0.11286011286011285	234	238	0.05787289822384916	True	False	
ATCGTCCTCGGAGCAA	shared	16154	4556	8.07230407329454	16854	4565	8.217633796131482	0.3270440251572327	0.14020410585024326	235	237	0.06119587671884658	True	False	
AATGGAACACTCATAG	shared	16119	4453	5.446988026552516	16941	4484	5.607697302402456	0.35800720146390413	0.12372351100879524	236	235	0.07175245074314462	True	False	
TCTATCAGTATGCTAC	shared	16105	4495	4.793542378143433	16757	4507	4.881542042131646	0.3168228203138987	0.11851763442143581	237	240	0.05725174094437446	True	False	
GGAATCTTCAATCTCT	shared	16086	4183	5.023001367648887	16991	4202	5.032075804837856	0.317462185863104	0.14307574598316755	238	233	0.0789603625122502	True	False	
AGCCAATAGTCCCTAA	shared	15975	4240	6.284820031298905	16860	4256	6.352313167259786	0.28297746144721236	0.14205219454329773	239	236	0.07778386494881907	True	False	
GAAGAATAGGTACAAT	shared	15898	4482	6.340420178638823	16622	4492	6.449284081337986	0.31771146673083867	0.12447358921910721	240	241	0.06424474575627168	True	False	
GCTTTCGAGTGCAAAT	shared	15883	4392	7.083044764842914	16588	4412	7.161803713527852	0.288280684832409	0.12044851700024113	241	242	0.06265265597134913	True	False	
TGCAGTATCCACATAG	shared	15868	4432	4.9659692462818255	16382	4403	5.04211939934074	0.3393968990355268	0.12934928580148944	242	247	0.045988344397029965	True	False	
AAAGGTACAACTGCTA	shared	15855	4562	6.937874487543362	16452	4551	7.0568927789934355	0.2924872355944566	0.12217359591539023	243	245	0.05332179781359513	True	False	
AGGTGTTCATTAAGCC	shared	15823	4547	5.56152436326866	16515	4560	5.691795337571905	0.3231607629427793	0.12400847714199213	244	244	0.06174999241706624	True	False	
GGTGATTCAGCTCGGT	shared	15774	4355	5.490046912641055	16310	4355	5.530349478847333	0.28663396689147763	0.12624156958920907	245	248	0.04820522876198419	True	False	
TCCCACACAGACCAAG	shared	15743	4250	5.786698850282665	16518	4255	5.87238164426686	0.31953020946845867	0.13191669693667515	246	243	0.06932422811600891	True	False	
TCGTAGACAATGAAAC	shared	15648	4273	7.585633946830266	16230	4273	7.609365372766482	0.2744916820702403	0.12587800369685767	247	252	0.05268141855875377	True	False	
GTGTCCTCAGTTGTTG	shared	15553	4270	5.355879894554105	16407	4310	5.454988724324983	0.31236667276162616	0.13701468885231913	248	246	0.07711375303315589	True	False	
TAGAGTCGTTGTGTAC	shared	15527	4268	6.272943904166935	17745	4260	6.407438715131023	0.27511975204282896	0.12690898844745	249	215	0.19262185043958377	True	False	
GCGAGAAAGTTGTAGA	shared	15523	4207	7.266636603749276	16303	4234	7.329939274980065	0.29681653683371156	0.13224559896951482	250	250	0.07072561838036576	True	False	
CAACGATTCAAGCCCG	shared	15499	4297	6.645590038066972	16305	4303	6.6176019625881635	0.3011346212818154	0.12204845139527752	251	249	0.07313470463021537	True	False	
TTGGGATTCTCTCTAA	shared	15475	4209	5.718901453957997	16197	4223	5.778847934802741	0.35512749274557015	0.12496141260727295	252	253	0.06578305772187767	True	False	
GCTGAATTCGTTAGTG	shared	15461	4270	6.7718776275790695	16285	4311	6.791525944120356	0.28394227817009515	0.13233036536690207	253	251	0.07490536440574376	True	False	
GTGGAAGAGCCAAGTG	shared	15409	4554	8.877928483353884	15917	4589	8.921279135515487	0.33222340893384433	0.13224853929760633	254	260	0.046792219547704364	True	False	
CGGACACAGGACAGCT	shared	15379	4193	6.736458807464724	16056	4218	6.73891380169407	0.3012580966616841	0.11634280019930245	255	255	0.06214686966662818	True	False	
TTTATGCGTAACATAG	shared	15355	4057	5.97199609247802	16102	4098	5.993044342317725	0.2887840019873308	0.13402061855670103	256	254	0.06852702316257905	True	False	
ATTTCACAGTGCAAAT	shared	15347	4272	7.708346908190526	15989	4285	7.836637688410782	0.35011570454687596	0.11920695478141222	257	257	0.059119268764901305	True	False	
AGAAGCGTCTGCGTCT	shared	15278	3923	4.575206178819217	15876	3932	4.654824892920131	0.24275636180398086	0.1421012849584278	258	261	0.055388214222819025	True	False	
TGTACAGAGTGAGTTA	shared	15158	4316	7.718696397941681	15931	4333	7.771012491369029	0.2802083987194777	0.12346996422070178	259	259	0.07175279902507711	True	False	
CTGGACGCAACGATTC	shared	15146	4105	6.483560015845768	15991	4142	6.428616096554312	0.2845350509661685	0.12469514101682196	260	256	0.07831829397236628	True	False	
GGGACCTGTTCTTGTT	shared	15073	3958	5.652491209447356	15951	4007	5.773932668798195	0.3389129208200113	0.13303241176101813	261	258	0.08167501706126944	True	False	
TATACCTTCTGTCCGT	shared	15021	4055	5.925038279741695	15698	4087	5.911581093132884	0.3817683781373423	0.13619569371894508	262	262	0.06359576152174518	True	False	
TTTGGTTGTAGAATAC	shared	14966	4243	7.710811171989843	15548	4230	7.833804990995627	0.3105222536660664	0.13011319783895034	263	267	0.055036724376274014	True	False	
AACGTCAAGACGCCCT	shared	14910	4252	6.7002012072434605	15613	4253	6.834048549285852	0.2939217318900916	0.1249599692563889	264	265	0.0664631601792176	True	False	
CACGAATCACATAGCT	shared	14834	4131	4.833490629634623	15647	4181	4.8891161244967085	0.3291365757014124	0.13925992202978207	265	264	0.07697334858460451	True	False	
TCAGTCCGTCTCTCAC	shared	14828	4160	4.848934448340977	15656	4189	4.8863055697496165	0.3160449667858968	0.14824987225344916	266	263	0.07838649548074587	True	False	
CCTCATGGTTTCGCTC	shared	14825	3890	4.903878583473862	15563	3929	4.947632204587804	0.34305725117265307	0.14277452933239093	267	266	0.07008346892291493	True	False	
CTCAATTTCGGAAGGT	shared	14810	4101	5.523295070898042	15405	4085	5.5826030509574815	0.25556637455371634	0.11781888997078871	268	272	0.05682327951492301	True	False	
ATCGTCCGTATGAGGC	shared	14789	4172	6.1667455541280685	15430	4154	6.247569669475048	0.24536616979909268	0.1237848347375243	269	271	0.0612095057965689	True	False	
TTGCCTGAGTGGAAAG	shared	14730	4317	5.960624575695859	15487	4318	6.011493510686382	0.28107444953832245	0.12720346096726287	270	268	0.07229548803897383	True	False	
GCTGCAGGTTGACGGA	shared	14700	4016	6.374149659863946	15359	4043	6.393645419623674	0.2912950061852985	0.12572433101113353	271	275	0.06326392181567053	True	False	
CTACCTGTCTCGAACA	shared	14638	4032	6.6470829348271625	15294	4031	6.819667843598797	0.39577612135477963	0.11887014515496273	272	276	0.06324310138314262	True	False	
TACAGGTTCCTTACCG	shared	14625	3990	7.17948717948718	15445	4021	7.309808999676271	0.31220459695694397	0.12638394302363223	273	270	0.07869800935242365	True	False	
TAGTGCACACTCGATA	shared	14589	4156	5.401329769004044	15133	4153	5.511134606489129	0.3323861759069583	0.12416573052269873	274	280	0.052813466987001206	True	False	
ATGGATCGTAGATTGA	shared	14575	4242	6.463121783876501	15450	4249	6.498381877022654	0.31805825242718444	0.12407766990291262	275	269	0.08410534917502552	True	False	
TACATTCGTGGCTTAT	shared	14568	3860	7.063426688632619	15360	3887	7.141927083333333	0.29375	0.12936197916666667	276	274	0.07637028264673391	True	False	
TCCTCCCAGTCTAACC	shared	14560	3948	6.167582417582418	15211	3960	6.304647952139899	0.385050292551443	0.1221484452041286	277	277	0.06310040574919891	True	False	
AGGGTTTCAGCGTGCT	shared	14528	4315	5.740638766519824	15094	4324	5.803630581688088	0.29104279846296544	0.12905790380283558	278	281	0.055135348078206886	True	False	
TGAGTCAGTCACTCTC	shared	14516	4093	5.6971617525489116	15086	4106	5.740421582924566	0.2890096778470105	0.1254805780193557	279	282	0.05556261420198546	True	False	
CTCAACCGTGGATGAC	shared	14505	4157	5.384350224060669	15361	4165	5.481413970444632	0.3186641494694356	0.1263589610051429	280	273	0.08271630072700137	True	False	
TCCCAGTTCGACATAC	shared	14502	4204	6.688732588608468	15151	4224	6.778430466635865	0.3800409213913273	0.12045409543924493	281	279	0.06315687792345191	True	False	
ATCACAGCATGACGTT	shared	14388	4284	6.7347789824854045	14930	4296	6.925653047555258	0.3351640991292699	0.12230408573342264	282	284	0.053344461032614	True	False	
AGGACGATCACTGATG	shared	14336	3866	5.580357142857143	15165	3893	5.565446752390373	0.2667985492911309	0.13920211012199143	283	278	0.08109745461159176	True	False	
AGACTCATCAACGCTA	shared	14324	4063	7.0860094945545935	15077	4090	7.143330901372952	0.3557073688399549	0.13756052265039465	284	283	0.0739099380701822	True	False	
TTATTGCGTGTCTTCC	shared	14252	4048	10.714285714285714	14895	4068	10.822423632091306	0.36065793890567305	0.11171534071836187	285	286	0.06365936542679358	True	False	
GGGTCACTCACAAGGG	shared	14196	4009	6.170752324598478	14834	4023	6.262639881353647	0.29830119994606985	0.12700552784144534	286	288	0.06341882401633236	True	False	
ATACTTCTCAGCTGAT	shared	14183	3832	5.725163928646972	14847	3833	5.778945241462922	0.28719606654543006	0.1431939112278575	287	287	0.0660041742288834	True	False	
GGTCACGCAATGGCCC	shared	14180	3841	4.894217207334274	14898	3874	4.920123506510941	0.2797019734192509	0.1496173983084978	288	285	0.07125623173723884	True	False	
CCATAAGGTGAGGAAA	shared	14042	4089	4.913829938755163	14576	4094	4.898463227222832	0.2686608122941822	0.13920142700329308	289	294	0.05384266740533157	True	False	
ACTGTGACAACTCGAT	shared	13958	3758	9.74351626307494	14721	3812	9.809116228517084	0.2875484002445486	0.1302900618164527	290	289	0.07677808349866126	True	False	
TTTATGCGTTGATCGT	shared	13926	3774	8.861123079132557	14695	3805	8.85335148009527	0.27444709084722696	0.13446750595440626	291	290	0.07753900953395208	True	False	
ATTTCTGTCGGCCAAC	shared	13909	3826	6.3124595585592065	14557	3861	6.340592154976987	0.27024799065741567	0.14700831215222918	292	296	0.06568974964874272	True	False	
AATCGACGTGAGACGT	shared	13881	4055	10.006483682731792	14609	4088	10.123896228352386	0.34334998973235675	0.12403313026216715	293	291	0.07374074407101446	True	False	
GTCCTCAAGTCACGAG	shared	13838	4093	7.255383725971961	14599	4098	7.288170422631687	0.40050688403315293	0.12233714637988903	294	292	0.07722867086792982	True	False	
CGATGGCCACTCGATA	shared	13827	3902	5.467563462790193	14567	3964	5.62916180407771	0.2601771126518844	0.1451911855563946	295	295	0.07521031871443969	True	False	
ACTTTCAGTACGCGTC	shared	13784	3627	5.448345908299478	14372	3649	5.510715279710548	0.2506957973838018	0.1412468689117729	296	300	0.06026195195599194	True	False	
CACTGTCCACATATGC	shared	13729	3926	5.5939981061985575	14437	3944	5.679850384428898	0.37507792477661567	0.13486181339613493	297	297	0.07253928364315286	True	False	
ACAACCATCTGCCCTA	shared	13726	3671	5.959492933119627	14396	3680	5.973881633787163	0.2985551542095026	0.14580439010836344	298	299	0.06875185618759702	True	False	
ATGAAAGTCCTTATGT	shared	13722	4007	5.9976679784288	14579	4053	6.077234378215241	0.3146306331024076	0.13087317374305507	299	293	0.08739481453863752	True	False	
CTCCTTTTCTACACTT	shared	13659	3681	6.479244454206018	14400	3711	6.513888888888889	0.3614583333333333	0.13493055555555555	300	298	0.07621151171664194	True	False	
TTGGGTAGTGCTAGCC	shared	13631	4022	6.756657618663341	14181	4028	6.783724702066145	0.29074113250123407	0.12255835272547776	301	305	0.05706376063290415	True	False	
TGAACGTGTAACTAAG	shared	13626	3669	5.856450902686041	14361	3686	5.953624399415083	0.2382842420444259	0.15312304157092124	302	301	0.0757886815293752	True	False	
CAGGCCATCCACTAGA	shared	13596	4058	5.48690791409238	14062	4067	5.58242070829185	0.36225288010240364	0.12594225572464798	303	315	0.048616016424303125	True	False	
GGAGGTAAGGCGTTGA	shared	13558	3831	7.545360672665585	14149	3845	7.668386458406955	0.2834829316559474	0.11873630645275285	304	308	0.06155127194574919	True	False	
TCAAGCATCCACTTTA	shared	13537	3801	5.850631602275246	14223	3795	5.905927019616115	0.3234198129789777	0.1442030513956268	305	302	0.07131260729532475	True	False	
CTCCTCCTCACCTCTG	shared	13532	3696	5.372450487732782	14108	3743	5.514601644457046	0.35540119081372273	0.13885738588035157	306	310	0.0601340461386286	True	False	
ACCCTTGGTATCGTAC	shared	13513	4383	5.00259009842374	14212	4407	5.080213903743315	0.45123839009287925	0.14325921756262314	307	303	0.07275634243531415	True	False	
CTCAGGGGTCATCGCG	shared	13498	3778	9.757001037190696	14087	3782	9.91694470078796	0.34173351316816925	0.1178391424717825	308	312	0.06161427726318434	True	False	
TCTGGCTCATCCTGTC	shared	13489	4127	5.419230484098154	14171	4144	5.532425375767413	0.3637710817867476	0.13943970079740314	309	307	0.07115302228268339	True	False	
TACCTGCAGTCTGCAT	shared	13448	3943	4.915229030339084	14173	4005	4.953079799618994	0.3209623932830029	0.1375855499894165	310	306	0.07574804892697876	True	False	
TTCCTTCGTGACACGA	shared	13427	4079	6.59119684218366	13959	4051	6.590729994985314	0.2974425102084677	0.11985099219141772	311	320	0.05605449939946434	True	False	
TCGTGCTGTGATCATC	shared	13425	4315	3.642458100558659	13456	4256	3.7455410225921524	0.38986325802615934	0.13964030915576695	312	349	0.003327274938897628	True	False	
TCACATTCATGCCATA	shared	13383	3759	6.463423746544123	14124	3815	6.634097989238176	0.32504956103086946	0.13862928348909656	313	309	0.07774151703892201	True	False	
CTGTGAAAGGAACGCT	shared	13382	4119	5.933343296966074	13835	4119	6.042645464401879	0.32562341886519697	0.12490061438380919	314	326	0.048025364878197085	True	False	
CTGGACGCACACGGTC	shared	13360	3936	8.547904191616766	14103	3947	8.572644118272708	0.2889456144082819	0.12103807700489258	315	311	0.07807638984420819	True	False	
AGTAGTCGTATGACAA	shared	13357	3795	3.8706296324024856	14027	3793	3.8996221572681256	0.30854780067013615	0.14828544949026876	316	317	0.07060531637011407	True	False	
CAGATTGGTGACTAAA	shared	13356	3702	9.598682240191675	14185	3730	9.643990130419457	0.3046880507578428	0.11780049347902714	317	304	0.0868718397386877	True	False	
GCTGCAGAGGGCAGAG	shared	13345	4066	6.099662795054328	14066	4075	6.057159107066686	0.352907720745059	0.12071662164083606	318	314	0.07590727592895956	True	False	
CAATGACTCAAGCCCG	shared	13336	3715	6.44121175764847	14052	3743	6.554227156276687	0.2648021633931113	0.1253202391118702	319	316	0.0754439604531119	True	False	
CCGATCTGTGGAGGTT	shared	13314	3949	8.667567973561665	13908	3957	8.829450675870003	0.2929249352890423	0.11626402070750647	320	324	0.06296627120929757	True	False	
TCAGGGCTCATGCGGC	shared	13306	3600	5.448669773034721	14070	3606	5.394456289978678	0.25259417199715706	0.15031982942430705	321	313	0.08053950273506932	True	False	
CCACGTTTCATCAGTG	shared	13286	3885	10.070751166641578	14025	3890	10.310160427807487	0.33975044563279855	0.12919786096256686	322	318	0.07808823006655358	True	False	
GGTCTGGTCTCCCAAC	shared	13256	3873	9.226010863005431	13973	3877	9.310813712159165	0.25134187361339727	0.14277535246546913	323	319	0.07599070845386074	True	False	
AGTAGCTGTTAGAAAC	shared	13246	3891	7.458855503548241	13959	3906	7.593667168135253	0.3186474675836378	0.1260118919693388	324	320	0.07563326679010868	True	False	
TGACTCCCACCATAAC	shared	13226	3748	7.817934371692122	13715	3741	8.005833029529713	0.34509660955158583	0.12030623405030988	325	333	0.052373926598730663	True	False	
CTGCCATTCAGTGTTG	shared	13214	3888	5.327682760708339	13942	3911	5.3650839190933866	0.2756419452015493	0.14495768182470234	326	322	0.07736458238683372	True	False	
CATCAAGGTATGGTTC	shared	13200	3715	6.787878787878788	13880	3738	6.894812680115273	0.37139769452449567	0.12838616714697407	327	325	0.07246428421417461	True	False	
GGGTTTACACAGAGCA	shared	13200	3855	6.666666666666667	13749	3864	6.771401556476834	0.2753654811259001	0.12095425121827041	327	331	0.058784398114469276	True	False	
GACTATGTCCAAGGGA	shared	13190	3745	5.322213798332069	13910	3744	5.434938892882818	0.28777857656362327	0.13587347232207045	329	323	0.07667219416187834	True	False	
TTACGTTTCTCGCTTG	shared	13162	3747	5.941346299954414	13803	3795	5.998695935666159	0.3348547417228139	0.13808592334999636	330	327	0.06859804544552148	True	False	
ACACGCGGTGTTGCCG	shared	13152	4057	8.363746958637469	13796	4085	8.495216004639026	0.3306755581327921	0.12547115105827777	331	328	0.06896270962343026	True	False	
TTTCCTCTCCTACACC	shared	13148	4049	3.932156982050502	13728	4085	4.0428321678321675	0.3967074592074592	0.1357808857808858	332	332	0.062273460848266377	True	False	
AGAGAATCACCCAACG	shared	13047	3633	7.296696558595846	13753	3636	7.336581109576093	0.30902348578491967	0.14622264233258198	333	330	0.0760225635432335	True	False	
GAGGGTACAGTTTCAG	shared	13045	3706	6.178612495208892	13783	3725	6.196038598273235	0.3037800188638177	0.1357469346296162	334	329	0.07938707304164715	True	False	
ATTCGTTCAGTCTTCC	shared	13025	3904	4.330134357005758	13692	3943	4.477066900379784	0.3273444347063979	0.15782938942448144	335	334	0.07204442956190904	True	False	
CCATCACTCTAACACG	shared	12972	3731	6.275053962380512	13530	3745	6.274944567627495	0.32025129342202513	0.1229859571322986	336	342	0.06075632401564627	True	False	
AAACCCAAGGAGAGTA	shared	12958	3918	7.099861089674333	13536	3920	7.225177304964539	0.320774231678487	0.1219710401891253	337	341	0.0629536568483493	True	False	
GTAGATCCATCCCGTT	shared	12951	3369	8.44722415257509	13650	3385	8.388278388278389	0.21494505494505495	0.1336996336996337	338	336	0.07583174846508789	True	False	
TCCCAGTAGACCGTTT	shared	12934	3879	6.548631513839493	13492	3893	6.611325229765787	0.30040023717758674	0.12844648680699675	339	344	0.06093109514856528	True	False	
CACAGGCCAACGATCT	shared	12927	3766	8.03744101492999	13548	3780	8.229997047534692	0.38359905521110127	0.11485090050191911	340	340	0.06768727248901642	True	False	
AAGCGTTTCGCTATTT	shared	12925	3530	6.235976789168278	13677	3582	6.324486363968707	0.3415953791036046	0.127805805366674	341	335	0.08158139774805043	True	False	
ATTTCTGGTATCCTCC	shared	12925	3785	4.2011605415860735	13555	3820	4.256731833271855	0.4120988565105127	0.1234230911102914	341	339	0.06865564520605529	True	False	
ACCTGAACATGAGAAT	shared	12911	3791	5.615366741538224	13589	3794	5.739936713518287	0.31621164176907796	0.15372727941717565	343	337	0.0738329723769732	True	False	
TGAGCATTCTGTCTCG	shared	12903	3815	9.028908005890104	13510	3827	9.059955588452997	0.3025166543301258	0.12605477424130274	344	343	0.06631611430314263	True	False	
ACCACAAAGGCCTTGC	shared	12889	3842	5.888742338428117	13340	3837	5.967016491754123	0.3183658170914543	0.12886056971514243	345	357	0.049614546823651094	True	False	
TACGTCCCAAGTGATA	shared	12881	3836	6.730843878580855	13459	3864	6.887584515937291	0.2934839141095178	0.12066275354781188	346	348	0.06332181291774999	True	False	
GACCTTCCACCTGCGA	shared	12873	3800	6.338848753204381	13472	3820	6.4058788598574825	0.31153503562945367	0.12217933491686461	347	347	0.06561075399101847	True	False	
ACTATCTGTGTGTACT	shared	12867	4034	6.862516515116189	13571	4047	6.9707464446245675	0.31206248618377425	0.14133077886670106	348	338	0.07684549405823816	True	False	
ATTACTCGTTGCAACT	shared	12841	3588	6.6194221633829144	13491	3603	6.737825216811207	0.2828552368245497	0.1357201097027648	349	345	0.07123431965439118	True	False	
CGTGCTTAGCTTTGTG	shared	12830	3813	5.798908807482463	13158	3798	6.003951968384253	0.3316613467092263	0.12387900896792825	350	367	0.0364162445769904	True	False	
TCTTAGTAGGCCTGCT	shared	12828	3656	5.059245400686	13428	3673	5.093833780160858	0.34591897527554366	0.14626154304438488	351	350	0.06594315841393243	True	False	
GATCATGAGGCCTAAG	shared	12827	3669	7.000857566071568	13399	3667	7.082618105828793	0.2990521680722442	0.1358310321665796	352	351	0.06293674179085028	True	False	
AAGGTAAAGGCCACCT	shared	12776	3826	3.5300563556668756	13396	3838	3.5980889817856077	0.34077336518363693	0.15138847417139445	353	352	0.06836083737278482	True	False	
CTGGACGGTTCCCAAA	shared	12752	3891	9.872961104140527	13384	3915	10.071727435744172	0.3053646144650329	0.14001793185893605	354	354	0.0697804741678093	True	False	
CAAAGAAGTTCTCCCA	shared	12746	3847	4.3935352267378	13184	3844	4.391686893203883	0.30506674757281554	0.13212985436893204	355	366	0.048739821717480286	True	False	
TCGATTTGTACGCTTA	shared	12739	3874	6.66457335740639	13387	3893	6.655710764174199	0.3295734667961455	0.14782998431313962	356	353	0.07157517854286688	True	False	
TGCATGAAGCACCCAC	shared	12730	3635	5.137470542026708	13491	3655	5.158994885479208	0.30346156697057297	0.14402194055296122	357	345	0.08375847835519623	True	False	
GCTGAATAGCACTCTA	shared	12712	3517	5.601006922592826	13378	3508	5.6361190013454925	0.25272835999402005	0.1441919569442368	358	356	0.07366577107368164	True	False	
CCGATGGTCTGTCGCT	shared	12707	3708	8.318249783583852	13380	3721	8.325859491778774	0.29932735426008966	0.13101644245142002	359	355	0.07444894152767775	True	False	
CTCAAGAAGATTACCC	shared	12663	3753	6.459764668719893	13203	3774	6.506097099144134	0.3568128455654018	0.1455729758388245	360	363	0.0602418830853548	True	False	
GTGAGCCTCTGGAAGG	shared	12649	3840	8.06387856747569	13199	3841	8.197590726570194	0.295931509962876	0.12129706795969392	361	365	0.06140054466414327	True	False	
ATTCGTTGTAACACCT	shared	12644	3274	5.963302752293578	13303	3307	6.103886341426746	0.2221303465383748	0.1435766368488311	362	358	0.07329303673666812	True	False	
TACACCCTCGACTCCT	shared	12641	3641	5.577090420061704	13287	3676	5.60698427033943	0.37231880785730415	0.1451794987581847	363	359	0.07189925842391373	True	False	
GGGAGTAAGCAGGCAT	shared	12588	3757	5.830950111217032	13148	3754	5.825981137815638	0.2810313355643444	0.1199421965317919	364	370	0.06278939674183033	True	False	
GTGCTGGTCAAACCTG	shared	12571	3516	4.741070718319943	13215	3551	4.790011350737798	0.3035187287173666	0.1343927355278093	365	362	0.07207141462069429	True	False	
CATGCCTCAATTGCTG	shared	12566	3663	5.339805825242719	13145	3675	5.401293267402054	0.4072270825408901	0.1192848992012172	366	371	0.064983600123699	True	False	
TAGACTGGTCTTGAAC	shared	12565	3869	7.321925984878631	13058	3873	7.236942870271098	0.28840557512635934	0.11916066778986062	367	376	0.055518940762951996	True	False	
TGTCAGACACTCACTC	shared	12550	3743	5.8326693227091635	13248	3755	5.985809178743962	0.3165006038647343	0.13828502415458938	368	361	0.07808115754572603	True	False	
CCTCCAACACAATGAA	shared	12548	3862	7.132610774625438	13203	3902	7.14231614027115	0.42641823827917896	0.11156555328334469	369	363	0.07340263985734473	True	False	
GCCAGGTGTTAGAAAC	shared	12545	3491	5.555998405739339	13272	3527	5.537974683544304	0.2588908981314045	0.14037070524412296	370	360	0.08126702170815828	True	False	
TGTCCCAGTCGGTGTC	shared	12530	3753	10.183559457302474	13088	3750	10.39119804400978	0.3310666259168704	0.10666259168704156	371	373	0.06285333021370695	True	False	
GTGCTTCAGACCATAA	shared	12515	3840	8.262085497403117	13060	3819	8.29249617151608	0.3389739663093415	0.1172281776416539	372	375	0.0614917956592082	True	False	
GAACTGTTCTCAAAGC	shared	12503	3781	5.214748460369512	13150	3800	5.262357414448669	0.32228136882129277	0.14136882129277567	373	369	0.07278282254556388	True	False	
CCATCACCATTAAAGG	shared	12474	3775	5.459355459355459	13155	3794	5.458000760167237	0.3570505511212467	0.13447358418852148	374	368	0.07668109772341702	True	False	
CTGAATGAGCTCTATG	shared	12458	3758	6.903194734307273	12965	3758	6.957192441187813	0.248052448900887	0.11384496721943695	375	384	0.05754520043471235	True	False	
GACTGATTCATCCTAT	shared	12451	3581	4.883141916311943	13077	3605	4.901735872141929	0.3410568173128393	0.15003441156228492	376	374	0.07076444647743978	True	False	
CCTGCATGTTCTTAGG	shared	12406	3707	5.223279058520071	13116	3746	5.260750228728271	0.3687099725526075	0.13799939005794448	377	372	0.08028348225743324	True	False	
TCATCATGTTGCACGC	shared	12384	3785	6.395348837209302	12853	3790	6.473196919007235	0.3575818874970824	0.13203143235042403	378	390	0.05362350890289334	True	False	
GATGGAGCACTTGAAC	shared	12360	3764	4.757281553398058	13009	3759	4.781305250211392	0.28772388346529326	0.14551464370820202	379	380	0.07382550063521798	True	False	
TTTCATGTCACTCACC	shared	12356	3756	7.6885723535124635	12857	3775	7.855642840476006	0.3104923388037645	0.12374581939799331	380	389	0.0573377238082907	True	False	
CTAACCCCACTTCAAG	shared	12351	3845	3.465306452918792	12929	3887	3.5810967592234513	0.4067599969061799	0.14881274653878876	381	387	0.06597761742953633	True	False	
AGAAGCGGTCTAGATC	shared	12349	3472	5.174508057332577	13023	3478	5.213852414958151	0.22506334945865009	0.14190278737618062	382	378	0.07666156290684469	True	False	
CTTCAATGTTGGACTT	shared	12328	3611	5.743024010382868	13036	3672	5.8223381405339065	0.34013501073949065	0.1444461491254986	383	377	0.08055613491656863	True	False	
GACTTCCTCCTCTAGC	shared	12306	3651	3.4698521046643913	12636	3648	3.584995251661918	0.3799461855017411	0.1399968344412789	384	408	0.038174883096210886	True	False	
TCTTGCGGTCCAGCCA	shared	12298	3705	4.903236298585136	12937	3734	4.908402257092061	0.31568369792069256	0.15969699312050709	385	385	0.07307359934812545	True	False	
AAGAACATCTTGCAAG	shared	12284	3743	8.018560729404102	12974	3751	7.992908894712502	0.3040696778171728	0.13912440265145676	386	383	0.07883668088307838	True	False	
CGTGTCTGTCAGTTTG	shared	12278	3844	6.181788564912853	12551	3818	6.350091626165246	0.30778424029957774	0.13823599713170265	387	411	0.0317241848038566	True	False	
AGTCTCCCAACCGTGC	shared	12276	3554	6.362007168458781	13012	3577	6.3172456194282205	0.2869658776513987	0.1429449738702736	388	379	0.08399552970681434	True	False	
TGTGATGCATTCTCTA	shared	12266	3490	6.644382846893853	13000	3508	6.661538461538462	0.2997692307692308	0.13976923076923076	389	381	0.08384012682915445	True	False	
AAAGGATAGTAGACAT	shared	12245	3357	5.765618619844835	12994	3374	5.787286439895336	0.25073110666461446	0.13544712944435894	390	382	0.08564604560568755	True	False	
CTTCTCTTCCTACAAG	shared	12220	3852	5.253682487725041	12813	3896	5.314914539920394	0.3702489658940139	0.15062826816514477	391	391	0.06835855513787041	True	False	
GAGGGTATCTGTCCCA	shared	12211	3438	5.486856113340431	12929	3469	5.445123366076262	0.26777012916698895	0.14448139840668264	392	387	0.08242278049083682	True	False	
ACATCGATCTTGGGCG	shared	12206	3709	5.7021137145666065	12644	3692	5.7576716229041445	0.31145207212907305	0.12258778867447011	393	405	0.050858350755734257	True	False	
ATTCGTTGTTCTTGTT	shared	12184	3630	8.371634931057125	12805	3653	8.34049199531433	0.30144474814525574	0.11831315892229598	394	392	0.07171366401474098	True	False	
CGAGTGCGTTCCGCGA	shared	12179	3352	6.757533459233106	12803	3347	6.795282355697883	0.23471061469967977	0.14004530188237133	395	393	0.07208044875188646	True	False	
ATGTCCCCATAGGTTC	shared	12153	3563	11.676129350777586	12937	3578	11.579191466336864	0.3266599675349772	0.12398546803741207	396	385	0.09018342086904595	True	False	
TTCTCTCGTATCGTAC	shared	12145	3726	7.155207904487443	12742	3770	7.149584052738973	0.3160414377648721	0.13993093705854653	397	397	0.06922368740791389	True	False	
TGGAACTAGCGTCTCG	shared	12113	3599	7.801535540328572	12515	3596	7.942469037155414	0.2998002397123452	0.1228925289652417	398	415	0.04709824718829256	True	False	
GAACTGTCATCGAACT	shared	12090	3450	6.641852770885029	12731	3462	6.723745188908962	0.313565313015474	0.14555023171785406	399	399	0.07452549281958645	True	False	
GAATCACCAGTGGTGA	shared	12086	3718	3.524739367863644	12717	3708	3.522843437917748	0.35086891562475425	0.1498781159078399	400	401	0.07341560262394413	True	False	
GTAATCGCAGTTTCGA	shared	12079	3556	8.311946353174932	12778	3558	8.436375019564878	0.2627171701361715	0.14086711535451557	401	394	0.08115449026923158	True	False	
TAATTCCGTCAGTCCG	shared	12079	3582	4.983856279493335	12646	3616	5.021350624703463	0.31970583583741896	0.14660762296378302	401	404	0.06617474856366891	True	False	
TTCCGTGGTTCCAGGC	shared	12066	3622	6.108072269186143	12748	3637	6.189206149984312	0.31526513962974584	0.1437872607467838	403	396	0.07931704060327878	True	False	
GGAGGATGTATGAAAC	shared	12057	3749	7.6718918470598	12696	3761	7.742596093257719	0.2335381222432262	0.12633900441083806	404	402	0.0744970281473643	True	False	
TCACGCTTCACTAGCA	shared	12050	3489	8.87136929460581	12723	3513	8.983730252298987	0.28413110115538787	0.1379391652912049	405	400	0.07839940977289034	True	False	
GTTCCGTAGTTGCCCG	shared	12039	3677	8.464158152670487	12475	3656	8.545090180360722	0.3522244488977956	0.1314629258517034	406	417	0.05132006572708763	True	False	
GTCTAGATCGAGAGAC	shared	12014	3416	10.171466622274014	12736	3422	10.254396984924623	0.2605998743718593	0.12083856783919598	407	398	0.0841888650142802	True	False	
ACATCCCGTAAGATTG	shared	11957	3781	6.682278163418918	12493	3779	6.76378772112383	0.3173777315296566	0.1259105098855359	408	416	0.06325931900529944	True	False	
GGTAATCCACAGCATT	shared	11948	3782	6.796116504854369	12348	3769	6.818918043407839	0.3097667638483965	0.13119533527696792	409	429	0.04750433413213723	True	False	
ATGGGAGTCCACTGAA	shared	11943	3715	7.527421920790421	12409	3718	7.567088403578048	0.2997824159883955	0.12829398017567895	410	423	0.05521704488317781	True	False	
GGGTTATCAGCCATTA	shared	11939	3527	8.233520395342994	12639	3538	8.402563493947307	0.2478835350898014	0.13782735975947463	411	407	0.0821936269122979	True	False	
GAGGGATCACTTGGCG	shared	11914	3298	4.960550612724526	12640	3341	5.0395569620253164	0.26210443037974684	0.14762658227848102	412	406	0.08533164473803977	True	False	
TGACTCCAGTCTCCTC	shared	11891	3395	4.827180220334707	12523	3424	4.8630519843487985	0.31653757086959994	0.14788788628922783	413	414	0.07470404523102558	True	False	
ATACCGACACACGGTC	shared	11889	3686	6.846664984439398	12694	3717	6.9166535371041435	0.29084606900898063	0.14290215850007879	414	403	0.0945116799018498	True	False	
GCAGCCAGTTGCGTAT	shared	11882	3638	8.129944453795657	12564	3666	8.150270614453996	0.3195638331741484	0.131168417701369	415	410	0.08051156414224206	True	False	
GGGCTCATCGCAATTG	shared	11850	3597	5.805907172995781	12533	3616	5.896433415782335	0.3165243756482885	0.14066863480411712	416	412	0.0808380978350186	True	False	
CACGAATTCAAGTCGT	shared	11826	3532	6.046000338237781	12774	3534	6.15312353217473	0.2721935180836073	0.1463911069359637	417	395	0.11123912061288423	True	False	
GTCACGGCACCGTACG	shared	11823	3540	6.360483802757337	12469	3563	6.407891571096319	0.27532280054535246	0.14796695805597881	418	418	0.07674329057088139	True	False	
GTCAAACCAAGCACCC	shared	11821	3514	6.657643177396159	12527	3527	6.657619541789734	0.29679891434501476	0.14352997525345254	419	413	0.08368199204014974	True	False	
ATGACCACAATATCCG	shared	11815	3540	7.0080406263224715	12451	3554	7.156051722753192	0.3055176291060959	0.13372419885952935	420	420	0.0756357507043904	True	False	
CGAGGAACACTGATTG	shared	11808	3383	7.613482384823849	12357	3404	7.671764991502792	0.30517115804806993	0.12891478514202476	421	427	0.06555847775783208	True	False	
TAATTCCCACTCCGGA	shared	11800	3858	6.754237288135593	12409	3910	6.85792569908937	0.3440244983479732	0.13127568700136996	422	423	0.07259399876986504	True	False	
ACTCCCATCGTCCTCA	shared	11795	3592	6.460364561254769	12466	3625	6.48965185304027	0.3194288464623777	0.14816300336916413	423	419	0.07981661609748611	True	False	
CACCGTTCACCCTAGG	shared	11736	3439	3.962167689161554	12353	3461	4.0475997733344125	0.3021937990771473	0.15818019914190884	424	428	0.07391453589168806	True	False	
ACCCAAAGTTGGGAAC	shared	11725	3718	12.460554371002132	12575	3709	12.453280318091451	0.2694234592445328	0.1056858846918489	425	409	0.10096216086213333	True	False	
TGTCAGACAACTTGGT	shared	11707	3539	5.475356624241907	12327	3583	5.500121684108056	0.30842865255131013	0.13360915064492576	426	432	0.07444411610603462	True	False	
GGAATCTCAAACTGCT	shared	11703	3372	5.5797658719986325	12335	3364	5.707336846372112	0.2859343331982165	0.1582488852857722	427	430	0.07587299577654745	True	False	
TACCTCGCACCCAACG	shared	11700	3381	6.136752136752137	12369	3409	6.160562697065243	0.32710809281267683	0.1409976554288948	428	425	0.08021366850639196	True	False	
AGGAATACAAACTCGT	shared	11680	3352	7.508561643835616	12421	3364	7.640286611383947	0.24877224056034136	0.13928025118750503	429	421	0.0887336855555933	True	False	
TCACTCGGTCAACCAT	shared	11666	3288	6.506086062060689	12358	3323	6.400712089334844	0.29899660139181095	0.15245185305065545	430	426	0.0831283750145692	True	False	
TCGCAGGGTTCTAACG	shared	11663	3175	5.710366115064734	12313	3191	5.782506294160643	0.2753999837570048	0.15016649070088525	431	433	0.07823684888815051	True	False	
CCTCAACTCTTAGCCC	shared	11659	3400	4.391457243331332	12155	3379	4.3603455368161255	0.36561085972850677	0.14899218428630193	432	444	0.0601007914344356	True	False	
CTATCCGAGCTGTTAC	shared	11648	3475	4.850618131868132	12276	3510	4.797979797979798	0.30620723362658847	0.1388888888888889	433	437	0.07575195464063761	True	False	
GCACGGTAGTAGTCTC	shared	11639	3483	4.2443508892516535	12257	3503	4.421962959941258	0.2890593130456066	0.141551766337603	434	438	0.07463255165873736	True	False	
CTCATCGAGAGGCGTT	shared	11638	3295	7.612991923010827	12305	3267	7.752945956928078	0.22982527427874846	0.13888663145062982	435	435	0.08039478760260198	True	False	
TCACACCGTCTCACGG	shared	11633	3504	9.576205621937591	12421	3506	9.677159648981563	0.2242170517671685	0.14443281539328556	436	421	0.09455026361875775	True	False	
CTTGAGAAGAATTGCA	shared	11608	3224	7.977257064093728	12289	3254	8.047847668646757	0.26275530962649524	0.13605663601594922	437	436	0.08224121199770883	True	False	
CTCCATGTCATCGTAG	shared	11601	3287	6.723558313938454	12215	3312	6.844044207941056	0.27482603356528856	0.13548915268112977	438	439	0.0743984428109476	True	False	
GAGAGGTTCATAGACC	shared	11597	3126	5.811847891696129	12313	3157	5.79874928936896	0.25875091366848046	0.15089742548525947	439	433	0.0864234302826956	True	False	
GCTGCAGGTGCTGATT	shared	11590	3389	4.408973252804142	12213	3423	4.3969540653402115	0.28698927372471955	0.1497584541062802	440	440	0.07553071174875425	True	False	
AGGTTACAGGTGCGAT	shared	11564	3443	8.725354548599102	12165	3446	8.77928483353884	0.2581175503493629	0.14278668310727496	441	443	0.07308964334845153	True	False	
CCAAGCGAGGTTCATC	shared	11562	3534	8.372253935305311	12049	3528	8.506930035687608	0.28666279359282926	0.1189310316208814	442	457	0.059517395362573375	True	False	
TTTCATGGTGCCTAAT	shared	11546	3367	6.833535423523298	12147	3387	6.874125298427595	0.32971103976290445	0.12842677204247963	443	445	0.07320073663546496	True	False	
GTTGCTCTCATTTCCA	shared	11527	3667	4.667302854168474	12110	3681	4.822460776218001	0.38026424442609413	0.1540875309661437	444	448	0.07117575202691862	True	False	
TGCGGCACAAAGACGC	shared	11527	3363	5.673635811572829	12166	3376	5.770179187900707	0.26048002630281114	0.13011671872431366	444	442	0.07783124799629114	True	False	
CTCATTAAGGAAGTGA	shared	11523	3694	10.101536058318146	12082	3688	10.2300943552392	0.29390829332891905	0.12241350769740109	446	452	0.06833712976315363	True	False	
TCCGATCTCAAACCTG	shared	11521	3630	4.279142435552469	12009	3642	4.296777416937297	0.3058539428761762	0.14872179198934132	447	462	0.059844988113766685	True	False	
TCTGTCGCACCAGCGT	shared	11517	3935	7.484588000347313	12107	3934	7.499793507887999	0.3408771784917816	0.1419839762121087	448	449	0.07207035313140292	True	False	
CCTCAGTCATGATGCT	shared	11514	3396	4.307799200972729	12098	3413	4.3478260869565215	0.3427839312283022	0.1466358075714994	449	450	0.0713734004468243	True	False	
AGGACGAAGATTAGTG	shared	11508	3427	5.761209593326382	12334	3458	5.780768607102319	0.2530403761958813	0.13304686233176585	450	431	0.09999523036214922	True	False	
TGATGGTAGACCCGCT	shared	11506	4055	6.24022249261255	12125	4080	6.350515463917525	0.31628865979381443	0.1311340206185567	451	446	0.07559197134133915	True	False	
CTCCCAATCAATCAGC	shared	11504	4087	5.0938803894297635	12033	4090	5.119255381035486	0.4098728496634256	0.1335494058007147	452	459	0.06485527831840192	True	False	
ACGTAACAGGTGCTTT	shared	11501	3453	6.129901747674115	12072	3482	6.138170974155069	0.2993704440026508	0.13775679257786613	453	454	0.06989947072935936	True	False	
CACACAACAAGAAACT	shared	11493	3248	5.011746280344558	12170	3286	5.078060805258834	0.31684470008216925	0.15275267050123253	454	441	0.08256675409202006	True	False	
GTGTGGCTCACCACAA	shared	11454	3288	7.333682556312206	12112	3326	7.447159841479524	0.2543758256274769	0.1445673712021136	455	447	0.08057875974347414	True	False	
TTCAGGAGTCTACAAC	shared	11445	3488	6.413280908693753	12096	3526	6.473214285714286	0.35358796296296297	0.15046296296296297	456	451	0.07980579816556965	True	False	
TCACACCTCTTACCAT	shared	11444	3727	5.76721426074799	12027	3781	5.886754801696184	0.483578614783404	0.14891494138189074	457	460	0.07167931013095379	True	False	
CGATGGCGTAGCGTCC	shared	11434	3735	6.751792898373273	11950	3732	6.853556485355648	0.2702092050209205	0.13807531380753138	458	466	0.06367497502383966	True	False	
GATCAGTAGTGCGCTC	shared	11433	3572	4.644450275518237	12026	3571	4.814568435057375	0.2518709462830534	0.14468651255612838	459	461	0.0729466279381731	True	False	
AAGTACCCAAAGAACT	shared	11431	3390	6.6748315982853645	12049	3388	6.780645696738318	0.31064818657149973	0.1471491410075525	460	457	0.07595532490886996	True	False	
CATTCTAGTAGCTTGT	shared	11424	3577	8.280812324929972	12073	3581	8.266379524558934	0.27143212126232086	0.1297109252050029	461	453	0.07970954097993026	True	False	
GGGTGAACATAAGCAA	shared	11415	3541	8.9706526500219	12056	3601	8.89183808891838	0.3122096881220969	0.13412408759124086	462	456	0.07881374330413783	True	False	
GTTAGTGAGAACGTGC	shared	11377	3372	6.1088160323459615	11973	3402	6.13046020212144	0.28422283471143406	0.13948049778668672	463	463	0.07365818920804118	True	False	
CTCACTGCACCTTCCA	shared	11351	3302	9.021231609549819	11956	3330	9.108397457343592	0.3148210103713617	0.13984610237537637	464	464	0.07490896960405517	True	False	
AACAAAGGTGATGAAT	shared	11327	3590	7.0362849827844975	11931	3605	7.124298047104182	0.3084401978040399	0.13795993630039394	465	468	0.07494271225221505	True	False	
ACCTGTCTCAAGTCTG	shared	11321	3294	6.492359332214469	11917	3303	6.595619702945372	0.2750692288327599	0.14634555676764285	466	469	0.07401332379203439	True	False	
CTCCAACGTAGTGTGG	shared	11314	3371	6.284249602262683	11955	3419	6.390631534922626	0.2903387703889586	0.13994144709326642	467	465	0.07949821752383956	True	False	
GAGTTACAGACGACGT	shared	11313	3396	6.673738177318129	11874	3426	6.75425298972545	0.2731177362304194	0.14266464544382684	468	471	0.06981843734926022	True	False	
CACTGGGAGTTACTCG	shared	11312	3478	6.868811881188119	11760	3482	6.947278911564626	0.3136904761904762	0.1276360544217687	469	476	0.056029176795029875	True	False	
CCCTAACCAGGTTCGC	shared	11310	3447	4.305923961096375	11934	3481	4.256745433216022	0.3082788671023965	0.150997150997151	470	467	0.07747208348762119	True	False	
TCACTATGTTTAGACC	shared	11274	3679	7.35320205783218	11893	3697	7.424535441015723	0.30950979567813	0.14798621037585133	471	470	0.07710654734609822	True	False	
CAAGGGAAGAGTCGAC	shared	11265	3730	6.932978251220595	12058	3757	6.966329407862	0.3057721015093714	0.14239509039641732	472	455	0.09813489913351883	True	False	
GATCGTACAGCGCGTT	shared	11264	3540	7.901278409090909	11735	3542	7.933532168726034	0.28512995313165745	0.1492117596932254	473	478	0.059093462550599565	True	False	
GTGTCCTGTGGCCTCA	shared	11229	3429	6.207142221034821	11766	3415	6.2553119156892745	0.2711201767805541	0.13938466768655447	474	475	0.06738862400580813	True	False	
TCTGTCGAGACTAGAT	shared	11228	3655	6.9558247239045246	11652	3633	7.028836251287332	0.28904909028492964	0.12899073120494337	475	486	0.05347196243485169	True	False	
CTCCAACCAATCTCTT	shared	11217	3610	9.09334046536507	11852	3631	9.306446169422882	0.3477050286871414	0.13736078299021262	476	472	0.07943676401704174	True	False	
CATAAGCGTAGCGCTC	shared	11196	3364	5.877098963915684	11785	3411	5.905812473483241	0.26423419601187953	0.147051336444633	477	474	0.07396192695503298	True	False	
GTAGAAACATGGACAG	shared	11181	3443	6.519989267507379	11570	3453	6.534140017286084	0.2961970613656007	0.12921348314606743	478	496	0.04933530172065605	True	False	
TCGCAGGAGATTGACA	shared	11179	3653	6.467483674747294	11740	3679	6.558773424190801	0.2926746166950596	0.13373083475298125	479	477	0.07063510217493757	True	False	
CGAGGCTCAGCATGCC	shared	11158	3665	5.529664814482882	11493	3648	5.646915513791003	0.3286348211955103	0.13173235882711215	480	504	0.042673206660223374	True	False	
CAACAGTCATCCGTTC	shared	11154	3446	3.899946207638515	11674	3439	3.966078464964879	0.3197704300154189	0.15298954942607504	481	483	0.06573203635288377	True	False	
CTCAAGAGTCAAAGAT	shared	11120	3895	7.5	11791	3906	7.497243660418963	0.350606394707828	0.1345941820032228	482	473	0.08452190855475786	True	False	
TGTCCCAGTCAGGCAA	shared	11115	3445	7.233468286099865	11564	3438	7.35904531304047	0.31684538222068487	0.11501210653753027	483	498	0.05712752632299104	True	False	
AGGACGATCCAGTACA	shared	11102	3737	5.521527652675194	11695	3761	5.669089354424968	0.3327917913638307	0.14168448054724242	484	481	0.07506567493106066	True	False	
TCACAAGGTAGTGGCA	shared	11093	2888	7.53628414315334	11715	2916	7.580025608194623	0.2586427656850192	0.13768672641912078	485	479	0.07870046775401493	True	False	
GAGACTTAGTCACTCA	shared	11088	4277	4.554473304473304	11693	4273	4.541178482852989	0.3621825023518344	0.12349268793295134	486	482	0.0766392265196639	True	False	
CAGATACTCGTTCCCA	shared	11085	3670	5.39467749210645	11658	3720	5.464059015268485	0.38694458740778864	0.14882484131068793	487	485	0.07270514021687363	True	False	
GTGTGATCACTACGGC	shared	11079	3570	6.6341727592743025	11642	3586	6.717058924583405	0.2953100841779763	0.14215770486170762	488	488	0.0715049575700537	True	False	
TCAGGTAGTATGGTAA	shared	11056	3260	9.361432706222866	11646	3273	9.428129829984544	0.27769191138588356	0.14082088270650867	489	487	0.07499839286405963	True	False	
GATTCTTGTACAGTCT	shared	11043	3423	5.958525762926741	11661	3444	6.157276391390104	0.33907898121944946	0.15504673698653632	490	484	0.07855243483508241	True	False	
CGTAAGTGTGATAGTA	shared	11024	3366	7.256894049346879	11696	3390	7.310191518467852	0.2660738714090287	0.1210670314637483	491	480	0.08535990478654666	True	False	
TGGTACACAAAGGGTC	shared	11024	3304	7.7739477503628445	11634	3313	7.890665291387313	0.2570912841670964	0.14792848547361181	491	491	0.07769255496046552	True	False	
ACGATCATCCGTTGGG	shared	11021	3428	9.300426458579077	11555	3449	9.27736910428386	0.2778018173950671	0.13284292514063176	493	499	0.06825607673210973	True	False	
CACTGAAGTCTTTCTA	shared	11013	3392	6.819213656587669	11642	3403	7.034873733035561	0.3870468991582202	0.12738361106339116	494	488	0.0801243253557261	True	False	
CCTCCTCTCAAGCGTT	shared	11013	3258	4.885135748660674	11465	3265	4.9978194505015265	0.33563017880505885	0.14505015263846488	494	507	0.058023670547734454	True	False	
CAATCGAAGAGGATCC	shared	11003	3345	7.616104698718531	11641	3367	7.593849325659308	0.23022077141139077	0.13899149557598145	496	490	0.08131087793170556	True	False	
CTCCGATTCCTTTAGT	shared	11003	3525	9.597382532036717	11585	3545	9.693569270608545	0.32654294346137247	0.12844195079844628	496	494	0.0743545253555959	True	False	
TCGGGACTCTAGATCG	shared	11002	3187	7.634975459007453	11531	3212	7.6576185933570375	0.24880756222357125	0.14101118723441158	498	502	0.06774580955583817	True	False	
CAAGACTAGTGGAAAG	shared	10980	3279	10.17304189435337	11584	3290	10.082872928176796	0.21616022099447513	0.131042817679558	499	495	0.07724860285157387	True	False	
TGTGCGGGTCGTCGGT	shared	10945	3841	6.340794883508451	11606	3856	6.384628640358435	0.3297432362571084	0.12476305359296916	500	492	0.0845913729568845	True	False	
TTACGCCCACGTCGTG	shared	10944	3461	6.770833333333333	11314	3432	6.858759059572211	0.26268340109598726	0.12930882092982146	501	522	0.04796463008594621	True	False	
ACATTTCGTTTCTTAC	shared	10930	3646	3.979871912168344	11454	3671	4.050986554915314	0.4471800244456085	0.11891042430591933	502	509	0.06755206961375071	True	False	
GCTGAATCACACGGAA	shared	10923	3257	7.955689828801611	11484	3272	7.985022640195054	0.3336816440264716	0.12591431556948798	503	505	0.07224963749999977	True	False	
TAACGACCACATATGC	shared	10906	3220	4.612140106363469	11565	3235	4.634673584089927	0.32174664937310854	0.1546908776480761	504	497	0.08463566820257323	True	False	
TTCCGTGCACTCACTC	shared	10895	3234	6.039467645709041	11424	3264	6.206232492997199	0.33525910364145656	0.13891806722689076	505	512	0.06839555682072324	True	False	
CAAAGAACAGCTGTTA	shared	10893	3490	7.417607637932617	11432	3510	7.470258922323303	0.34141007697690695	0.13042337298810358	506	510	0.06967024169288057	True	False	
ACGATCAGTCGTTCAA	shared	10891	3349	8.355522908823799	11538	3373	8.363667880048535	0.26226382388628877	0.14291905009533715	507	501	0.0832493141707689	True	False	
GAAGTAAGTCTAGATC	shared	10891	3355	5.261224864567073	11599	3392	5.207345460815588	0.26907492025174584	0.13854642641607035	507	493	0.09085591785850072	True	False	
CTAAGTGCACAATGCT	shared	10884	3391	7.800441014332966	11458	3411	7.863501483679525	0.28041543026706234	0.12812009076627684	509	508	0.07413974145618862	True	False	
TGCTGAACAGCACAAG	shared	10882	3396	4.024995405256386	11478	3408	4.112214671545566	0.2908172155427775	0.1468897020386827	510	506	0.07692066254437287	True	False	
TTACTGTCATACATCG	shared	10878	3516	6.1500275785990075	11343	3514	6.268183020364983	0.4457374592259543	0.11804637221193688	511	520	0.06038348784310816	True	False	
ATCGGATAGGAAAGGT	shared	10828	3245	7.877724418175101	11540	3238	7.9809358752166375	0.23691507798960137	0.1278162911611785	512	500	0.09186821151113139	True	False	
ATGAGTCTCCAGTTCC	shared	10821	3666	6.31180112743739	11379	3686	6.468055189383953	0.3767466385446876	0.14210387556024257	513	516	0.07253341121149288	True	False	
GCTTTCGTCCGGTAGC	shared	10803	3152	8.988244006294547	11312	3168	9.07001414427157	0.25344766619519093	0.1371994342291372	514	523	0.06641601135385326	True	False	
ACGGTCGTCACTACGA	shared	10802	3163	5.924828735419367	11353	3163	5.971989782436361	0.2385272615167797	0.14436712763146306	515	518	0.07176864136344034	True	False	
ATCTTCACATACTGAC	shared	10798	3368	8.788664567512502	11299	3373	8.974245508452075	0.31790423931321354	0.12735640322152403	516	525	0.06542504931064974	True	False	
GGTAGAGAGACCAGCA	shared	10790	3431	7.099165894346617	11200	3398	7.223214285714286	0.2764285714285714	0.12589285714285714	517	535	0.05379897328281911	True	False	
CAACGATCAAAGCACG	shared	10787	3517	6.572726429961992	11431	3538	6.692327880325431	0.31816988889860903	0.14495669670195083	518	511	0.08365039486021285	True	False	
CCAATTTCAAAGGCTG	shared	10783	3450	7.038857460817955	11403	3462	7.068315355608173	0.2637902306410594	0.14329562395860737	519	513	0.08064754275609425	True	False	
TGAGCATTCGATACTG	shared	10781	3203	6.594935534737037	11309	3186	6.6937837120877175	0.26200371385622073	0.15076487753116988	520	524	0.06897411464608492	True	False	
ACCCTTGTCATTTCGT	shared	10776	3505	6.542316258351893	11397	3500	6.580679126085812	0.2479599894709134	0.1432833201719751	521	514	0.08082506770474848	True	False	
CGGAACCGTTTGCAGT	shared	10754	3378	8.303886925795053	11502	3364	8.294209702660407	0.29447052686489306	0.13345505129542687	522	503	0.097002642555458	True	False	
ATGGGAGAGACGTCCC	shared	10751	3183	4.046135243233188	11262	3168	4.066773219676789	0.23716924169774461	0.14917421417155036	523	527	0.0669861100022902	True	False	
TCATGCCGTGTCTTAG	shared	10748	3159	7.964272422776331	11328	3181	7.980225988700565	0.2771892655367232	0.1352401129943503	524	521	0.07581807208386998	True	False	
TGCTCGTAGACGAGCT	shared	10738	3136	8.437325386477928	11368	3163	8.435960591133005	0.24771287825475016	0.14690358902181563	525	517	0.08224570462053528	True	False	
AGAGCCCGTCACTCGG	shared	10732	3064	8.041371598956392	11352	3056	8.113107822410148	0.20102184637068357	0.13671599718111346	526	519	0.081020193485664	True	False	
CACTAAGGTGATAGTA	shared	10729	3316	7.3259390437133005	11386	3336	7.46530827331811	0.3196030212541718	0.1530827331810996	527	515	0.08573763098603752	True	False	
CCGCAAGGTACCAGAG	shared	10716	3396	10.638297872340425	11198	3421	10.939453473834613	0.42873727451330595	0.12796928022861226	528	536	0.06346880446683395	True	False	
CTCCATGAGACAGCTG	shared	10677	3337	6.771565046361338	11166	3324	6.994447429697296	0.34228909188608275	0.13630664517284613	529	538	0.06460020561504413	True	False	
ATCCGTCCAACTCCCT	shared	10670	3305	8.050609184629803	11242	3306	8.24586372531578	0.40099626400996263	0.12577833125778332	530	530	0.07533166490125974	True	False	
TGCTCCACAATCTAGC	shared	10670	3428	6.954076850984068	11247	3441	7.059660353872144	0.32542011202987464	0.13354672357072997	530	529	0.07597311928952868	True	False	
TCACGCTAGGACATCG	shared	10666	3518	6.731670729420589	11222	3522	6.78132240242381	0.2953127784708608	0.15318125111388345	532	533	0.07330388381545017	True	False	
TGGTAGTCAGGCATGA	shared	10661	3046	5.928149329331207	11257	3050	5.86301856622546	0.23789642000533	0.14097894643333037	533	528	0.07847246611798263	True	False	
CTGTCGTAGCTGGCCT	shared	10660	3071	9.831144465290807	11070	3063	9.96386630532972	0.2879855465221319	0.15492321589882566	534	554	0.05444277199325371	True	False	
TTTGATCTCTTTGGAG	shared	10650	3326	6.131455399061033	11171	3324	6.149852296123893	0.279652672097395	0.1476143586071077	535	537	0.06889859031572822	True	False	
CGAATTGGTCTGTTAG	shared	10638	3049	7.811618725324309	11293	3053	7.810147879217214	0.2606924643584521	0.1415921367218631	536	526	0.08619398360410578	True	False	
ATCCCTGCAATTTCTC	shared	10637	3455	8.884083858230705	11235	3494	8.829550511793503	0.3619047619047619	0.13591455273698264	537	531	0.07890158750655368	True	False	
CCTCCTCCATTCAGGT	shared	10626	3355	3.792584227366836	11102	3374	3.8551612322104125	0.3316519546027743	0.15429652314898218	538	547	0.06321515965220183	True	False	
ACAGAAAAGTATTAGG	shared	10612	3559	6.209950998869204	11057	3566	6.285610925205752	0.32088269874287784	0.12670706339875193	539	557	0.0592579531274649	True	False	
ATTTCTGTCGATGCAT	shared	10593	3352	6.645898234683282	11018	3341	6.716282446905065	0.29125068070430205	0.12025776002904338	540	565	0.056745888155428255	True	False	
TACAACGCATAGATCC	shared	10591	3305	5.419695968274951	11215	3332	5.421310744538564	0.35621934908604547	0.14810521622826572	541	534	0.08258322720340533	True	False	
GTCTGTCAGATACGAT	shared	10590	3475	6.468366383380547	11111	3502	6.516065160651607	0.2981729817298173	0.13806138061380613	542	545	0.06927968970705141	True	False	
TATACCTGTTCTCGTC	shared	10586	3414	9.172491970527112	11149	3426	9.301282626244506	0.2713247824917033	0.14763655933267558	543	540	0.07474987419414918	True	False	
CCTCCTCAGTCCCGAC	shared	10582	3395	4.2241542241542245	11033	3414	4.241819994561769	0.4662376506843107	0.13115199854980514	544	562	0.060207234349476675	True	False	
ATTCTACTCTCGTGAA	shared	10565	3394	6.597255087553242	11035	3396	6.696873584050747	0.2995922066153149	0.15342093339374716	545	561	0.06278804680090852	True	False	
CAGATTGAGAACGTGC	shared	10563	3184	14.247846255798542	11226	3247	14.216996258685196	0.27293782291109925	0.11972207375734902	546	532	0.08781626579305168	True	False	
TAGGGTTAGAGAGCGG	shared	10559	3310	5.843356378444929	11064	3334	5.86587129428778	0.2885936370209689	0.13575560375994217	547	555	0.0673936164425582	True	False	
TCCATCGGTTTAGTCG	shared	10556	3294	6.413414172034861	11060	3293	6.564195298372513	0.28770343580470165	0.13381555153707053	548	556	0.06728190234415331	True	False	
AAGACAATCCGCGAGT	shared	10555	3053	8.810990052108005	11099	3048	9.009820704567979	0.2875033786827642	0.1484818452112803	549	548	0.07249642079856242	True	False	
TGGGATTAGTCACGAG	shared	10553	3941	5.2307400739126315	11096	3986	5.272170151405912	0.41744772891131937	0.13392213410237924	550	550	0.07237981765203425	True	False	
AGAAATGTCATTCGTT	shared	10545	3031	16.89900426742532	11105	3050	17.127420081044576	0.6122467357046375	0.1020261143628996	551	546	0.07464339921189785	True	False	
GGTAATCCATACCACA	shared	10542	3285	9.466894327452096	10922	3278	9.613623878410548	0.313953488372093	0.11820179454312398	552	574	0.0510837038073061	True	False	
CGAGTTAGTCGAGTTT	shared	10536	3370	9.329916476841307	11093	3378	9.465428648697376	0.2813485982150906	0.11764175606238168	553	551	0.07431545631339019	True	False	
GACCCTTCATCATCTT	shared	10535	3412	4.081632653061225	11045	3447	4.200995925758262	0.42363060208239023	0.16242643730194659	554	559	0.06819678181454832	True	False	
TGCGATAAGAATCGCG	shared	10529	3206	8.975211321113116	11133	3219	8.910446420551514	0.26174436360370074	0.13698014910626066	555	542	0.08046655195275419	True	False	
ATCGATGGTCAATCTG	shared	10526	3715	5.757172715181455	11011	3722	5.830533103260376	0.2994278448823903	0.14049586776859505	556	566	0.06498216147223829	True	False	
AGGATAAAGAACAAGG	shared	10525	2938	7.85748218527316	11163	2957	7.919018185075696	0.22932903341395683	0.14467437068888292	557	539	0.08489672957329338	True	False	
CTGCGAGCAGATTCGT	shared	10505	3208	6.606377915278439	11119	3233	6.592319453188236	0.3475132655814372	0.13607338789459483	558	543	0.0819432984561557	True	False	
AAGTTCGAGGATACAT	shared	10488	3090	5.882913806254767	11115	3121	5.982905982905983	0.25191183085919927	0.14322986954565903	559	544	0.08376059880080466	True	False	
ATTCACTAGAAGGCTC	shared	10486	3453	7.7913408353995806	10992	3451	7.905749636098981	0.2627365356622999	0.1477438136826783	560	569	0.0679831254689542	True	False	
TCTTGCGCAGAGGAAA	shared	10485	3247	6.685741535526943	11020	3278	6.705989110707804	0.2423774954627949	0.14736842105263157	561	564	0.07179068306801009	True	False	
AAGGTAAGTCCTTAAG	shared	10481	3278	5.1330979868333175	11079	3289	5.171946926617926	0.2255618738153263	0.14766675692752054	562	553	0.0800438672986349	True	False	
AGGTGTTTCGTTACCC	shared	10481	3301	13.51970231848106	10815	3284	13.601479426722145	0.403791030975497	0.1149329634766528	562	585	0.04525304264426847	True	False	
AGTTAGCGTACCATAC	shared	10480	3611	5.687022900763359	10963	3624	5.746602207424975	0.43738027912067867	0.12204688497673995	564	571	0.06499786122783299	True	False	
AAAGGGCTCATGCCCT	shared	10478	3216	7.243748807024241	11040	3225	7.309782608695652	0.28052536231884057	0.1453804347826087	565	560	0.07536979653007074	True	False	
ACACCAAAGAGTCAGC	shared	10470	3128	5.5205348615090735	11134	3167	5.514639841925633	0.298275552362134	0.15690677204957787	566	541	0.08870232921431985	True	False	
CCTCAGTTCCGAGCTG	shared	10469	3366	6.2661190180533	11051	3404	6.334268392000724	0.3713691068681567	0.13935390462401592	567	558	0.07804602499432108	True	False	
GTTGCGGAGCTGCCTG	shared	10452	3080	5.616150019135094	10955	3096	5.641259698767686	0.25823824737562756	0.15207667731629393	568	572	0.06780411746361723	True	False	
TACGGGCTCAACGAGG	shared	10446	3181	7.8786138234731	11081	3166	8.122010648858407	0.24221640646151069	0.14141322985290136	569	552	0.08512956013486078	True	False	
AGTAGCTAGGAGTACC	shared	10439	3221	8.439505699779673	11099	3239	8.451211820884764	0.3039012523650779	0.12866023966123075	570	548	0.08843796466758395	True	False	
GGGAGTATCTTAGCCC	shared	10437	3391	7.5883874676631216	10815	3372	7.720758206195099	0.26611188164586225	0.12233009708737864	571	585	0.05132174966166551	True	False	
GGGCTACAGACCAAAT	shared	10433	3124	6.7286494776190935	10999	3144	6.836985180470952	0.2972088371670152	0.1436494226747886	572	568	0.07621118527164088	True	False	
TTCACGCGTTAAGTCC	shared	10414	3663	3.9946226233915882	10955	3675	4.0894568690095845	0.3427658603377453	0.1538110451848471	573	572	0.07305833177736906	True	False	
AGATAGAGTGACACGA	shared	10410	3482	8.136407300672431	10810	3475	8.22386679000925	0.33765032377428306	0.12284921369102683	574	587	0.05439132679954393	True	False	
AGGTAGGAGGAAGTAG	shared	10402	3319	7.575466256489137	10973	3321	7.800966007472888	0.34074546614417206	0.1206598013305386	575	570	0.07708985053485949	True	False	
GCAGCTGTCCTTCTGG	shared	10399	3267	9.116261178959515	11008	3296	9.038880813953488	0.29351380813953487	0.1353561046511628	576	567	0.08209989961290416	True	False	
ACCTACCCAACGGTAG	shared	10388	3272	10.001925298421256	11023	3306	10.02449423931779	0.25410505307085185	0.14188514923342102	577	563	0.0855909997859068	True	False	
CATGAGTCACCATTCC	shared	10380	3705	4.836223506743738	10867	3725	4.877151007637803	0.3453575043710316	0.1642587650685562	578	577	0.0661410457097403	True	False	
TAGGAGGGTTCCAGGC	shared	10359	3420	9.074234964764939	10877	3423	9.239680058839754	0.3540498299163372	0.12172474027765008	579	575	0.070389327891398	True	False	
CCGCAAGCATTCAGGT	shared	10349	3218	6.947531162431153	10849	3219	7.0144713798506775	0.3078624758042216	0.14489814729468153	580	582	0.06806427494515407	True	False	
TAGACTGAGATTGTGA	shared	10341	3356	7.513780098636495	10875	3361	7.622988505747126	0.3085057471264368	0.13020689655172413	581	576	0.07263284654137098	True	False	
CTGTGAATCATCGCTC	shared	10337	3403	6.520267002031537	10614	3392	6.56679856792915	0.2866968155266629	0.13190126248351233	582	607	0.03814726384663572	True	False	
TCGGTCTTCATTGCTT	shared	10334	3299	5.68995548674279	10858	3325	5.7469147172591635	0.3289740283661816	0.14312027997789648	583	580	0.07135286341506582	True	False	
TTCTTGAGTCTTGCTC	shared	10326	3315	5.946155336044935	10650	3315	6.122065727699531	0.3128638497652582	0.12507042253521128	584	603	0.04456767716606196	True	False	
ATTACTCCAGCTTTGA	shared	10319	3168	6.347514294020739	10801	3181	6.3605221738727895	0.3035830015739283	0.13656142949726877	585	588	0.06585548264137385	True	False	
AAAGTCCAGCGGGTTA	shared	10295	2837	8.139873725109277	10824	2869	8.259423503325943	0.24658167036215817	0.14310790835181078	586	583	0.0722830662807479	True	False	
GCCGTGACATGCCGGT	shared	10292	3128	7.063738826272833	10688	3103	7.138847305389222	0.21538173652694612	0.1467065868263473	587	601	0.05446335757564492	True	False	
TCGGTCTTCGACATAC	shared	10291	3318	4.635118064328053	10867	3326	4.637894543112174	0.31811907610196005	0.14695868224901076	588	577	0.07856310848817495	True	False	
ATTCCCGAGTCACTCA	shared	10282	3344	6.088309667379887	10801	3366	6.230904545875382	0.30765669845384686	0.14109804647717805	589	588	0.07103723033810642	True	False	
TACTTCATCATGCCGG	shared	10278	3424	8.143607705779335	10818	3451	8.38417452394158	0.27343316694398223	0.14235533370308745	590	584	0.07386723932612675	True	False	
CTGCCTATCTTGATTC	shared	10263	3439	5.953424924486018	10851	3490	5.93493687217768	0.41922403465118424	0.1186987374435536	591	581	0.08036787719218348	True	False	
CATCCGTGTATCGCTA	shared	10245	3122	7.818448023426061	10672	3119	7.7867316341829085	0.2653673163418291	0.14992503748125938	592	602	0.05890495346433315	True	False	
GTCACTCTCTTGAACG	shared	10230	3240	6.96969696969697	10691	3253	7.099429426620522	0.33981853895800207	0.15068749415396127	593	599	0.06358457859449959	True	False	
TCAATCTAGAGGTTTA	shared	10230	3296	4.965786901270772	10743	3295	5.045145676254305	0.3059666759750535	0.14763101554500604	593	593	0.07058404577886367	True	False	
ACAAGCTGTAGGTCAG	shared	10223	3806	3.619289836642864	10712	3823	3.5847647498132935	0.3727595220313667	0.1529126213592233	595	597	0.06740279836022725	True	False	
TTCACGCTCTATCCAT	shared	10223	3330	5.331116110730705	10720	3378	5.307835820895522	0.39151119402985074	0.14944029850746268	595	595	0.06847973788276661	True	False	
TCACGCTTCGGACTGC	shared	10210	3005	7.8256611165524	10778	3016	7.923547968083132	0.2608090554833921	0.15401744293932085	597	591	0.07809917971874206	True	False	
CGAAGGATCGACGCGT	shared	10197	3448	5.462390899284103	10531	3441	5.602506884436425	0.29503370999905043	0.1409172918051467	598	614	0.046493183417503525	True	False	
GTCACGGAGCGGGTTA	shared	10196	3039	6.37504903883876	10691	3039	6.31372182209335	0.223739594051071	0.1394630998035731	599	599	0.06838697498025013	True	False	
AGCCACGCAGGTTCGC	shared	10182	3237	7.02219603221371	10713	3245	7.215532530570335	0.25249696630262297	0.147764398394474	600	596	0.0733345466805144	True	False	
TAAGCACAGAAGCTGC	shared	10158	3219	7.826343768458358	10728	3244	7.727442207307979	0.2953952274422073	0.14457494407158836	601	594	0.07875721791308667	True	False	
CTAGACAGTCGTGGTC	shared	10155	3211	13.1068439192516	10798	3223	13.335802926467865	0.36904982404148917	0.12150398221892943	602	590	0.0885654232317572	True	False	
TACAACGCAAAGGTTA	shared	10152	3031	6.205673758865248	10773	3072	6.24709922955537	0.2716049382716049	0.14053652650143877	603	592	0.08564789355602404	True	False	
TCGGGCATCCGATTAG	shared	10151	3292	5.654615308836568	10712	3338	5.591859596713966	0.2933159073935773	0.14768483943241226	604	597	0.0775985654661158	True	False	
CTCTCAGGTTAAGCAA	shared	10138	3008	5.385677648451371	10642	3024	5.34673933471152	0.307648938169517	0.15786506295809058	605	605	0.0699895007136495	True	False	
TAGATCGCAAATGGTA	shared	10113	3239	7.673291802630278	10578	3230	7.808659481943657	0.2742484401588202	0.11637360559652109	606	608	0.0648495768395594	True	False	
GCAGCCAAGAGGTCAC	shared	10067	3221	7.59908612297606	10560	3201	7.566287878787879	0.3452651515151515	0.12481060606060607	607	611	0.06896932546511837	True	False	
CAACCTCGTATCGGTT	shared	10064	3291	6.021462639109698	10643	3303	6.116696420182279	0.33054589871276896	0.143756459644837	608	604	0.0806932432135181	True	False	
ATAGGCTGTGTTACAC	shared	10051	3292	5.8601134215500945	10486	3303	5.864962807552928	0.32347892427999236	0.1287430860194545	609	622	0.061119451047465675	True	False	
GCCAACGTCTAACGCA	shared	10048	3690	5.692675159235669	10520	3707	5.7034220532319395	0.3612167300380228	0.14610266159695817	610	617	0.06621989390802901	True	False	
TCACGCTGTCTGCCTT	shared	10029	3179	4.068202213580617	10501	3182	4.1615084277687835	0.3186363203504428	0.16398438243976765	611	619	0.06634249482869607	True	False	
AGTGCCGCATCTGGGC	shared	10007	3117	9.943039872089537	10628	3113	9.973654497553632	0.24764772299586	0.14047798268724124	612	606	0.08685217667364975	True	False	
AAAGAACGTCTGCAAT	shared	10004	3203	4.408236705317873	10555	3224	4.481288488867835	0.31198484130743726	0.13936522974893414	613	612	0.07734208853316484	True	False	
CATACTTTCAACGAGG	shared	9996	3386	3.7615046018407363	10458	3372	3.863071332950851	0.33553260661694395	0.16159877605660738	614	625	0.06517779348188574	True	False	
ACTGATGCACCAGCCA	shared	9976	3146	5.3327987169206095	10431	3153	5.320678746045441	0.3294027418272457	0.13143514524014954	615	632	0.06433779506525793	True	False	
CCCTTAGGTTTCCAAG	shared	9974	3449	3.3186284339282133	10418	3456	3.455557688615857	0.39940487617584947	0.14887694375119984	616	634	0.06282807010617733	True	False	
TACGGGCTCTACCACC	shared	9973	3290	6.467462147799058	10539	3290	6.632507828067179	0.328968592845621	0.14735743429167852	617	613	0.07963075885946273	True	False	
GAGGGTAGTCAACACT	shared	9951	2964	7.948949854286002	10476	2957	8.171057655593739	0.23167239404352807	0.1432798778159603	618	623	0.0741672819508182	True	False	
TTATTGCCAAACGGCA	shared	9951	3369	6.089840217063612	10575	3391	6.1465721040189125	0.3078014184397163	0.1426950354609929	618	610	0.08773569137708905	True	False	
ATCGATGCAACGGCTC	shared	9944	3030	6.5265486725663715	10531	3041	6.533092773715697	0.34279745513246607	0.13645427784635836	620	614	0.08273615032495658	True	False	
AACCCAAGTGGGCTTC	shared	9939	3209	7.274373679444612	10487	3208	7.304281491370268	0.3068561075617431	0.13559645275102508	621	621	0.07742183377210589	True	False	
GTGAGGACACAACATC	shared	9928	3331	8.098307816277195	10576	3363	8.188350983358548	0.2690052950075643	0.14145234493192133	622	609	0.09121015863237883	True	False	
TCGACCTCAAAGACTA	shared	9926	3194	5.631674390489623	10448	3235	5.656584992343032	0.29814318529862177	0.15447932618683002	623	629	0.07393518127418376	True	False	
GATGACTTCGTGGCGT	shared	9923	3408	4.766703617857503	10441	3410	4.903744852025668	0.3011205823197012	0.1461545828943588	624	631	0.07340442345549701	True	False	
ACAGAAACACCAGCGT	shared	9910	3371	8.617558022199798	10193	3361	8.672618463651526	0.27234376532914745	0.13499460414009615	625	656	0.040617723454540934	True	False	
CACATGAGTTTCGACA	shared	9908	3286	4.4711344368187325	10431	3309	4.505800019173617	0.34119451634550857	0.16067491132202089	626	632	0.07420439922439627	True	False	
GACACGCGTTCCAAAC	shared	9907	3167	7.489653780155446	10461	3174	7.504062709110028	0.30914826498422715	0.1364114329414014	627	624	0.07849290143163318	True	False	
CTCGAGGAGGAAAGGT	shared	9906	3251	7.783161720169594	10444	3252	7.784373803140559	0.24549980850248948	0.13309076981999235	628	630	0.07629233516454097	True	False	
TTCACCGCAGCCCAGT	shared	9903	3254	6.806018378269211	10530	3291	6.837606837606837	0.3939221272554606	0.1168091168091168	629	616	0.08855921826967766	True	False	
TTGGGATCAACGGGTA	shared	9903	3382	9.0174694537009	10452	3400	9.041331802525832	0.30807500956754685	0.14734022196708763	629	626	0.07783383402749632	True	False	
GTAAGTCTCGATTGGT	shared	9901	3004	7.484092515907484	10505	3019	7.5678248453117565	0.2694907187053784	0.13898143741075678	631	618	0.08542163519255326	True	False	
GATTGGTGTTGAGAGC	shared	9880	3239	8.714574898785425	10375	3245	8.828915662650603	0.26187951807228915	0.12867469879518073	632	640	0.07052142340365411	True	False	
ATCTTCAGTCTCTCCA	shared	9877	3301	4.839526171914549	10213	3290	4.788015274649956	0.3578772153138157	0.126897091941643	633	655	0.04825709033397167	True	False	
GAGATGGCATGTAACC	shared	9877	2951	10.154905335628227	10494	2991	10.129597865446922	0.27568134171907754	0.13931770535544122	633	620	0.08741129280107254	True	False	
TGCGGCAAGTGGTGAC	shared	9875	3323	7.868354430379747	10400	3346	7.875	0.28951923076923075	0.14182692307692307	635	638	0.0747235007812077	True	False	
GTGATGTAGACATCAA	shared	9869	3354	6.677474921471274	10449	3388	6.737486840846014	0.3150540721600153	0.13025169872715092	636	627	0.08238095251184742	True	False	
TTAGTCTCACGTATAC	shared	9854	3166	5.530748934442866	10370	3172	5.602700096432016	0.3188042430086789	0.1506268081002893	637	641	0.07362723305270655	True	False	
CAGATTGAGCTGAGCA	shared	9852	3043	7.967925294356476	10355	3051	7.947851279575085	0.2588121680347658	0.1460164171897634	638	644	0.07183190806421771	True	False	
TGAGGGATCAAACGTC	shared	9845	3279	7.1203656678517016	10364	3290	7.140100347356233	0.31956773446545733	0.1306445387881127	639	642	0.07411047176190813	True	False	
TCAATCTGTTTCCCAC	shared	9844	3050	5.912230800487607	10347	3098	5.866434715376438	0.4185754324925099	0.12061467091910699	640	645	0.07188884789582486	True	False	
AAGCATCAGGTCCGAA	shared	9843	2900	2.9056182058315554	10410	2928	2.910662824207493	0.30067243035542746	0.15975024015369838	641	637	0.08079208649246357	True	False	
GATCCCTAGAGGATGA	shared	9842	2964	5.710221499695184	10364	2982	5.827865688923196	0.2871478193747588	0.13952142030104206	642	642	0.07455011675720112	True	False	
GTGTGGCAGGTAGTCG	shared	9839	3095	9.767252769590405	10414	3084	9.852122143268677	0.2247935471480699	0.13712310351449972	643	636	0.08193261870140682	True	False	
TACGCTCTCTTAAGGC	shared	9836	3399	6.120374135827572	10328	3425	6.167699457784663	0.3904918667699458	0.11589852827265686	644	647	0.07041027917685476	True	False	
CGGAACCGTATCACGT	shared	9827	3406	6.86883077236186	10293	3387	6.965899154765374	0.2941805110269115	0.12804818808899252	645	648	0.06683392484436951	True	False	
AACAACCCACGCTATA	shared	9824	3343	9.802524429967427	10449	3360	10.077519379844961	0.32146616901138864	0.12958177816058952	646	627	0.08897362982227638	True	False	
GATCCCTGTAATTAGG	shared	9813	3100	6.165290940589014	10382	3108	6.154883452128685	0.3149682142169139	0.13976112502408014	647	639	0.08131017081837648	True	False	
GTGGGAACATGAGTAA	shared	9791	3209	6.0361556531508525	10332	3243	6.155632984901278	0.31794425087108014	0.13250096786682153	648	646	0.0775837123348104	True	False	
GGGTTTACACTAAACC	shared	9787	2969	7.642791458056606	10418	3001	7.583029372240353	0.26540602802841234	0.13985409867536955	649	634	0.09013081002385827	True	False	
TCTACCGCAGTCGTTA	shared	9777	3225	4.081006443694385	10861	3241	4.014363318294817	0.271061596538072	0.16471779762452812	650	579	0.15167845791606352	True	False	
TGAGCATTCCTTCACG	shared	9768	3326	5.047092547092547	10181	3355	5.078086631961497	0.38483449562911304	0.14811904528042433	651	658	0.05973817678359266	True	False	
TCGCTTGAGCATTTGC	shared	9763	3470	8.839496056539998	10240	3486	8.779296875	0.30048828125	0.14609375	652	651	0.06881239641493724	True	False	
TGAGACTAGGCTGAAC	shared	9745	3134	5.336069779374038	10257	3161	5.37194111338598	0.3355757043969972	0.14721653504923468	653	649	0.0738673487850021	True	False	
GTGCTTCGTCGCTTGG	shared	9743	3291	6.384070614800369	10089	3305	6.551689959361681	0.28783823966696404	0.12587967092873426	654	668	0.0503401360873871	True	False	
AGCTACACAGTCGGAA	shared	9731	3109	8.693864967629226	10143	3090	8.715370206053436	0.2733905156265405	0.13694173321502515	655	664	0.05981842520097811	True	False	
GGATCTATCACCTACC	shared	9730	3159	7.399794450154163	10240	3179	7.6171875	0.31982421875	0.1666015625	656	651	0.07369662127483871	True	False	
TGGAGGAAGTAGGAAG	shared	9728	3328	9.333881578947368	10084	3316	9.549781832606108	0.3183260610868703	0.1260412534708449	657	670	0.05184765432336136	True	False	
AAGTACCAGCTCCATA	shared	9726	3035	5.8297347316471315	10254	3042	5.763604447045055	0.3015408621025941	0.15603666861712503	658	650	0.07626066890200545	True	False	
ACTTCGCAGAACCGCA	shared	9718	3355	6.760650339576045	10118	3359	6.849179679778612	0.3737892864202412	0.16356987546946036	659	667	0.05818693829744473	True	False	
GAGCCTGGTCCACGCA	shared	9697	3403	4.424048674847891	10239	3422	4.473093075495654	0.3676140248071101	0.13829475534720187	660	653	0.07845655649103239	True	False	
CATGCCTCAGGCTATT	shared	9689	3324	13.014759005057282	10156	3350	13.223710122095314	0.354864119732178	0.11392280425364316	661	662	0.06790577582190525	True	False	
CTGCAGGAGCCATTGT	shared	9689	2942	5.72814531943441	10161	2928	5.806515106780829	0.24033067611455566	0.15520125971853163	661	660	0.06861579849526929	True	False	
GATTTCTTCCTTCAGC	shared	9637	3316	5.302480024904016	10003	3321	5.378386484054784	0.4663600919724083	0.1251624512646206	663	678	0.05377125644098074	True	False	
TGGATCAGTTCTCCCA	shared	9634	3153	8.646460452563836	9914	3137	8.755295541658262	0.27536816622957433	0.12073834980835182	664	691	0.041328105933126885	True	False	
GTTGTGATCTCGGTCT	shared	9628	2716	5.047777316161197	10125	2720	5.066666666666666	0.18854320987654322	0.16691358024691358	665	665	0.07260650652710576	True	False	
CCACGTTTCGTGAGAG	shared	9624	3099	4.842061512884456	10226	3133	4.821044396636026	0.2929786817915118	0.1444357520046939	666	654	0.08752455950411393	True	False	
TACCTGCTCCAAGCTA	shared	9622	3265	6.495531074620661	10160	3296	6.515748031496063	0.4137795275590551	0.11653543307086614	667	661	0.07848375879641323	True	False	
TTAGGGTGTCACATTG	shared	9613	3099	7.947570997607406	10183	3116	8.04281645880389	0.24423058037906314	0.14327801237356377	668	657	0.08309561576346244	True	False	
TTGTGGATCTAAGAAG	shared	9612	3098	5.472326258843113	10055	3081	5.549477871705619	0.28334162108403776	0.14152163102933862	669	672	0.06499791598066061	True	False	
CTAAGTGGTCCACTCT	shared	9586	3239	8.136866263300647	10120	3244	8.320158102766799	0.291600790513834	0.1484189723320158	670	666	0.0782005043548133	True	False	
CGTCAAACAGAATGTA	shared	9583	3493	6.918501513096108	10175	3498	7.027027027027027	0.3138083538083538	0.14103194103194103	671	659	0.08647076249556966	True	False	
CTCCCTCTCATCGCTC	shared	9577	3466	6.160593087605722	10028	3519	6.152772237734344	0.516952532907858	0.13173115277223774	672	675	0.06638142010255849	True	False	
CCTGCATCAACGGGTA	shared	9576	2943	3.7698412698412698	10087	2977	3.8762763953603647	0.32903737483890155	0.14721919302071973	673	669	0.07499447387370649	True	False	
CCGTAGGTCATACAGC	shared	9575	2970	5.618798955613577	9962	2979	5.641437462356956	0.41216623168038546	0.11543866693435054	674	684	0.05715707128036278	True	False	
CGGGACTGTTTCACTT	shared	9563	3560	7.696329603680853	10073	3582	7.683907475429366	0.2897845726198749	0.14126873821105926	675	671	0.07495060094655827	True	False	
TTCATGTAGGTCATAA	shared	9553	2886	3.9359363550717053	9513	2851	4.015557657941764	0.267633764322506	0.1820666456428046	676	752	-0.0060528515088109835	True	False	
GTTCCGTCACCCGTAG	shared	9538	3270	6.479345774795554	9996	3283	6.572629051620648	0.3092236894757903	0.15416166466586634	677	679	0.06765718903175569	True	False	
AAACGCTTCAGCCCAG	shared	9527	3293	4.649942269339771	9965	3299	4.686402408429503	0.39979929754139487	0.12313095835423984	678	683	0.06484116081941844	True	False	
CAAAGAACACATATCG	shared	9516	3252	5.685161832702816	9957	3264	5.815004519433565	0.4089585216430652	0.14683137491212211	679	686	0.06534914430899451	True	False	
CTGATCCTCCCTCTAG	shared	9502	3363	8.071984845295727	9933	3369	8.24524312896406	0.31511124534380347	0.14638075103191384	680	687	0.06399171734370872	True	False	
CAGGTATGTGTAAATG	shared	9497	3039	9.897862482889334	10047	3043	9.96317308649348	0.32955110978401514	0.1218274111675127	681	673	0.08121270803328974	True	False	
TTGACCCTCGTAGTGT	shared	9495	3180	7.361769352290679	10005	3202	7.446276861569215	0.30144927536231886	0.1393303348325837	682	677	0.0754735173507961	True	False	
GGCTTGGGTAGATCGG	shared	9494	3010	7.899726142827049	10024	3003	7.950917797286512	0.26436552274541103	0.13128491620111732	683	676	0.07836233119278509	True	False	
CAATCGATCCGTACGG	shared	9491	3158	5.215467284796123	10030	3187	5.314057826520439	0.3317048853439681	0.14955134596211367	684	674	0.07968143112580192	True	False	
AGCATCAGTGGTCCGT	shared	9486	2690	5.566097406704618	9975	2681	5.5739348370927315	0.216140350877193	0.16832080200501254	685	681	0.07250951800221439	True	False	
TGATGCACAGGGCTTC	shared	9474	3455	8.803039898670045	9987	3483	8.86151997596876	0.32872734554921396	0.1449884850305397	686	680	0.07606987798239571	True	False	
AGGACGAAGACCTTTG	shared	9466	3591	6.3173462919923935	9895	3586	6.4881253158160686	0.3676604345629106	0.1415866599292572	687	693	0.06393817819129083	True	False	
AGGCTGCAGGGCTTCC	shared	9466	3223	9.275301077540671	9916	3220	9.398951189995966	0.3721258572004841	0.12434449374747882	687	689	0.06699643359974364	True	False	
TCGACGGTCGAAGTGG	shared	9461	3433	5.866187506606067	9959	3421	5.9443719248920575	0.3333668038959735	0.152123707199518	689	685	0.07400058144377678	True	False	
ACGGTTAAGTGCTCAT	shared	9446	3144	6.002540757992802	9915	3165	6.081694402420575	0.33716591023701464	0.118910741301059	690	690	0.06990201323015617	True	False	
AGATCGTCAGGACTTT	shared	9435	3081	8.086910439851616	9926	3108	8.089865001007455	0.28843441466854725	0.1466854724964739	691	688	0.0731823737942323	True	False	
ATTCGTTGTGTTCAGT	shared	9414	2780	5.640535372848948	9901	2785	5.595394404605595	0.220987779012221	0.13655186344813655	692	692	0.07275885446057025	True	False	
TGAGCATTCCATTGCC	shared	9406	3388	7.94173931533064	9829	3417	8.159527927561298	0.36687353749109775	0.13897649811781462	693	705	0.0634567122291812	True	False	
AGCCAGCGTAATGCGG	shared	9401	3041	4.1165833421976386	9857	3048	4.149335497615907	0.2725981535964289	0.1403063812519022	694	697	0.06832730047749425	True	False	
GTTCTATCAAATGAGT	shared	9378	2932	8.00810407336319	9843	2949	8.168241389820176	0.3210403332317383	0.12668901757594228	695	703	0.06981054869604736	True	False	
ACCATTTCATTGGGAG	shared	9377	3284	5.225551882265116	9849	3290	5.330490405117271	0.2822621585947812	0.1381866179307544	696	701	0.07084344551028025	True	False	
ACATCGATCTAAGAAG	shared	9376	3736	7.849829351535837	9843	3727	7.944732297063903	0.35537945748247485	0.13948999288834704	697	703	0.0701182251827945	True	False	
TCGCAGGGTAGGCTCC	shared	9375	2829	8.64	9887	2850	8.708404976231416	0.2816830181045818	0.1397795084454334	698	694	0.07670617348212659	True	False	
CAATTTCAGATTGCGG	shared	9367	3007	6.693711967545639	9975	3002	6.7368421052631575	0.3092731829573935	0.13964912280701755	699	681	0.0907203893284551	True	False	
CTCCGATTCTTTCTAG	shared	9366	3094	5.872304078582106	9847	3109	6.032294099725805	0.40844927389052504	0.1375038082664771	700	702	0.07224369666296035	True	False	
CCTCATGCACTATGTG	shared	9355	3672	7.044361304115446	9782	3676	7.053772234716827	0.34123901042731547	0.13259047229605397	701	708	0.06438508011719407	True	False	
TGTACAGGTGGATTTC	shared	9352	2875	3.603507271171942	9880	2866	3.6538461538461537	0.22348178137651822	0.1513157894736842	702	696	0.07922786862675905	True	False	
AGGTGTTTCAATGCAC	shared	9343	3090	6.5824681579792355	9857	3125	6.655168915491529	0.3161205234858476	0.13381353352947145	703	697	0.07725470679121332	True	False	
AGGAATATCATTACGG	shared	9336	2971	4.76649528706084	9882	2981	4.735883424408015	0.3155231734466707	0.14318963772515686	704	695	0.0819899575243863	True	False	
GCCGTGACAACGACTT	shared	9335	3269	6.26673808248527	9696	3275	6.229372937293729	0.29403877887788776	0.12407178217821782	705	721	0.054733922898606256	True	False	
GGGATGAAGGGAGGGT	shared	9334	2676	6.288836511677737	9855	2698	6.341958396752918	0.2310502283105023	0.13718924403855912	706	699	0.078352233581337	True	False	
GAGAAATCATTGGATC	shared	9333	3293	8.936033429765349	9854	3307	8.899939111020906	0.3595494215546986	0.1417698396590217	707	700	0.07836040396670468	True	False	
GGTCACGGTCGTGATT	shared	9325	2957	7.431635388739946	10147	2964	7.558884399329851	0.26480733221641867	0.1426037252389869	708	663	0.12186508972404468	True	False	
GTTCTATCACGTGTGC	shared	9325	3226	6.455764075067024	9692	3216	6.5621130829550145	0.32408171687990095	0.13010730499380932	708	722	0.0556848216466253	True	False	
AGGGCTCCAATACGCT	shared	9324	3199	8.773058773058773	9647	3192	8.956152171659584	0.3202031719705608	0.11713486057841817	710	728	0.04912618187012237	True	False	
TCGCTTGAGAGACAAG	shared	9323	3179	7.1865279416496834	9716	3182	7.266364759160148	0.28221490325236726	0.14862083161794978	711	716	0.059561964387476456	True	False	
ATTCTTGGTACAATAG	shared	9317	3317	9.123108296662016	9802	3336	9.253213629871455	0.34084880636604775	0.13711487451540502	712	706	0.07320299253615153	True	False	
TTACTGTGTTAAGGGC	shared	9317	2986	7.427283460341312	9738	2992	7.414253440131444	0.34401314438283015	0.12045594577942083	712	713	0.06375331361624936	True	False	
GAACACTGTTGGACTT	shared	9304	3211	5.631986242476354	9778	3228	5.635099202290857	0.40795663734915116	0.11750869298425036	714	709	0.0716807925205534	True	False	
GAACGTTGTCAGGAGT	shared	9300	3156	7.043010752688172	9667	3141	7.0963070238957275	0.27888693493327815	0.13406434260887556	715	727	0.05583163672345042	True	False	
GGATCTATCATAAGGA	shared	9278	3069	7.512394912696702	9778	3072	7.578236858253222	0.26027817549601145	0.15555328287993456	716	709	0.07571760865664649	True	False	
TGTTCATGTCCTGGGT	shared	9276	3209	10.360068995256576	9753	3213	10.304521685635189	0.28339997949348916	0.1394442735568543	717	711	0.07233563090629963	True	False	
GGAACCCTCTAATTCC	shared	9274	3189	8.022428294155704	9705	3203	8.119526017516744	0.4061823802163833	0.11777434312210201	718	718	0.06552957836866999	True	False	
CGTGCTTGTTTAGACC	shared	9260	3156	7.084233261339093	9615	3171	7.1658866354654185	0.2880915236609464	0.1408216328653146	719	734	0.05426891237490465	True	False	
GTTCTATTCTACACTT	shared	9259	3443	2.5812722756237174	9738	3460	2.618607516943931	0.37266379133292254	0.14736085438488397	720	713	0.07276145057710802	True	False	
TGTCCACCAACTGGTT	shared	9258	3304	10.434219053791315	9716	3338	10.631947303417045	0.2946685878962536	0.1301976121860848	721	716	0.06965458238232922	True	False	
CTGGCAGTCGTCTCAC	shared	9254	3336	6.883509833585476	9746	3331	6.895136466242561	0.30391955674122717	0.140365278062795	722	712	0.07472525429270309	True	False	
ACAAAGAGTTCCATTT	shared	9247	3355	10.316859522007137	9791	3364	10.38709018486365	0.33622714738024717	0.14533755489735473	723	707	0.08246216019197297	True	False	
AGTACCATCAGCTTGA	shared	9217	3645	4.88228273841814	9675	3669	4.888888888888889	0.3829457364341085	0.1440826873385013	724	725	0.06995700164327606	True	False	
TCATCCGTCCAACTGA	shared	9210	2995	4.473398479913138	9734	3023	4.530511608793918	0.34631189644544896	0.13242243681939594	725	715	0.07982318671969198	True	False	
TGTCCCACATACTTTC	shared	9201	2948	6.944897293772416	9700	2970	7.051546391752577	0.34103092783505157	0.13742268041237113	726	719	0.07618601464007915	True	False	
CTAGGTATCTAACGCA	shared	9199	2929	8.544407000760952	9699	2963	8.598824621094959	0.36601711516651203	0.12217754407670894	727	720	0.07635088613011483	True	False	
GATGACTTCTCTAGGA	shared	9198	3029	6.370950206566645	9644	3030	6.428867689755288	0.5055993363749481	0.1253629199502281	728	729	0.06830420030624015	True	False	
ACGTAGTCACGCCACA	shared	9196	3090	7.8621139625924314	9676	3122	7.937164117403886	0.3686440677966102	0.12060768912773874	729	724	0.07339652155426339	True	False	
ATACTTCGTTCGGTAT	shared	9191	2743	7.931672288107932	9641	2738	7.997095736956747	0.21875324136500363	0.1473913494450783	730	730	0.06895363175013669	True	False	
ATCTTCATCTCATAGG	shared	9188	3107	7.8580757509795385	9618	3129	7.860262008733624	0.3292784362653358	0.1429611145768351	731	733	0.06597905024267149	True	False	
GTAACACGTAGATGTA	shared	9187	3267	7.880700990530097	9669	3269	7.963594994311718	0.32661081807839487	0.1492398386596339	732	726	0.07376503298627964	True	False	
CGTGTCTCACAGTACT	shared	9180	3031	5.130718954248366	9294	3003	5.3044975252851305	0.25005379814934364	0.15773617387561867	733	789	0.017803563742227642	True	False	
CCCGGAATCAAACCCA	shared	9152	3126	6.381118881118881	9577	3130	6.411193484389684	0.36378824266471754	0.14691448261459747	734	740	0.06547975493618877	True	False	
ATTCAGGTCTTCGTGC	shared	9149	2974	7.279484096622582	9631	2978	7.278579586751116	0.2510642716228844	0.15252829405046206	735	731	0.07406364870093494	True	False	
TGTCCTGGTTGGCTAT	shared	9144	2893	7.2506561679790025	9679	2913	7.252815373488997	0.33236904638908976	0.12119020559975203	736	723	0.08202387752587817	True	False	
GATTTCTCAAGTGGGT	shared	9137	3262	5.548867243077597	9581	3283	5.563093622795115	0.30602233587308214	0.1592735622586369	737	739	0.0684483709239403	True	False	
CGTGAATAGTCGGCCT	shared	9133	2911	5.036680170809154	9513	2938	5.234941658782718	0.30863029538526227	0.15053085251760748	738	752	0.058805235584100335	True	False	
AAGTACCAGCGCCTTG	shared	9129	2944	5.531821667214372	9562	2918	5.626437983685421	0.2767203513909224	0.1389876594854633	739	741	0.06684841554588318	True	False	
CCACCATAGGTCATCT	shared	9122	3351	8.890594167945626	9561	3367	8.984415856082	0.42861625352996546	0.13952515427256562	740	742	0.06780408859574062	True	False	
GGTGTCGGTGTTATCG	shared	9117	2974	11.98859273883953	9596	2992	11.942476031679867	0.2534389328887036	0.13359733222175907	741	737	0.07386608397206483	True	False	
TTCGCTGCACTAGTAC	shared	9117	2808	6.306899199298015	9608	2830	6.182348043297252	0.32805995004163196	0.1480016652789342	741	735	0.07566888963107458	True	False	
ATCCACCCATGTCTAG	shared	9104	3560	6.40377855887522	9558	3578	6.622724419334589	0.37915881983678595	0.15704122201297344	743	745	0.07020068358749672	True	False	
GTAATCGGTTGCGAAG	shared	9104	3681	7.502196836555361	9470	3656	7.634635691657867	0.3932418162618796	0.13220696937697993	743	760	0.05685774416994066	True	False	
CCGTGAGAGAGGTCAC	shared	9103	3377	5.591563220916181	9418	3384	5.691229560416224	0.29496708430664687	0.15013803355277128	745	766	0.04907334172408619	True	False	
TAGGGTTAGGAACATT	shared	9098	3143	7.221367333479885	9515	3181	7.2727272727272725	0.35470310036784025	0.11960063058328954	746	750	0.06464727307980762	True	False	
TCTGCCAGTAACGCGA	shared	9097	2771	5.562273276904474	9541	2797	5.565454354889424	0.2778534744785662	0.15868357614505818	747	746	0.06874225169265077	True	False	
CACAGATCATCATGAC	shared	9094	3176	7.235539916428414	9509	3187	7.298348932590177	0.3206436007992428	0.1186244610369124	748	757	0.06437170320907712	True	False	
GGTCTGGTCAGACATC	shared	9092	3115	5.345358556973164	9530	3111	5.519412381951732	0.4108079748163694	0.12696747114375656	749	748	0.0678712379291637	True	False	
TCTTAGTTCAGAATAG	shared	9076	3195	11.073159982371088	9595	3222	11.22459614382491	0.3498697238144867	0.13746743095362168	750	738	0.08021760023324401	True	False	
GCGGATCAGCAACTTC	shared	9071	3127	8.896483298423547	9448	3101	8.943691786621507	0.2941363251481795	0.125	751	763	0.058741014833532036	True	False	
ACGATCATCCACGGAC	shared	9070	3014	9.944873208379272	9559	3019	10.01150747986191	0.2747149283397845	0.14760958259232138	752	744	0.07574901392239324	True	False	
GTTGTAGCAGTTCTAG	shared	9068	2986	7.995147772386414	9510	3005	8.04416403785489	0.27665615141955835	0.13922187171398528	753	756	0.06865355637222031	True	False	
AAGTGAACATCAGCAT	shared	9064	3191	8.859223300970873	9631	3213	8.87758280552383	0.30931367459246184	0.13882255217526737	754	731	0.08752837212818165	True	False	
GTGAGTTTCCAATGCA	shared	9056	3136	6.338339222614841	9541	3149	6.393459805051881	0.35646158683576146	0.15407190022010273	755	746	0.07525842874952351	True	False	
CCTCCAACAACCCTCT	shared	9055	3364	4.549972390944229	9468	3373	4.562737642585551	0.44476130122517954	0.1432192648922687	756	761	0.06433811575848898	True	False	
AGTAACCTCGTTGTAG	shared	9053	2652	7.279354909974594	9561	2661	7.3632465223303	0.2165045497332915	0.14862462085555905	757	742	0.07875709909985498	True	False	
GCAGCCACATACATCG	shared	9048	2932	6.21131741821397	9513	2953	6.223063176705561	0.38704930095658574	0.12582781456953643	758	752	0.07229365572923933	True	False	
CTTCGGTCACGTTCGG	shared	9037	2859	8.077901958614584	9514	2885	8.114357788522177	0.36661761614462895	0.12182047508934202	759	751	0.07420009949038092	True	False	
TCTTGCGCACTACTTT	shared	9033	3151	3.144027454887634	9361	3155	3.172737955346651	0.431470996688388	0.137058006623224	760	775	0.05145185127443818	True	False	
AGATGAACAGGCACAA	shared	9022	3320	6.572821990689426	9513	3355	6.654052349416588	0.3393251340271208	0.13917796699253654	761	752	0.07644483954319932	True	False	
GTATTTCAGAAGAGCA	shared	9015	2670	7.798114254021076	9500	2669	7.852631578947369	0.22715789473684211	0.14210526315789473	762	758	0.07559185257712495	True	False	
GGGACTCCACATATCG	shared	8984	2853	7.602404274265361	9474	2862	7.652522693687988	0.2915347266202238	0.14365632256702554	763	759	0.07660743954851211	True	False	
GATCAGTAGGAACATT	shared	8983	2805	7.35834353779361	9395	2802	7.376263970196913	0.33124002128791913	0.12474720596061735	764	770	0.06468878561159581	True	False	
AGGTGTTGTCGATTAC	shared	8970	3170	6.9453734671125975	9600	3187	6.895833333333333	0.3321875	0.14458333333333334	765	736	0.09791586699308605	True	False	
GATGGAGTCTGCGGCA	shared	8969	2893	7.024194447541532	9426	2901	7.023127519626565	0.27116486314449395	0.13547634203267558	766	765	0.0716907429431735	True	False	
GGCTGTGGTCCACATA	shared	8967	3103	9.601873536299765	9403	3082	9.730936935020738	0.27937892162075934	0.12676805274912262	767	768	0.06848826084759467	True	False	
GGCTGTGCACGGTGAA	shared	8965	3103	9.369771332961516	9388	3097	9.490839369407755	0.32925010651896036	0.13091180230080954	768	771	0.0665070086643394	True	False	
TCATTGTGTGAGCAGT	shared	8948	3005	6.426016987036209	9398	3016	6.352415407533518	0.30708661417322836	0.13258140029793572	769	769	0.07078079203584117	True	False	
GTGAGGACACTTTAGG	shared	8943	2740	6.955160460695516	9454	2768	7.04463719060715	0.28813200761582397	0.14004654114660461	770	762	0.08015726999393384	True	False	
TCATGCCCAAAGCGTG	shared	8942	3001	10.54573920823082	9516	3037	10.540142917192098	0.2471626733921816	0.13776796973518285	771	749	0.08974799504472951	True	False	
CGATCGGCAATTGGTC	shared	8935	3127	7.644096250699496	9369	3087	7.802326822499733	0.2557370050165439	0.11644785996371011	772	774	0.06841986206323421	True	False	
TCATACTTCAGAGCAG	shared	8912	3073	7.697486535008976	9319	3049	7.8656508209035305	0.28393604463998284	0.14486532889795042	773	781	0.06441884898507201	True	False	
ACTCCCAAGGTTGGTG	shared	8910	3544	5.084175084175084	9432	3587	5.216284987277354	0.3638676844783715	0.145568278201866	774	764	0.08212932640243215	True	False	
TCGCTCACAAGATTGA	shared	8901	2709	8.493427704752275	9411	2710	8.553819997874827	0.18127722877483796	0.15662522579959623	775	767	0.08037181977202816	True	False	
GCTTTCGGTTCGGGTC	shared	8895	2978	7.2400224845418775	9347	2987	7.403444955600728	0.3381833743447095	0.13801219642666096	776	776	0.07150094605931788	True	False	
ACTTCGCGTACTCCGG	shared	8890	2918	7.086614173228346	9241	2931	7.217833567795693	0.3798290228330267	0.13007250297586842	777	797	0.05585939666925343	True	False	
TTGGTTTCACTGGATT	shared	8884	3431	5.211616389013957	9307	3426	5.318577414849038	0.4006661652519609	0.15676372622757065	778	786	0.06709943448930802	True	False	
TCATACTCAGGTACGA	shared	8882	3186	8.263904526007655	9384	3215	8.312020460358056	0.32395566922421143	0.146845694799659	779	772	0.07930975381952664	True	False	
TGCTTGCGTGAACTAA	shared	8882	2889	5.7757261877955415	9371	2928	5.85849962650731	0.2920712837477324	0.1483299541137552	779	773	0.07730996296442538	True	False	
TGTCCCAAGCTCCATA	shared	8875	3091	5.791549295774648	9337	3096	5.858412766413195	0.32365856270750776	0.16536360715433224	781	778	0.0732039210451776	True	False	
AGTTCCCCAAACAGGC	shared	8873	3517	5.961906908599121	9314	3519	5.990981318445351	0.3616061842387803	0.1394674683272493	782	784	0.06997121600877594	True	False	
GACAGCCGTATCGTGT	shared	8870	3207	7.643742953776775	9326	3210	7.741797126313532	0.3040960754878833	0.1437915505039674	783	779	0.07231637322073976	True	False	
TAGATCGCACACGCCA	shared	8860	2769	6.489841986455982	9324	2770	6.585156585156585	0.27616902616902617	0.16366366366366367	784	780	0.07363420337868602	True	False	
TCTCACGAGGCTCCCA	shared	8858	3134	9.39263942199142	9318	3152	9.540673964370036	0.31262073406310364	0.14015883236746082	785	783	0.07303129377620723	True	False	
TATGTTCAGTATGGAT	shared	8854	3251	8.18838942850689	9345	3261	8.432316746923489	0.3234884965222044	0.15227394328517924	786	777	0.07785673022552299	True	False	
GGGTCTGTCCCGTTCA	shared	8853	3126	9.623856319891562	9199	3090	9.7836721382759	0.2849222741602348	0.1107729100989238	787	802	0.05530448773387188	True	False	
ATCCACCCAGCAGTGA	shared	8832	3595	4.030797101449275	9264	3589	4.112694300518135	0.3893566493955095	0.1432426597582038	788	794	0.06888746476001648	True	False	
CGATGCGAGCAGAAAG	shared	8830	2778	7.2706681766704415	9313	2779	7.258670675399978	0.27273703425319445	0.14141522602813272	789	785	0.07682406791369047	True	False	
GGGAGATCACGGGTAA	shared	8824	2718	7.717588395285585	9289	2716	7.923350199160297	0.20335881149747012	0.14091936699321778	790	792	0.0740823182241103	True	False	
TGGGCTGAGAGGGTCT	shared	8806	3026	8.233022938905291	9319	3047	8.359266015666917	0.3015344994098079	0.12887648889365813	791	781	0.08167928899089148	True	False	
TGTCCTGGTACTTGTG	shared	8803	3052	8.644780188572078	9261	3062	8.67076989525969	0.3140049670661916	0.1445848180542058	792	795	0.07316461181213618	True	False	
GTGCTGGCAGGCTACC	shared	8802	3320	6.7598273119745516	9274	3334	6.793185249083459	0.3780461505283588	0.14157860685788226	793	793	0.07535201394390244	True	False	
GCGAGAATCCTCAGAA	shared	8795	3031	5.980670835702104	9302	3049	5.987959578585251	0.31552354332401633	0.14889271124489356	794	787	0.08084842247881045	True	False	
GTTACAGCAAATCAGA	shared	8795	3051	4.059124502558272	9293	3056	4.078338534380717	0.388894867104272	0.15269557731625955	794	790	0.0794520406557567	True	False	
GATGATCGTGTAACGG	shared	8793	3076	3.8325941089503015	9130	3057	3.855421686746988	0.3512595837897043	0.11982475355969333	796	805	0.054253335987323584	True	False	
GATGGAGTCTTCCAGC	shared	8793	3247	7.6765609007164795	9049	3234	7.8240689578959	0.3195933252293071	0.12255497845065753	796	816	0.04139825964528299	True	False	
TCCTCGATCTCTCGAC	shared	8777	3311	5.332118035775322	9216	3329	5.501302083333333	0.404296875	0.1570095486111111	798	801	0.0704049805209651	True	False	
GCCGATGCATCTTTCA	shared	8774	3070	6.302712559835879	9299	3116	6.258737498655769	0.41961501236692117	0.1406602860522637	799	788	0.0838315908034707	True	False	
CGTCCATGTTTGGAAA	shared	8765	2666	6.126640045636052	9219	2669	6.150341685649202	0.2904870376396572	0.1439418592038182	800	800	0.07284807179204575	True	False	
ACATTTCGTGCCGAAA	shared	8758	2764	4.064854989723681	9221	2774	4.121028088059863	0.2683006181542132	0.15790044463724107	801	799	0.0743134965390041	True	False	
AGTCTCCGTGAGTCAG	shared	8739	3250	7.598123355074951	9222	3264	7.709824333116461	0.3432010409889395	0.15040121448709606	802	798	0.07760281812397254	True	False	
GCAGCCATCACCGGGT	shared	8737	2989	7.451070161382626	9166	3000	7.538730089461052	0.26380100370936066	0.14553785729871263	803	804	0.06914656770539869	True	False	
AACAGGGGTGGGAGAG	shared	8733	2861	11.118744990266805	9293	2894	10.98676423114172	0.22866673840525126	0.12482513720004304	804	790	0.08965711373046964	True	False	
CAACAGTTCGAGCACC	shared	8720	2747	6.353211009174312	9243	2786	6.350751920372174	0.27350427350427353	0.15720004327599266	805	796	0.08402368761023749	True	False	
ATTCAGGCAAGTATCC	shared	8706	3004	8.350562830232024	9087	2987	8.484648398811489	0.27797953119841534	0.11499944976339826	806	810	0.061787111501657645	True	False	
TGAACGTCAAATGAAC	shared	8697	2983	8.198229274462458	9190	2977	8.204570184983679	0.282480957562568	0.14178454842219804	807	803	0.07953812948642268	True	False	
GATAGCTGTCTGTTAG	shared	8673	3231	5.246166263115415	9119	3246	5.3185656321965125	0.3360017545783529	0.15451255620133786	808	807	0.07233638118900111	True	False	
GTCTACCCAGGAAGTC	shared	8660	2895	7.494226327944573	9091	2917	7.446925530744693	0.3034869651303487	0.14145858541414585	809	809	0.07006407586070956	True	False	
TGCAGGCCAGGAATAT	shared	8655	2900	5.961871750433276	9123	2910	5.875260331031459	0.3168913734517154	0.1412912419160364	810	806	0.07596594748532207	True	False	
CAGTTCCCAATCGTCA	shared	8650	3265	7.190751445086705	9066	3286	7.302007500551511	0.3728215309949261	0.15199647032870064	811	812	0.06775837626251435	True	False	
GAGCCTGCAGTCTCTC	shared	8644	3255	9.09301249421564	9097	3250	9.222820710124216	0.34406947345278666	0.1478509398702869	812	808	0.07368347076201015	True	False	
GTGCTTCCACTCATAG	shared	8640	3366	6.388888888888889	9064	3399	6.387908208296558	0.39165931156222417	0.13845984112974405	813	814	0.06910873865036152	True	False	
TCATGTTAGAGGCGGA	shared	8639	3008	5.660377358490566	8953	2995	5.875125656204625	0.34010946051602814	0.13559700658996984	814	827	0.05150100585271348	True	False	
TATTGCTTCTCGAACA	shared	8635	3376	5.836711059640996	9033	3406	5.867375179895937	0.36787335326026793	0.14557732757666333	815	818	0.06500167041501081	True	False	
CTCAGAACAATTGTGC	shared	8631	3073	12.941721700845788	8985	3074	13.18864774624374	0.6041179744017807	0.1275459098497496	816	824	0.057984197035421285	True	False	
TGTGTGATCTGACAGT	shared	8631	2741	7.727957362993859	9080	2759	7.7312775330396475	0.25187224669603525	0.1421806167400881	816	811	0.07315631106065273	True	False	
GTTGAACAGGAACATT	shared	8597	3348	5.187856228917064	8975	3340	5.337047353760446	0.3448467966573816	0.1562116991643454	818	826	0.06207156562549103	True	False	
ACACTGATCTTTCCGG	shared	8595	3271	7.050610820244328	9020	3298	7.106430155210643	0.3900221729490022	0.14722838137472283	819	821	0.06962188586737567	True	False	
CTCAAGACATCCTGTC	shared	8591	2798	14.7247119078105	9054	2830	14.866357411089021	0.6385023194168323	0.10437375745526839	820	815	0.07572064785211775	True	False	
CAGCGTGTCCATCACC	shared	8584	2926	9.529356943150047	9037	2931	9.726679207701672	0.3161447382981078	0.11574637600973775	821	817	0.0741854227815069	True	False	
TCGAAGTGTATCAGGG	shared	8583	3027	8.924618431783758	9026	3019	9.073786838023487	0.2807445158431199	0.13771327276756037	822	820	0.07259653129797104	True	False	
TAAGCGTTCTGTCGTC	shared	8572	2653	5.261315912272515	9066	2650	5.217295389366865	0.2299801455989411	0.14394440767703506	823	812	0.08082514152628083	True	False	
GTGAGGAAGCATTGAA	shared	8550	2958	7.695906432748538	9004	2958	7.885384273656153	0.31386050644158153	0.1408262994224789	824	822	0.07463312973777199	True	False	
AGTTCCCGTTACACTG	shared	8537	2723	5.8802858146890005	8940	2733	5.984340044742729	0.305592841163311	0.14194630872483222	825	828	0.06653803508246695	True	False	
TGAGCGCTCGTCTAAG	shared	8527	3005	9.006684648762754	8825	2978	9.110481586402265	0.2488385269121813	0.14787535410764874	826	846	0.049552309216810295	True	False	
ATCCATTAGACGCAGT	shared	8523	2789	9.46849700809574	9003	2812	9.319115850272132	0.33866488948128404	0.1197378651560591	827	823	0.07903546367145212	True	False	
AGAGAATAGAGGGTCT	shared	8519	3026	8.40474234065031	9030	3051	8.516057585825028	0.24274640088593577	0.1406423034330011	828	819	0.08403231530190153	True	False	
CTCATCGTCGTACCTC	shared	8517	2892	12.128683808852882	8894	2868	12.311670789296155	0.30008994827973917	0.13492241960872497	829	833	0.062479875604184616	True	False	
TAAGCCATCTGGCCTT	shared	8509	2970	8.673169585145141	8922	2988	8.731226182470298	0.4320780094149294	0.11992826720466263	830	829	0.06836970799541936	True	False	
AGAGCAGTCGCGCTGA	shared	8499	3014	9.965878338628073	8862	2997	9.963890769577974	0.2635973820807944	0.1351839313924622	831	837	0.06033227203810789	True	False	
CTCTCGATCCATAGGT	shared	8499	3020	4.941757853865161	8846	3027	5.087044992086819	0.4303640063305449	0.12028035270178612	831	839	0.05772548187046653	True	False	
CGTGTCTCATGGGTTT	shared	8481	2758	5.482844004244782	8623	2724	5.775252232401717	0.2734547141366114	0.159573234373188	833	872	0.023952695156070944	True	False	
GCAGCTGGTGGGTCAA	shared	8468	2952	7.900330656589514	8892	2963	7.973459289248763	0.3476158344579397	0.13337831758884391	834	834	0.07047855613951559	True	False	
TGGTAGTTCCCTCATG	shared	8460	3028	7.092198581560283	8677	3018	7.295148092658753	0.2986055088164112	0.13092082516998962	835	863	0.036534401558609736	True	False	
GCAACCGTCATTTCCA	shared	8453	3404	4.081391222051343	8878	3404	4.212660509123676	0.3472628970488849	0.13550349177742735	836	835	0.07076308940038992	True	False	
CCGTAGGGTTCCCACT	shared	8450	3331	8.402366863905325	8808	3342	8.503633060853769	0.3883969118982743	0.14464123524069028	837	849	0.059856188885883045	True	False	
CTCCCTCGTTTACGAC	shared	8434	3265	6.426369456959924	8832	3316	6.510416666666667	0.4585597826086957	0.15387228260869565	838	842	0.06651544297968374	True	False	
CTACGGGTCGTTCAGA	shared	8433	3145	6.130677101861734	8977	3154	6.360699565556422	0.32427314247521444	0.1581820207196168	839	825	0.09017707463641138	True	False	
CAGGGCTAGATTGGGC	shared	8430	3053	10.379596678529063	8905	3064	10.398652442448062	0.27916900617630547	0.146771476698484	840	831	0.07907385256143586	True	False	
CGAGGCTCAGATCACT	shared	8426	2978	7.298836933301685	8840	2968	7.273755656108597	0.40384615384615385	0.11798642533936651	841	840	0.0691904359976019	True	False	
GTGGCGTAGAATAACC	shared	8425	3195	6.160237388724036	8853	3208	6.133514063029481	0.3728679543657517	0.13882299785383487	842	838	0.07148145753561151	True	False	
AAAGGGCTCCGTAGGC	shared	8415	2992	8.472964943553178	8918	3010	8.421170666068626	0.2812289751065261	0.13624130971069748	843	830	0.08374725933649814	True	False	
TTGACCCGTCTCGGGT	shared	8412	3014	9.759866856871136	8873	3027	9.669784740223148	0.2735264284909275	0.14899132198805365	844	836	0.0769642088783301	True	False	
GAGTGAGGTCGGCTAC	shared	8407	2881	7.2915427619840605	8831	2895	7.337787340052089	0.32612388178009283	0.12569357943607745	845	843	0.07097750281599068	True	False	
TCTACCGTCCACGGAC	shared	8405	2926	6.400951814396192	8808	2906	6.562216167120799	0.34298365122615804	0.1737057220708447	846	849	0.0675587968299957	True	False	
CTGAATGAGGCGAACT	shared	8401	2539	8.570408284728009	8833	2544	8.705988905241707	0.25574549983018224	0.1357409713574097	847	841	0.07233404655363579	True	False	
CTGCGAGAGATTAGAC	shared	8400	2951	8.19047619047619	8782	2967	8.244135732179458	0.22899111819631063	0.13265770895012527	848	853	0.06415273667613877	True	False	
AGAGCAGGTTGAGTCT	shared	8391	2737	6.387796448575855	8818	2750	6.271263325017011	0.27001587661601273	0.14334316171467454	849	847	0.07160039772787545	True	False	
GGAAGTGCAACCCTCT	shared	8387	2912	7.821628711100512	8595	2897	8.051192553810354	0.30727166957533447	0.11878999418266434	850	875	0.03533862133119105	True	False	
AAAGTGATCGTACACA	shared	8361	3396	6.6618825499342185	8828	3403	6.739918441323063	0.366787494336203	0.14193475305845038	851	844	0.07840199961741372	True	False	
CTGCATCGTAAGCTCT	shared	8360	2727	6.662679425837321	8814	2748	6.625822555026095	0.27263444520081687	0.15429997730882686	852	848	0.07628506638257879	True	False	
GCAACCGTCGAACGGA	shared	8344	2833	8.269415148609779	8896	2858	8.363309352517986	0.2810251798561151	0.13781474820143885	853	832	0.09240690281260207	True	False	
AGTTAGCGTTCATCGA	shared	8332	2993	8.533365338454153	8794	2998	8.687741642028655	0.3082783716170116	0.14532635888105527	854	851	0.07784759759949009	True	False	
CATCAAGGTTGTCCCT	shared	8331	2977	5.641579642299844	8735	3005	5.735546651402404	0.41614195764167144	0.12638809387521466	855	854	0.06831001687920561	True	False	
GTCGAATCAGAACCGA	shared	8330	2882	6.698679471788716	8583	2844	6.885704299196085	0.3139927764185017	0.12734475125247582	856	877	0.043160398216519805	True	False	
TGAGGTTCAAACTAGA	shared	8323	2972	7.8817733990147785	8694	2975	7.936507936507937	0.3250517598343685	0.13434552564987348	857	861	0.06290906245861484	True	False	
ACACTGATCACTGATG	shared	8321	3104	8.664823939430358	8722	3097	8.702132538408621	0.3062371015822059	0.11579912864022013	858	856	0.06789410129651682	True	False	
TCTTGCGAGATGAAGG	shared	8319	3053	4.267339824498137	8645	3051	4.279930595720069	0.36576055523423945	0.1438982070561018	859	867	0.05544930786744925	True	False	
TAGGTACTCGAAGCAG	shared	8314	3351	4.919413038248737	8707	3356	4.938555185482945	0.3584472263695877	0.14942000689100723	860	858	0.06662514401357532	True	False	
ACGTACAAGCTGTTCA	shared	8304	2864	7.658959537572255	8787	2894	7.761465801752589	0.3023785137134403	0.14236940935472858	861	852	0.08155470157353784	True	False	
GACACGCCAGTCCGTG	shared	8301	2818	8.252017829177207	8732	2819	8.279890059551077	0.3380668804397618	0.12746220797068256	862	855	0.0730184082403143	True	False	
AGATGCTGTGTGGTCC	shared	8299	2347	6.338113025665743	8828	2344	6.35478024467603	0.21284549161758043	0.15666062528318986	863	844	0.08913870653990158	True	False	
CGTTCTGTCAGCGCAC	shared	8294	2827	6.956836267181095	8664	2836	7.029085872576177	0.3140581717451524	0.15016158818097877	864	864	0.06295776820430653	True	False	
GTGGGAAAGGTCGTAG	shared	8288	2818	8.373552123552123	8679	2819	8.330452817144833	0.36778430694780506	0.11982947344164074	865	862	0.06649697979819366	True	False	
CGAGGAAAGTCGCGAA	shared	8279	2346	3.5873897813745623	8711	2341	3.639077029043738	0.2114567787854437	0.14372632303983468	866	857	0.07337318633021918	True	False	
AAAGGATCACCGGCTA	shared	8269	2940	6.445761277058895	8703	2933	6.480523957256119	0.3241411007698495	0.12363552797885786	867	859	0.07379122719170232	True	False	
GGGCTACAGGCAGTCA	shared	8254	2694	4.628059122849527	8699	2727	4.5637429589608	0.27738820554086674	0.15748936659386137	868	860	0.07574718582283278	True	False	
GCACGTGTCAGACATC	shared	8245	3371	5.554881746513038	8637	3395	5.673266180386708	0.3890239666550886	0.13384276948014356	869	868	0.0670028553189572	True	False	
ACATGCAGTTGCTTGA	shared	8216	2904	6.91333982473223	8515	2908	6.987668819729889	0.26400469759248385	0.1108631826189078	870	885	0.05156418302575956	True	False	
AAGAACAAGACCATTC	shared	8202	2889	8.546695927822482	8631	2915	8.504228942185147	0.34422430772795737	0.14413161858417334	871	870	0.07354323636437585	True	False	
GATGCTAGTACAGGTG	shared	8192	2769	7.2265625	8611	2790	7.223319010567878	0.30135872720938334	0.14086633375914528	872	874	0.07195650468079122	True	False	
GGGTCACCAGGAGGTT	shared	8190	2892	6.459096459096459	8663	2935	6.475816691677248	0.28396629343183655	0.13286390395936742	873	865	0.08099364859260118	True	False	
ATATCCTGTATGAGCG	shared	8172	2872	7.770435633871757	8566	2886	8.078449684800374	0.31496614522530936	0.10868550081718421	874	879	0.06792435397325028	True	False	
CCAATTTCATTCGATG	shared	8171	3191	6.168155672500306	8652	3190	6.287563569116967	0.31148867313915857	0.15765141007859454	875	866	0.0825111985928075	True	False	
GGTGATTAGCTGTACT	shared	8170	2764	5.826193390452876	8582	2772	5.8494523421113955	0.3439757632253554	0.1258447914239105	876	878	0.07096934635696495	True	False	
AGACCATCATTACTCT	shared	8166	2708	3.5023267205486164	8619	2730	3.5502958579881656	0.32358742313493444	0.15454229028889663	877	873	0.07788164161016088	True	False	
ATTCACTTCTCCGCAT	shared	8164	3213	5.536501714845664	8463	3231	5.695379888928276	0.380597896726929	0.1500649887746662	878	891	0.05188674166496839	True	False	
TGCTCGTTCCCATTTA	shared	8151	2663	6.367316893632683	8534	2644	6.339348488399343	0.3147410358565737	0.13393484883993437	879	882	0.0662371017492867	True	False	
ATACTTCTCGCCGTGA	shared	8119	2922	5.8874245596748365	8548	2932	5.966307908282639	0.38687412260177817	0.14108563406644828	880	881	0.07427594645760446	True	False	
TTTCCTCCACAGAGCA	shared	8118	2806	8.191672825819166	8533	2811	8.484706433845073	0.426930739482011	0.11789523028243291	881	884	0.07192006587291833	True	False	
GGGTAGAAGTAGGGTC	shared	8109	2573	6.646935503761253	8590	2604	6.70547147846333	0.2763678696158324	0.12863795110593715	882	876	0.08312415767464114	True	False	
CCAAGCGAGCTAATCC	shared	8106	2858	5.748828028620775	8514	2900	5.872680291284943	0.35905567300916136	0.14376321353065538	883	886	0.0708383868335377	True	False	
AAATGGATCCTATTTG	shared	8100	2807	6.962962962962963	8555	2806	6.966686148451198	0.4036236119228521	0.12518994739918177	884	880	0.07883647500039016	True	False	
CCAATGAAGGTCACTT	shared	8095	2712	7.646695491043854	8504	2727	7.843367826904986	0.3547742238946378	0.13005644402634053	885	888	0.07110194585643731	True	False	
TCTAACTAGGTCCAGA	shared	8088	3137	11.263600395647874	8420	3143	11.73396674584323	0.49073634204275535	0.13729216152019003	886	897	0.05803020359910552	True	False	
TGTTGAGTCTCGACCT	shared	8088	2949	5.477250247279921	8442	2946	5.484482350153992	0.37941246150201374	0.1195214404169628	886	893	0.06179435313715879	True	False	
TAAGCACTCACCATAG	shared	8085	2935	7.606679035250464	8439	2948	7.808982106884702	0.4019433582177983	0.11814195994786113	888	894	0.061816795322852836	True	False	
AAGGTAAAGGAAGTAG	shared	8077	2949	8.46849077627832	8632	2986	8.5032437442076	0.3113994439295644	0.14411492122335495	889	869	0.09586384245043887	True	False	
AGGGAGTGTGTCGCTG	shared	8075	2549	5.993808049535604	8624	2577	5.971706864564007	0.25185528756957326	0.13566790352504637	890	871	0.0948835461087828	True	False	
TGGGAAGTCGATTGGT	shared	8073	3009	6.4412238325281805	8534	3029	6.515116006561987	0.3844621513944223	0.13991094445746427	891	882	0.0801075664345904	True	False	
ACGTACACAGACGATG	shared	8071	3284	5.687027629785653	8409	3282	5.767629920323463	0.35925793792365324	0.1515043405874658	892	899	0.05917962603614945	True	False	
GGGTCTGGTTTGAAAG	shared	8055	2931	7.163252638112973	8512	2962	7.272086466165414	0.3300046992481203	0.14638157894736842	893	887	0.07960394708824331	True	False	
AGTTAGCAGTCAGGGT	shared	8032	2962	11.180278884462151	8499	2954	11.366043063889869	0.29991763736910226	0.13989881162489703	894	889	0.08152396473566598	True	False	
GTTGCTCAGTTTCGAC	shared	8024	3406	4.611166500498505	8451	3402	4.6148384806531775	0.3742752337001538	0.15276298662880133	895	892	0.07479137503791282	True	False	
GACCTTCGTCGAGCTC	shared	8019	2713	6.546950991395436	8421	2753	6.5669160432252704	0.28238926493290584	0.1638760242251514	896	896	0.07056063882681148	True	False	
TTATTGCGTACGTAGG	shared	8004	2908	10.507246376811594	8292	2892	10.660877954655088	0.2566328991799325	0.12735166425470332	897	907	0.05099268959275799	True	False	
ATGCGATGTTGTAGCT	shared	8001	3002	7.449068866391701	8417	3017	7.6868242841867644	0.45717001306878935	0.11429250326719734	898	898	0.07311688099545359	True	False	
GCGGAAAGTGTGTCCG	shared	7999	2951	6.1632704088011	8436	2954	6.187766714082503	0.2795163584637269	0.14426268373636794	899	895	0.07673010147814353	True	False	
TGAATGCGTGGACTAG	shared	7963	2863	7.082757754615095	8349	2880	7.078692058929213	0.3062642232602707	0.12109234638878907	900	901	0.06828297652827418	True	False	
TTCGCTGTCGGACTGC	shared	7961	2520	4.609973621404346	8315	2532	4.702345159350571	0.2721587492483464	0.15009019843656043	901	905	0.06275888676702052	True	False	
AATGAAGCAGTATGAA	shared	7950	2736	12.377358490566039	8385	2756	12.474657125819917	0.4153846153846154	0.13011329755515802	902	900	0.0768465101253021	True	False	
TCATTACGTGCATGAG	shared	7922	2982	7.864175713203736	8301	2990	7.878568847126852	0.32092518973617634	0.15311408264064572	903	906	0.0674121297153586	True	False	
GCCGATGAGTAACCTC	shared	7913	2755	5.472008087956527	8266	2746	5.5165739172513915	0.3014759254778611	0.14977014275344785	904	910	0.06295682148206055	True	False	
ACGTAACTCATATGGC	shared	7912	2842	6.964105156723964	8326	2862	7.050204179678117	0.3830170550084074	0.13740091280326688	905	902	0.07357206673686477	True	False	
CCTGTTGTCAAGAGTA	shared	7899	2805	8.684643625775415	8269	2824	8.63465957189503	0.4354819204256863	0.12685935421453623	906	909	0.06603467610680946	True	False	
ACTGATGAGCAGCGAT	shared	7894	2814	7.24600962756524	8247	2813	7.396629077240209	0.3167212319631381	0.12744028131441737	907	911	0.06310506662050902	True	False	
GTAGGTTCAGAAGCGT	shared	7887	2554	7.467985292253075	8283	2538	7.436918990703851	0.21864058915851745	0.150066401062417	908	908	0.0706680018426004	True	False	
ACGTAACTCTTCGATT	shared	7880	2858	9.187817258883248	8186	2855	9.320791595406792	0.2924505252870755	0.12509161983874909	909	918	0.05495619414050857	True	False	
CACGGGTTCCCGATCT	shared	7857	2832	7.101947308132875	8326	2865	7.134278164785011	0.3081912082632717	0.1211866442469373	910	902	0.08363465616434226	True	False	
GTCGCGAGTTTACCTT	shared	7857	3070	8.603792796232659	8194	3066	8.71369294605809	0.26873321942885037	0.14217720283134	910	916	0.06058178152813447	True	False	
ACACGCGTCGCCGTGA	shared	7845	2912	7.304015296367113	7919	2873	7.387296375805026	0.25179946963000377	0.141558277560298	912	943	0.013543094889876298	True	False	
GTCTGTCTCGAGCCTG	shared	7826	3125	5.916176846409405	8169	3122	5.90035500061207	0.3545109560533725	0.14248990084465663	913	920	0.06187663349443765	True	False	
GTTACAGAGTGTAGTA	shared	7823	2424	7.196727598108143	8325	2463	7.111111111111111	0.24612612612612614	0.13801801801801802	914	904	0.08971718818798462	True	False	
AGTAGCTCAGGCACTC	shared	7802	3032	9.10023071007434	8080	3025	9.319306930693068	0.4172029702970297	0.12103960396039604	915	930	0.050504933293397315	True	False	
GTCCCATCATGCCGAC	shared	7800	2639	4.935897435897436	8210	2655	5.0426309378806335	0.30085261875761266	0.14579780755176613	916	913	0.07389886240191643	True	False	
TCAGGTACAATCGCAT	shared	7799	2821	8.629311450185922	8198	2831	8.61185655037814	0.36801658941205173	0.13869236399121737	917	915	0.07197383660739	True	False	
GTAGGTTGTGTTCGTA	shared	7786	3003	3.647572566144362	8194	3021	3.795460092750793	0.32426165486941666	0.1466927019770564	918	916	0.0736763230569433	True	False	
GCACGGTCACCCAACG	shared	7783	2826	12.077605036618271	8203	2815	12.154089967085213	0.3379251493356089	0.12800195050591248	919	914	0.07581578169874059	True	False	
ATGATCGGTCGAACAG	shared	7782	2860	7.080442045746595	8216	2849	7.193281402142162	0.3351996105160662	0.1181840311587147	920	912	0.07828540964123104	True	False	
AACCCAATCTTACCGC	shared	7766	3229	5.562709245428792	8125	3242	5.747692307692308	0.4281846153846154	0.15827692307692307	921	927	0.06518789860982047	True	False	
TTCCTTCAGTAGTCAA	shared	7750	2989	4.993548387096774	8178	3029	4.964539007092198	0.3950843727072634	0.15725116165321595	922	919	0.07754201122197944	True	False	
AGGGTCCCAGTAGTTC	shared	7746	3256	6.984249935450555	8155	3258	7.087676272225629	0.33856529736358065	0.15058246474555487	923	924	0.07422403568154427	True	False	
TGGTAGTCATCACAGT	shared	7733	2896	5.237294710978921	8160	2904	5.3431372549019605	0.3443627450980392	0.15134803921568626	924	923	0.07753117780640363	True	False	
GAGTTGTCACGGTGCT	shared	7732	2972	8.341955509570615	8165	3009	8.364972443355787	0.32406613594611144	0.15137783221065523	925	922	0.0786013545153182	True	False	
TGTGATGAGCGACTGA	shared	7731	2740	6.467468632777131	8111	2756	6.53433608679571	0.3310319319442732	0.1308100110960424	926	928	0.06921601479210464	True	False	
TGTCCCAAGGTCATAA	shared	7727	2719	7.027306846123981	8131	2703	7.120895338826712	0.33169351863239455	0.12064936662157176	927	926	0.07351512100895925	True	False	
GAGTGTTGTACGTAGG	shared	7725	3025	4.724919093851133	8064	3017	4.910714285714286	0.33110119047619047	0.16021825396825398	928	931	0.06195285581107381	True	False	
TTACAGGGTGATTCTG	shared	7722	2941	9.12975912975913	8148	2925	9.413352970054001	0.3025282277859597	0.15488463426607757	929	925	0.07746165930817403	True	False	
GGCTTGGCACCGAATT	shared	7716	2729	6.920684292379471	8082	2777	6.904231625835189	0.3574610244988864	0.13004206879485275	930	929	0.0668507419143053	True	False	
TTGTGTTGTGTGTCCG	shared	7713	2439	5.354596136393103	8000	2418	5.525	0.2215	0.146875	931	937	0.05270117964332049	True	False	
GGGAGATTCACGGACC	shared	7712	2710	8.739626556016598	8169	2710	8.936222303831558	0.33908679152895094	0.13220712449504224	932	920	0.08304396747823344	True	False	
CAACAACTCGATACTG	shared	7680	2968	5.950520833333333	8051	2978	6.073779654701279	0.39075891193640544	0.14917401565022978	933	934	0.06805302262485477	True	False	
AACCAACAGCTTGTTG	shared	7660	2901	9.516971279373369	8063	2946	9.624209351358056	0.4555376410765224	0.1570135185414858	934	932	0.0739629175912016	True	False	
CTTCGGTTCCAAGAGG	shared	7652	2747	6.2467328802927335	7991	2733	6.369665874108372	0.3560255287198098	0.13402577900137655	935	939	0.06253118346878993	True	False	
ACCACAAGTCTGTGGC	shared	7609	2795	7.675121566565909	8010	2811	7.802746566791511	0.3739076154806492	0.12109862671660425	936	935	0.07408588940360568	True	False	
TGGGCGTAGTGGAATT	shared	7600	2693	7.131578947368421	7960	2688	7.248743718592965	0.30954773869346736	0.12361809045226131	937	940	0.06676042811738137	True	False	
GTGGCGTCAATCGAAA	shared	7599	2705	9.501250164495328	8001	2714	9.648793900762405	0.2887139107611549	0.145856767904012	938	936	0.07436121012729179	True	False	
TTGTTTGAGGTCGACA	shared	7591	2381	7.008299301804769	7925	2367	7.053627760252366	0.23608832807570979	0.14473186119873818	939	942	0.06211297494687437	True	False	
TCTTTGAGTGGAGAAA	shared	7586	2701	9.688900606380175	8059	2714	9.839930512470529	0.3247301153989329	0.1178806303511602	940	933	0.08725030103093509	True	False	
GAGTGTTCACAAGCTT	shared	7574	2600	9.321362556113018	7995	2644	9.393370856785491	0.3360850531582239	0.11044402751719824	941	938	0.07803258349695195	True	False	
GTGTGATTCTTACGTT	shared	7571	2988	9.655263505481443	7945	2984	9.792322215229705	0.3277533039647577	0.1382001258653241	942	941	0.06955438238439375	True	False	
TTACTGTGTAAGAACT	shared	7552	2779	9.163135593220339	7863	2783	9.207681546483531	0.32722879308152103	0.1175123998473865	943	948	0.05821353479495961	True	False	
GTTTGGAGTGTATACC	shared	7542	3008	4.441792627950146	7897	3012	4.419399772065341	0.32088134734709384	0.16158034696720275	944	946	0.06634894187380519	True	False	
ATCTCTAGTCGTGGTC	shared	7537	2794	11.091946397770997	7861	2808	11.308993766696348	0.4250095407708943	0.15010812873680193	945	949	0.0607145687597374	True	False	
AGTAACCCAAGCTCTA	shared	7534	2812	7.008229360233607	7828	2791	7.064384261624936	0.3127235564639755	0.13068472151251917	946	953	0.0552205316862111	True	False	
ATGCGATGTGCTCTTC	shared	7519	2824	10.653012368666046	7846	2823	10.769819016059138	0.3473107315829722	0.12656130512362987	947	952	0.06140853829803115	True	False	
AGCGTCGCATTGACCA	shared	7515	2464	6.240851630073187	7557	2449	6.431123461691147	0.22508932115919014	0.17268757443429933	948	975	0.008039451839905993	True	False	
CGATCGGCAGCGTGAA	shared	7514	2400	9.648655842427468	7916	2414	9.714502273875695	0.2235977766548762	0.13996968165740273	949	944	0.07518074724369775	True	False	
TTGGGCGCACGGTGAA	shared	7508	2792	9.416622269579115	7866	2798	9.458428680396644	0.2993897787948131	0.1290363590134757	950	947	0.06719279185660734	True	False	
GTCATGACATTGGATC	shared	7498	2823	5.361429714590558	7800	2813	5.5256410256410255	0.39692307692307693	0.12602564102564104	951	956	0.0569608495774717	True	False	
AACCCAACAACTGATC	shared	7494	3020	5.924739791833467	7899	3025	6.190657045195595	0.3513102924420813	0.16419799974680338	952	945	0.07592417511660572	True	False	
TTTGGTTAGTAACCTC	shared	7493	2728	5.1648204991325235	7856	2744	5.218940936863544	0.37130855397148677	0.1480397148676171	953	950	0.06824258274263886	True	False	
AGGACTTTCCTACCAC	shared	7470	2889	5.515394912985275	7853	2907	5.615688271997962	0.4334649178657838	0.14363937348783903	954	951	0.07212623604956009	True	False	
TGGATGTTCACGGGAA	shared	7469	2951	11.768643727406614	7810	2986	11.895006402048656	0.3866837387964149	0.1320102432778489	955	955	0.06439901760456469	True	False	
TGCGACGAGCGACAGT	shared	7463	3122	6.646120862923757	7776	3125	6.880144032921811	0.31147119341563784	0.14531893004115226	956	962	0.059264752594937346	True	False	
GGATGTTAGCCGGATA	shared	7454	2766	5.178427689830963	7799	2761	5.3981279651237335	0.36286703423515837	0.16540582125913578	957	957	0.0652657714661683	True	False	
TTTCACATCTCAGGCG	shared	7426	2709	6.140587126312955	7819	2757	6.12610308223558	0.3586136334569638	0.14119452615423966	958	954	0.07438902922234568	True	False	
TGCAGTAAGTAGTCCT	shared	7423	2745	7.4228748484440255	7778	2742	7.508356904088455	0.3245050141424531	0.13936744664438158	959	960	0.06738799644687868	True	False	
GTACAACAGATAGCTA	shared	7389	3120	7.673568818514007	7785	3127	7.565831727681439	0.30468850353243415	0.1455362877328195	960	958	0.07530798031377005	True	False	
ACAGCCGTCGCTGTTC	shared	7382	2720	8.574911947981576	7784	2698	8.697327852004111	0.309224049331963	0.12307297019527236	961	959	0.07648988078708341	True	False	
ATAGACCTCCGCTTAC	shared	7382	3070	6.529395827688973	7778	3055	6.454101311391103	0.3803034199022885	0.14888146052969914	961	960	0.0753775483951349	True	False	
TGAGTCAGTAACCCTA	shared	7371	3090	6.60697327363994	7732	3095	6.880496637351268	0.34596482152095187	0.1471805483704087	963	963	0.06897214207911942	True	False	
CGCGTGAGTACAATAG	shared	7348	2762	7.4714207947740885	7698	2775	7.5084437516237985	0.3732138217718888	0.12509742790335152	964	966	0.0671231190922441	True	False	
GATGAGGCAAATGCGG	shared	7335	2343	7.825494205862304	7728	2349	8.00983436853002	0.20949792960662525	0.13548136645962733	965	964	0.0752881273042372	True	False	
GCAGTTACACATTCTT	shared	7329	2840	7.995633783599399	7597	2829	8.187442411478216	0.3061734895353429	0.1264973015664078	966	972	0.05180651364384825	True	False	
ATTCCATCACGACTAT	shared	7317	2925	11.083777504441711	7543	2901	11.427813867161607	0.5846480180299616	0.14012992178178443	967	979	0.043880260336009363	True	False	
TGACAGTTCGAGATGG	shared	7305	2640	7.967145790554415	7688	2641	8.155567117585848	0.3164672216441207	0.11667533818938605	968	967	0.07371422565071534	True	False	
ACGTAGTCATTAGGAA	shared	7302	2734	11.36674883593536	7716	2737	11.521513737687922	0.30754276827371696	0.14256091238983928	969	965	0.07955087517336376	True	False	
CGTTCTGTCCCGAACG	shared	7299	3025	5.699410878202493	7545	3026	5.924453280318091	0.36779324055666	0.14738237243207422	970	977	0.047815636155367755	True	False	
TAACTTCGTTGTGGAG	shared	7269	2932	5.365249690466364	7674	2951	5.407870732342976	0.33007557988011466	0.13513161323951003	971	968	0.07821138633794728	True	False	
GCTGGGTAGTACAACA	shared	7267	3072	6.192376496490986	7635	3088	6.260641781270465	0.3836280288146693	0.15481335952848724	972	970	0.0712586831698219	True	False	
GGTGGCTGTGCGCTCA	shared	7252	3080	5.929398786541643	7579	3067	6.174957118353345	0.36917799181950123	0.14909618683203588	973	973	0.0636199994889704	True	False	
CAGCAGCTCAGAGTTC	shared	7247	2849	6.126673106112874	7668	2850	6.142410015649452	0.29981742305685966	0.14827856025039124	974	969	0.08145551424797448	True	False	
AGCTACAGTCGTTTCC	shared	7246	2620	8.694452111509799	8499	2583	8.789269325803035	0.2685021767266737	0.1727262030827156	975	889	0.23007894692768546	True	False	
TTATTGCGTCAACACT	shared	7231	3028	7.661457613054902	7601	3060	7.683199579002763	0.37850282857518747	0.15103275884752007	976	971	0.07198434744677806	True	False	
GAGTTGTAGTGCGTCC	shared	7226	2786	9.88098533075007	7527	2768	9.964129135113591	0.2960010628404411	0.12382091138567823	977	981	0.05886973376890997	True	False	
TAGCACAAGTACTCGT	shared	7226	2728	5.923055632438417	7523	2708	5.994948823607603	0.3050644689618503	0.1226904160574239	977	982	0.058102954563568183	True	False	
CCGATGGTCACCTCTG	shared	7214	2618	14.735237039090658	7468	2601	15.077664702731655	0.3312801285484735	0.12292447777182645	979	987	0.04991570350346852	True	False	
TGGGCTGGTCGCGGTT	shared	7207	2916	6.549188289163314	7520	2903	6.60904255319149	0.2788563829787234	0.16422872340425532	980	983	0.06132548574155675	True	False	
ACATCGATCTGAGAGG	shared	7206	3025	6.702747710241465	7559	3034	6.760153459452309	0.3204127530096574	0.13480619129514487	981	974	0.06898738910040508	True	False	
ATCGTGAAGCAGATAT	shared	7205	2728	5.551700208188758	7294	2722	5.689607896901563	0.2780367425281053	0.1377844803948451	982	998	0.01770932637846291	True	False	
TTTGTTGCAATTAGGA	shared	7184	2681	5.275612472160357	7555	2702	5.320979483785573	0.3670416942422237	0.11753805426869622	983	976	0.07263454504367109	True	False	
GGTTCTCCAGGTTCCG	shared	7165	2681	8.820655966503837	7377	2648	8.973837603361801	0.2745018300122001	0.12213636979802088	984	994	0.0420617454840825	True	False	
CAGAGCCGTGCCCGTA	shared	7161	2603	4.356933389191454	7471	2601	4.470619729621202	0.26435550796412793	0.1421496452951412	985	986	0.061131936389137484	True	False	
TATATCCCATGCGTGC	shared	7149	2568	9.455867953559938	7545	2565	9.529489728296886	0.31809145129224653	0.13969516235917825	986	977	0.07776885825699544	True	False	
TTCAGGAAGATTGGGC	shared	7142	2628	5.1386166339960795	7492	2637	5.1121195942338495	0.3503737319807795	0.13427656166577684	987	985	0.06901333014251677	True	False	
AGAGAGCAGTTGTCGT	shared	7126	2606	7.227055851810272	7538	2604	7.429026266914301	0.31400902096046696	0.12602812417086762	988	980	0.08107824757280511	True	False	
CTTGATTAGGTAGGCT	shared	7105	2648	7.614356087262491	7406	2680	7.655954631379962	0.3150148528220362	0.12908452605995138	989	992	0.059851648532715775	True	False	
GAGGCAAAGTCACGAG	shared	7098	2549	8.875739644970414	7518	2559	9.018355945730248	0.28212290502793297	0.13421122638999733	990	984	0.08292498757941638	True	False	
GCCAGTGAGTCCTACA	shared	7079	2673	5.7352733436926115	7402	2670	5.782221021345582	0.31491488786814376	0.13955687651985949	991	993	0.06436066827725462	True	False	
TACGTCCCATGTGTCA	shared	7061	2907	12.33536326299391	7408	2898	12.446004319654428	0.36042116630669546	0.13822894168466524	992	991	0.06920201260802351	True	False	
GATGATCGTATGGAAT	shared	7053	2700	7.287679001843188	7415	2695	7.349966284558327	0.2954821308159137	0.1428186109238031	993	990	0.07219966819927903	True	False	
ACTTTCAAGTATGACA	shared	7032	2664	7.408987485779295	7432	2676	7.602260495156082	0.24744348762109797	0.17370828848223896	994	989	0.07980439071048263	True	False	
ACACGCGTCACCTCGT	shared	7026	3092	6.532877882152007	7259	3064	6.791569086651054	0.3583138173302108	0.15305138448822153	995	1001	0.04706064965927254	True	False	
GTCGAATAGGAGTATT	shared	7013	2641	6.074433195494082	7287	2628	6.312611499931385	0.36077947028955676	0.12748730616165774	996	999	0.05528552854923833	True	False	
CATCGGGTCGCTACAA	shared	7012	2746	5.519110096976611	7459	2737	5.63078160611342	0.36358761228046654	0.13862448049336373	997	988	0.08914390246957432	True	False	
CTCAGTCAGGGACAGG	shared	6999	3025	6.872410344334905	7330	3022	7.025920873124147	0.3290586630286494	0.14297407912687585	998	996	0.06665508348286595	True	False	
TGGGAGAAGCAAGTGC	shared	6979	2492	6.1326837655824615	7285	2478	6.2045298558682225	0.33644474948524367	0.12381606039807824	999	1000	0.0618999586457674	True	False	
AGGTCATTCAAGTCGT	shared	6896	2320	10.179814385150813	7337	2298	10.508382172550089	0.28049611557857435	0.12593703148425786	1000	995	0.08941793780920668	True	False	
TCACACCTCTGGGAGA	shared	6883	2582	8.891471741972977	7303	2597	8.87306586334383	0.34451595234835	0.14651513076817746	1001	997	0.08543966794401835	True	False	
TCTATCAGTTGCCGAC	shared	6883	2734	14.76100537556298	7212	2765	15.016638935108153	0.49029395452024405	0.14143094841930118	1001	1003	0.06735232643452277	True	False	
ATCACGATCCGCAACG	shared	6873	2762	7.4057907754983265	7233	2783	7.396654223696944	0.321858150145168	0.170192174754597	1003	1002	0.07364374628347696	True	False	
ATGTCCCCAGGAATCG	shared	6868	2604	6.552125800815376	7192	2630	6.646273637374861	0.34872080088987767	0.1332035595105673	1004	1004	0.06649351962485336	True	False	
GTCGAATGTCAAGCGA	shared	6866	2622	9.539761141858433	7082	2595	9.601807399039819	0.27831121152216887	0.1203049985879695	1005	1012	0.044680578672955794	True	False	
AGAGCAGGTCATAAAG	shared	6855	2533	7.527352297592998	7106	2504	7.5147762454264	0.299183788347875	0.12580917534477906	1006	1010	0.051873589848887465	True	False	
CTGAGGCGTTCAGCGC	shared	6826	2393	9.214767067096396	7164	2395	9.198771635957566	0.275963149078727	0.13721384701284198	1007	1005	0.06971495260927912	True	False	
TTGATGGCATAAGATG	shared	6806	2562	9.256538348516015	7145	2553	9.517144856543037	0.3318404478656403	0.11196641007697691	1008	1006	0.07011680419177653	True	False	
ATCTTCAAGAAGAGCA	shared	6801	2527	12.159976474047934	7109	2516	12.420874947249965	0.31734421156280773	0.12885075256716838	1009	1009	0.06389055379893571	True	False	
AGTTCGAGTATGCGTT	shared	6796	2534	7.519128899352561	7081	2537	7.64016381866968	0.37395848044061575	0.11975709645530293	1010	1013	0.059258720914119906	True	False	
GTCATTTCAAGAGAGA	shared	6795	2328	4.532744665194996	7119	2341	4.691670178395842	0.31633656412417477	0.1483354403708386	1011	1008	0.0671913886695395	True	False	
CCACTTGCAGCTATTG	shared	6787	2772	14.01208192132017	7097	2759	14.13273214034099	0.35620684796392843	0.14541355502324926	1012	1011	0.06442600951828123	True	False	
GTGTAACTCTTGGTGA	shared	6754	2617	8.039680189517323	7133	2638	8.271414552081874	0.39324267489135006	0.13766998457871862	1013	1007	0.07875544625376509	True	False	
TGTTGAGCACAACGAG	shared	6719	2607	9.674058639678524	6986	2592	9.748067563698827	0.23847695390781562	0.12181505868880618	1014	1017	0.056211907265899703	True	False	
GTGTCCTAGTCGGCCT	shared	6693	2879	7.575078440161363	7010	2902	7.689015691868759	0.34950071326676174	0.1456490727532097	1015	1015	0.06675168381745196	True	False	
TTGGGCGGTCGGAAAC	shared	6692	2572	8.92109982068141	7000	2560	9.128571428571428	0.3527142857142857	0.12242857142857143	1016	1016	0.0649079923259739	True	False	
CTGCCTACAAGACTGG	shared	6667	2616	9.04454777261137	6902	2620	9.069834830483918	0.36235873659808754	0.13184584178498987	1017	1023	0.049969379958829066	True	False	
AGGCTGCGTGTGTGTT	shared	6655	2518	7.963936889556725	6938	2491	8.028250216200634	0.3116171807437302	0.12885557797636207	1018	1020	0.060072333216254346	True	False	
AGCGTATTCAGTGGGA	shared	6619	2400	7.644659314095785	6906	2390	7.717926440776137	0.3560671879525051	0.11410367796119317	1019	1022	0.06122800661705745	True	False	
GAGTCATAGGGTTGCA	shared	6618	2445	13.040193411906921	6922	2449	13.262062987575845	0.3838485986709044	0.10387171337763652	1020	1021	0.06478407734822941	True	False	
TTACGCCTCAATGCAC	shared	6609	2507	4.312301407172038	6960	2513	4.439655172413793	0.3510057471264368	0.16839080459770114	1021	1019	0.07464430322163014	True	False	
AAAGAACAGACGACTG	shared	6601	2667	4.044841690652931	6986	2679	4.079587746922416	0.3290867449184082	0.15602633839106786	1022	1017	0.08177000170948646	True	False	
CTGCGAGGTAGGTTTC	shared	6590	2504	12.367223065250379	6840	2488	12.646198830409357	0.3453216374269006	0.1347953216374269	1023	1026	0.0537098595397929	True	False	
CTCGAGGAGCCTATTG	shared	6578	2517	7.661903314077227	6873	2532	7.85683107813182	0.37159901062127165	0.12439982540375381	1024	1024	0.0632815389775475	True	False	
TGACGCGGTGGCTTAT	shared	6575	2466	9.247148288973383	6855	2471	9.161196207148068	0.3363967906637491	0.12253829321663019	1025	1025	0.0601568104308168	True	False	
CTTAGGAGTCTGTGGC	shared	6488	2429	6.55055487053021	6783	2425	6.678460858027422	0.38449063836060743	0.12339672711189739	1026	1028	0.06414000388006433	True	False	
CGATGCGTCGAACCAT	shared	6473	2416	6.6893248879962925	6595	2365	6.747536012130402	0.28430629264594387	0.14374526156178924	1027	1041	0.026934033228294033	True	False	
CTAACCCAGCCGCTTG	shared	6460	2556	3.8390092879256965	7073	2576	3.8173335218436306	0.3986992789481125	0.168104057684151	1028	1014	0.13076874399754057	True	False	
CTGATCCGTCGCGTCA	shared	6457	2398	7.433792783026173	6562	2369	7.604388905821396	0.23331301432490095	0.17037488570557757	1029	1044	0.0232679921491904	True	False	
ATCCTATGTCTGTGCG	shared	6454	2220	8.645801053610164	6777	2208	8.853474988933156	0.2542422900988638	0.13811420982735723	1030	1029	0.07044254128944136	True	False	
TAGACCAGTCTCGGGT	shared	6443	2811	9.66940866056185	6764	2849	9.787108219988173	0.5498225901833235	0.14384979302188056	1031	1030	0.07013344015733079	True	False	
GTAGAGGCAACTTCTT	shared	6422	2541	4.889442541264404	6733	2541	4.916084954700728	0.3840784197237487	0.15000742611020348	1032	1033	0.06821642472098034	True	False	
GATCGTATCTCTGGTC	shared	6415	2739	8.38659392049883	6741	2737	8.381545764723334	0.32235573357068686	0.13900014834594274	1033	1031	0.07150248552928992	True	False	
GTCATTTTCCTAGAGT	shared	6396	2712	4.3933708567854906	6738	2718	4.48204214900564	0.38201246660730187	0.1516770555060849	1034	1032	0.0751390425537122	True	False	
TCATGTTGTGTGTGTT	shared	6384	2198	5.184837092731829	6707	2197	5.248248099001044	0.2658416579692858	0.15714924705531536	1035	1034	0.0711960689742602	True	False	
GGTAATCCAAAGGAGA	shared	6382	2567	13.616421184581636	6803	2556	13.729237101278848	0.25723945318241953	0.14728796119359105	1036	1027	0.09214849320759967	True	False	
AGATGCTGTACGGTTT	shared	6380	2489	5.987460815047022	6625	2490	6.203773584905661	0.33464150943396226	0.1320754716981132	1037	1038	0.054355669399185944	True	False	
TGGGTTAGTGCACGCT	shared	6378	2549	7.243650047036689	6641	2561	7.137479295286854	0.35310947146514077	0.12799277217286553	1038	1037	0.05828744432329484	True	False	
CAGGCCATCACTCACC	shared	6323	2585	7.59133322789815	6605	2599	7.554882664647994	0.5563966691900075	0.13868281604844815	1039	1039	0.06293960192715445	True	False	
CCGGTAGGTAGTACGG	shared	6300	2819	7.888888888888889	6650	2832	7.879699248120301	0.35578947368421054	0.11609022556390977	1040	1036	0.07799046127360018	True	False	
CCGTGAGTCGCCTTTG	shared	6295	2571	7.577442414614773	6572	2590	7.699330493000609	0.4141813755325624	0.12248934875228241	1041	1043	0.06211644420389228	True	False	
ATGGATCTCGACCTAA	shared	6280	2500	11.210191082802547	6576	2500	11.344282238442823	0.3456508515815085	0.12712895377128955	1042	1042	0.06643540093428667	True	False	
CACACAACACGAGGAT	shared	6277	2474	10.052572885136211	6514	2455	10.178077985876573	0.2674240098249923	0.1341725514276942	1043	1046	0.05346014987338176	True	False	
GTCGCGAAGCAGCGAT	shared	6266	2545	10.54899457389084	6407	2523	10.660215389417825	0.2679881379740908	0.14780708599968784	1044	1050	0.032099154620445804	True	False	
TCTGCCAAGTTACGGG	shared	6256	1851	41.94373401534527	6682	1862	42.24782999102065	0.22627955701885663	0.11628255013469022	1045	1035	0.09502477014982288	True	False	
TGAGGGATCATAAGGA	shared	6239	2323	21.18929315595448	6596	2328	21.16434202546998	0.5773195876288659	0.12431776834445118	1046	1040	0.08026407582651342	True	False	
GGGATCCAGGGCAATC	shared	6209	2738	10.275406667740377	6518	2741	10.309911015648971	0.3335378950598343	0.15541577170911322	1047	1045	0.07005740679459517	True	False	
CGCAGGTGTGCTTCAA	shared	6189	2512	5.558248505412829	6496	2524	5.695812807881773	0.3505233990147783	0.14208743842364532	1048	1047	0.06983429574478787	True	False	
TGTTCCGCAAGTATAG	shared	6164	2530	5.921479558728099	6459	2543	6.115497755070444	0.38535376993342624	0.13221860969190277	1049	1048	0.06743327029108569	True	False	
AGGGTCCCAGGACATG	shared	6162	2549	8.033106134371957	6320	2500	8.05379746835443	0.2674050632911392	0.12879746835443037	1050	1055	0.03652002376985257	True	False	
TTTACTGTCACGGGAA	shared	6140	2574	7.52442996742671	6394	2570	7.663434469815452	0.5150140756959649	0.12214576165154832	1051	1051	0.058470756024432656	True	False	
CATGCTCGTCTCTCAC	shared	6109	2316	9.330495989523653	6442	2340	9.46910897236883	0.6319466004346477	0.13411983855945359	1052	1049	0.07656021471533914	True	False	
TGGCGTGGTGGATTTC	shared	6030	2424	15.837479270315091	6375	2428	15.937254901960785	0.31027450980392157	0.14447058823529413	1053	1052	0.08025439413044447	True	False	
CTCCATGGTGTTGACT	shared	6015	2441	8.661679135494596	6243	2427	8.88995675156175	0.3145923434246356	0.11436809226333494	1054	1059	0.053665970300271336	True	False	
TGCACGGTCGAGTACT	shared	6005	2387	6.661115736885928	6336	2402	6.8813131313131315	0.34595959595959597	0.1295770202020202	1055	1054	0.07739554063670011	True	False	
GGCGTCACATTGTGCA	shared	5989	2669	10.869928201703122	6288	2686	10.973282442748092	0.4312977099236641	0.14424300254452926	1056	1057	0.07027463257465527	True	False	
CTACAGACAGGAATAT	shared	5966	2386	13.610459269192088	6219	2378	13.908988583373533	0.6338639652677279	0.11738221579031999	1057	1060	0.05990880346306477	True	False	
CCGAACGAGCTAAGTA	shared	5964	2159	7.511737089201878	6285	2174	7.637231503579952	0.26937151949085125	0.14638027048528243	1058	1058	0.0756201342161606	True	False	
CCGGGTACATACCAGT	shared	5933	2327	9.236473959211192	6160	2330	9.415584415584416	0.7301948051948052	0.09707792207792208	1059	1063	0.05415960883441414	True	False	
TGGAGAGCAGTCAGTT	shared	5931	2395	8.02562805597707	6168	2370	8.284695201037614	0.2931258106355383	0.12337872892347601	1060	1062	0.056518048475893506	True	False	
GTAACACAGAAAGCGA	shared	5902	2571	11.21653676719756	6170	2571	11.491085899513775	0.46985413290113454	0.13581847649918963	1061	1061	0.06405595279852361	True	False	
ATCGTAGCATCGGAGA	shared	5869	2449	9.473504856023172	6088	2429	9.773324572930354	0.30206964520367935	0.12270039421813403	1062	1065	0.05284480960716271	True	False	
TCGTGCTGTAAGGAGA	shared	5851	2035	8.460092291915911	5882	1987	8.568514110846651	0.2614756885413125	0.16967018021081265	1063	1074	0.007622266774818319	True	False	
AACGAAAAGGTTGGTG	shared	5828	1576	4.512697323266987	6342	1592	4.367707347839798	0.039735099337748346	0.10958688111005992	1064	1053	0.1219169405263693	True	False	
TGCAGGCAGCGTTCAT	shared	5812	2390	2.202339986235375	6079	2388	2.138509623293305	0.35680210560947523	0.1533146899161046	1065	1066	0.06478841509906189	True	False	
ACGTTCCGTGGGTCAA	shared	5776	2351	8.085180055401661	6023	2347	8.185289722729538	0.2854059438817865	0.12070396812219825	1066	1068	0.060401275331802604	True	False	
AACGAAATCCATTTAC	shared	5775	2466	7.705627705627705	6124	2452	7.658393207054213	0.3690398432397126	0.17488569562377532	1067	1064	0.08463910189012422	True	False	
GAAACCTAGGAGGTTC	shared	5732	2192	15.230286113049546	5970	2178	15.544388609715243	0.47721943048576215	0.1269681742043551	1068	1070	0.05868228967728166	True	False	
TGCATCCCACCCAACG	shared	5718	2430	4.966771598461	6048	2456	4.943783068783069	0.45171957671957674	0.12698412698412698	1069	1067	0.08093375514602781	True	False	
CGTAGTATCAGCCCAG	shared	5704	2617	7.11781206171108	5998	2619	7.135711903967989	0.3559519839946649	0.14254751583861286	1070	1069	0.07249514499405983	True	False	
TTGGGTATCACCGACG	shared	5658	2099	11.117002474372569	5962	2090	11.053337806105334	0.25327071452532707	0.12965447836296545	1071	1071	0.07549119934140276	True	False	
AACGAAACAGCGTTTA	shared	5657	2317	11.454834718048435	5913	2295	11.635379671909352	0.2841197361745307	0.11703027228141383	1072	1073	0.06384206672407144	True	False	
ACAACCATCTATCCAT	shared	5631	2309	3.2676256437577695	5961	2335	3.237711793323268	0.41838617681597046	0.13990941117262204	1073	1072	0.08214904135387156	True	False	
CAACCAAGTTAGAAAC	shared	5625	2293	6.915555555555556	5843	2284	7.1025158309087795	0.34554167379770667	0.12373780592161561	1074	1075	0.05484662548879863	True	False	
TTCCTTCAGGTAGTCG	shared	5597	2284	6.164016437377167	5786	2264	6.308330452817144	0.31247839612858624	0.11493259592118908	1075	1078	0.04790415719734477	True	False	
TAGGAGGCAAGACCTT	shared	5549	2244	6.794016939989187	5808	2248	6.732093663911845	0.35141184573002754	0.12362258953168044	1076	1076	0.06580205839574609	True	False	
TGCTTCGCATAGCTGT	shared	5546	2272	11.215290299314821	5718	2245	11.402588317593564	0.3252885624344176	0.12626792584819868	1077	1080	0.04405518007793556	True	False	
CTCAACCGTGTGTCGC	shared	5472	2319	5.793128654970761	5747	2326	5.9683313032886725	0.3955107012354272	0.12336871411171045	1078	1079	0.07072820524984806	True	False	
AGACACTCAAGTCGTT	shared	5439	2197	5.68119139547711	6304	2209	5.710659898477157	0.3248730964467005	0.1475253807106599	1079	1056	0.21288971907788035	True	False	
GATCAGTGTTACAGCT	shared	5409	1938	41.72675171011277	5795	1955	41.087144089732526	0.33045729076790337	0.09542709232096636	1080	1077	0.09942900084275182	True	False	
GGAGGTATCTGGTGCG	shared	5314	2183	10.350018818216034	5529	2160	10.526315789473685	0.29716042684029664	0.10743353228431904	1081	1082	0.05720978870360223	True	False	
AGCCACGTCCGAGAAG	shared	5267	2463	4.082020125308524	5565	2470	3.9532794249775383	0.37592093441150043	0.14914645103324348	1082	1081	0.07938556307509291	True	False	
TGGAGGATCGACATTG	shared	5259	1987	18.558661342460542	5503	1986	18.898782482282392	0.6503725240777758	0.07832091586407414	1083	1083	0.06541767052243339	True	False	
TTGTTCATCTTTACAC	shared	5258	2166	8.91974134651959	5396	2131	9.006671608598962	0.31022979985174204	0.1286137879911045	1084	1087	0.03736919049194415	True	False	
ATCGGCGAGTCCTACA	shared	5206	2247	10.968113714944295	5466	2272	11.050128064398097	0.48664471276985	0.12458836443468715	1085	1085	0.07029696880933377	True	False	
TCCCATGTCGGCCCAA	shared	5195	1974	11.857555341674686	5497	1987	12.024740767691467	0.2881571766418046	0.17263962161178825	1086	1084	0.08150547606507207	True	False	
TAAGCGTTCGTTGCCT	shared	5131	2166	8.088091989865523	5379	2158	8.310094813162298	0.29392080312325713	0.12809072318274772	1087	1089	0.06808500235430393	True	False	
ACGCACGAGAGAGTGA	shared	5110	2302	3.9138943248532287	5415	2319	3.8596491228070176	0.3322253000923361	0.1407202216066482	1088	1086	0.08362214757478696	True	False	
CCGTTCACAGAAGCTG	shared	5090	2365	8.899803536345775	5388	2404	8.890126206384558	0.43188567186340016	0.12230883444691908	1089	1088	0.08206852112592701	True	False	
CTACAGATCAGGAGAC	shared	5036	2156	15.925337569499602	5287	2170	16.28522791753357	0.4340836012861736	0.12880650652543976	1090	1090	0.07015744584950546	True	False	
CGTTAGATCCAAGAGG	shared	5033	2137	9.537055434134711	5211	2118	9.55670696603339	0.27960084436768373	0.11955478794857033	1091	1092	0.05013186740715499	True	False	
CTAACTTAGCCTCACG	shared	5015	2381	12.761714855433699	5272	2400	12.936267071320183	0.5068285280728376	0.15990136570561456	1092	1091	0.07208664857779337	True	False	
CATCAAGAGCGCCGTT	shared	5010	2274	12.874251497005988	5039	2235	13.494741020043659	0.3288350863266521	0.12403254614010717	1093	1097	0.008325195957701275	True	False	
TGTGGCGTCGTACCTC	shared	4994	2078	10.692831397677212	5057	2050	10.935337156416848	0.3393316195372751	0.1338738382440182	1094	1095	0.01808235898345792	True	False	
CAATACGAGGCAGCTA	shared	4981	2338	5.480827143143947	5130	2331	5.6725146198830405	0.5964912280701754	0.13508771929824562	1095	1094	0.0425150039505793	True	False	
TCGGGTGCAGTCTGGC	shared	4935	2024	11.00303951367781	5146	2016	10.979401476875243	0.2670034978624174	0.12806062961523512	1096	1093	0.060389388057116584	True	False	
CATAGACGTACCTTCC	shared	4902	1914	9.628722970216238	5019	1915	10.221159593544531	0.6905758119147241	0.10779039649332536	1097	1098	0.034022602552449134	True	False	
GTAGGAGTCCGTCACT	shared	4809	2467	6.6541900603035975	5051	2455	6.731340328647793	0.398732924173431	0.13759651554147692	1098	1096	0.0708177451301479	True	False	
ATTCTTGAGTTCCAGT	shared	4781	2158	12.19410165237398	4992	2159	12.19951923076923	0.5218349358974359	0.15625	1099	1100	0.062292776618464725	True	False	
GTGAGCCGTGATCGTT	shared	4753	2189	4.628655585945719	5015	2192	4.705882352941177	0.37467597208374875	0.13180458624127617	1100	1099	0.07739544485960438	True	False	
GTGTTCCAGGTGCCTC	shared	4703	2199	8.824154794811822	4955	2216	8.920282542885973	0.5196770938446014	0.12996972754793137	1101	1101	0.0752881273042372	True	False	
TAGGGTTCAAGAAACT	shared	4601	2120	6.281243207998261	4837	2127	6.553648955964441	0.46557783750258425	0.11081248707876783	1102	1102	0.0721497857558354	True	False	
GATGCTATCCTACGAA	shared	4589	2150	12.747875354107649	4775	2157	12.942408376963352	0.5082722513089005	0.14429319371727747	1103	1104	0.057308682963634824	True	False	
GGGACCTGTTAGGGAC	shared	4567	1924	12.393255966717758	4762	1924	12.725745485090298	0.6669466610667787	0.12032759344813104	1104	1105	0.06030789800117935	True	False	
GATAGCTTCGTGCAGC	shared	4524	1937	6.05658709106985	4574	1900	6.209007433318758	0.2470485351989506	0.14932225623087014	1105	1110	0.015853951200837057	True	False	
TGTCCTGTCGGCTATA	shared	4523	2147	13.663497678531948	4779	2164	13.60117179326219	0.5566017995396526	0.14731115296087047	1106	1103	0.07941168887829032	True	False	
AAAGAACCAATGGCAG	shared	4419	2155	3.7791355510296447	4686	2151	3.905249679897567	0.34891165172855315	0.1483141271873666	1107	1106	0.08461842520023038	True	False	
GGCTTGGTCTTCTTCC	shared	4408	1884	13.067150635208712	4597	1866	13.291276919730258	0.28997172068740484	0.1261692408092234	1108	1108	0.060554989102432344	True	False	
TTGTTTGTCCAACCGG	shared	4402	1964	12.312585188550658	4560	1952	12.456140350877194	0.38355263157894737	0.11425438596491228	1109	1111	0.050863325920861284	True	False	
AACAACCAGTAGTCCT	shared	4334	1911	12.067374250115368	4494	1903	12.016021361815755	0.33044058744993327	0.1326212728081887	1110	1114	0.052289122292612296	True	False	
GGAATGGCACGACGCT	shared	4319	1746	13.892104653855059	4597	1760	13.878616489014576	0.2817054600826626	0.15314335436154014	1111	1108	0.08997515366734901	True	False	
GGAGAACGTGCCCACA	shared	4312	1861	9.346011131725417	4510	1860	9.534368070953438	0.3368070953436807	0.13747228381374724	1112	1112	0.06475556998485273	True	False	
AACCTTTGTTTCGGCG	shared	4303	2096	4.7873576574482914	4499	2113	4.823294065347855	0.3774172038230718	0.1631473660813514	1113	1113	0.06424692354777511	True	False	
AAAGTCCAGTCAACAA	shared	4265	1824	12.919109026963657	4363	1809	13.408205363282145	0.7027274810909925	0.07953243181297273	1114	1119	0.0327671359830358	True	False	
CAGTTAGTCGGCCCAA	shared	4206	1848	13.19543509272468	4406	1848	13.458919655015887	0.40422151611438945	0.13050385837494327	1115	1116	0.06700507850864641	True	False	
GCTACAAGTCAGCTTA	shared	4205	1700	19.14387633769322	4471	1688	19.39163498098859	0.5732498322522925	0.12346231268172668	1116	1115	0.08847133811141082	True	False	
GTGTTCCGTAGTTCCA	shared	4191	1050	12.288236697685516	4608	1055	11.631944444444445	0.057942708333333336	0.10394965277777778	1117	1107	0.13681505079919862	True	False	
ACATCCCCACAAATGA	shared	4154	2055	4.236880115551276	4369	2042	4.39459830624857	0.4163424124513619	0.15701533531700618	1118	1118	0.07278480273025374	True	False	
TTCGCTGAGGTTCCGC	shared	4139	2080	9.760811790287509	4273	2073	10.039784694593962	0.4736718932834074	0.16147905452843436	1119	1120	0.04595614027312345	True	False	
TTCATTGGTACGAAAT	shared	4039	1947	17.40529834117356	4216	1962	17.647058823529413	0.4928842504743833	0.14705882352941177	1120	1121	0.06186172863997637	True	False	
ATGGAGGGTGTTTACG	shared	4035	1901	19.206939281288722	4207	1891	19.253624910862847	0.5167577846446398	0.129783693843594	1121	1122	0.060208530185944964	True	False	
CCTTCAGAGGAACGTC	shared	3957	1079	8.541824614607025	4374	1086	8.116140832190215	0.061042524005486966	0.10631001371742113	1122	1117	0.14451140455954145	True	False	
GATTGGTAGGCTGGAT	shared	3946	1660	18.525088697415104	4147	1676	18.56763925729443	0.6047745358090185	0.11574632264287436	1123	1124	0.07165937492012235	True	False	
GTGGTTAAGTAACCGG	shared	3934	1906	6.43111337061515	4136	1913	6.358800773694391	0.3338974854932302	0.12911025145067698	1124	1126	0.07222132184028796	True	False	
GAAGGGTTCGCAGATT	shared	3924	1630	9.607543323139653	4166	1640	9.601536245799329	0.2604416706673068	0.13898223715794528	1125	1123	0.08631644603619709	True	False	
CTGCATCAGCGTCAAG	shared	3920	1811	11.071428571428571	4030	1791	11.141439205955335	0.32332506203473943	0.12878411910669976	1126	1128	0.039916141334490306	True	False	
TCGGGCACAGTTACCA	shared	3912	1837	3.067484662576687	4144	1829	2.9922779922779923	0.34290540540540543	0.14937258687258687	1127	1125	0.08309699148231846	True	False	
CGAGGAAGTCCTGGGT	shared	3861	1331	48.458948458948456	4070	1298	48.746928746928745	0.2788697788697789	0.07174447174447174	1128	1127	0.07603505718936011	True	False	
GTCAAGTCAATACCTG	shared	3845	1957	18.309492847854358	4029	1932	18.466120625465376	0.45321419707123356	0.13725490196078433	1129	1129	0.06742107607543257	True	False	
TAACGACGTGCCTACG	shared	3786	1905	15.847860538827259	3977	1890	16.218254966054815	0.4953482524515967	0.12773447322102088	1130	1130	0.0709878549493247	True	False	
GAAGCGATCAGTAGGG	shared	3774	1895	8.770535241123476	3949	1891	9.090909090909092	0.39275766016713093	0.15649531526968852	1131	1131	0.06537600885202403	True	False	
AATGGCTAGGACGGAG	shared	3723	1772	16.304055868922912	3797	1749	16.9080853305241	0.649723465894127	0.08533052409797208	1132	1132	0.028386832590703927	True	False	
AATCGACAGTATGTAG	shared	3584	1634	20.786830357142858	3768	1620	21.20488322717622	0.4150743099787686	0.15658174097664543	1133	1133	0.07220867607508955	True	False	
GGCTGTGCAAAGCTAA	shared	3480	1960	3.5919540229885056	3686	1978	3.4725990233315245	0.40151926207270755	0.14460119370591426	1134	1134	0.08294560237013525	False	True	9.999000099990002e-05
TGACAGTAGAGGTGCT	shared	3424	1541	8.352803738317757	3640	1534	8.37912087912088	0.3	0.12142857142857143	1135	1135	0.08823075270926369	False	True	9.999000099990002e-05
CATCAAGGTCTAACTG	shared	3400	1676	1.588235294117647	3616	1698	1.6316371681415929	0.4792588495575221	0.1308075221238938	1136	1136	0.08883459194793217	False	True	9.999000099990002e-05
GTTATGGTCGTTCCTG	shared	3340	1739	3.9520958083832336	3600	1736	3.8333333333333335	0.39222222222222225	0.14805555555555555	1137	1137	0.10811761685531016	False	True	9.999000099990002e-05
GGGAGTATCACCTCGT	shared	3276	1704	7.142857142857143	3447	1693	7.25268349289237	0.2738613286916159	0.116913257905425	1138	1138	0.07338410154633844	False	True	9.999000099990002e-05
CCTCCAAAGTATGATG	shared	3211	1528	4.26658361881034	3378	1523	4.262877442273535	0.38691533451746596	0.14564831261101244	1139	1139	0.07312445764648721	False	True	9.999000099990002e-05
GCGTTTCAGTCTAGCT	shared	3157	1660	2.565726955970858	3357	1688	2.5022341376228776	0.419124218051832	0.15907059874888294	1140	1140	0.08859105907679302	False	True	9.999000099990002e-05
GCCGTGAGTCAGTCCG	shared	3098	1088	1.3234344738540995	3245	1093	1.3559322033898304	0.03143297380585516	0.12234206471494607	1141	1141	0.06686024496175572	False	True	9.999000099990002e-05
TTAGGGTCAGGTCAGA	shared	2983	1384	20.38216560509554	3058	1365	21.026814911707	0.5634401569653368	0.08273381294964029	1142	1144	0.035812571302964835	False	True	9.999000099990002e-05
GTCATTTGTACGACTT	shared	2957	1422	23.63882313155225	3101	1409	23.927765237020317	0.5465978716543051	0.07481457594324412	1143	1142	0.06857663393702325	False	True	9.999000099990002e-05
TGGGCGTCAAATTGCC	shared	2943	1321	32.925586136595314	3086	1309	33.31173039533377	0.44102397926117953	0.08554763447828904	1144	1143	0.06842781155811169	False	True	9.999000099990002e-05
TTTCACATCGACGCTG	shared	2889	1454	5.192107995846314	3046	1453	5.416940249507551	0.20321733420879842	0.11096520026263952	1145	1145	0.0763200072984445	False	True	9.999000099990002e-05
GTAACACGTGGCGTAA	shared	2873	1416	10.51166028541594	2938	1391	10.585432266848196	0.31688223281143635	0.12831858407079647	1146	1150	0.032265297193995957	False	True	9.999000099990002e-05
ATGGGAGTCCCATACC	shared	2871	1520	7.976314872866597	3032	1522	8.113456464379947	0.5656332453825857	0.17315303430079157	1147	1147	0.07868974880111938	False	True	9.999000099990002e-05
CATGCGGTCGGTCGAC	shared	2867	1565	7.0108126961981165	3041	1568	7.1686945083854	0.4195988161788885	0.12265702071686944	1148	1146	0.08497512902259197	False	True	9.999000099990002e-05
GTCAAACTCAATGCAC	shared	2855	1481	12.294220665499124	2984	1477	12.600536193029491	0.6253351206434317	0.12533512064343164	1149	1148	0.06373495212306776	False	True	9.999000099990002e-05
CTGGCAGGTTGCAAGG	shared	2852	1427	11.185133239831696	2937	1406	11.508341845420498	0.2849846782431052	0.10963568266939054	1150	1151	0.0423546489745602	False	True	9.999000099990002e-05
ACTTTCACAAGCGAAC	shared	2850	1527	13.649122807017545	2973	1531	13.992600067272116	0.43457786747393207	0.18802556340396906	1151	1149	0.06093660811446598	False	True	9.999000099990002e-05
TGAACGTGTCCATAGT	shared	2796	1358	16.773962804005723	2908	1340	16.987620357634114	0.32737276478679506	0.11760660247592847	1152	1152	0.05664304262411458	False	True	9.999000099990002e-05
CCTCAGTAGCAAGGAA	shared	2686	1443	9.940431868950112	2745	1425	10.273224043715848	0.35919854280510016	0.13005464480874318	1153	1153	0.031335304133934656	False	True	9.999000099990002e-05
CGTGATATCTGGTGGC	shared	2592	1428	11.882716049382717	2667	1420	12.29846269216348	0.6119235095613048	0.11623547056617922	1154	1156	0.04113646033129022	False	True	9.999000099990002e-05
GTAGATCTCCCGAAAT	shared	2568	1404	7.359813084112149	2665	1384	7.429643527204503	0.38911819887429644	0.12195121951219512	1156	1157	0.053469890188156406	False	True	9.999000099990002e-05
TAAGCCAGTCCAACGC	shared	2563	1437	18.454935622317596	2722	1433	18.626010286554003	0.45554739162380603	0.14401175606171931	1157	1154	0.08680072042505495	False	True	9.999000099990002e-05
GATGACTAGAGGTTAT	shared	2470	1351	5.425101214574899	2596	1347	5.3929121725731894	0.3855932203389831	0.12673343605546997	1158	1158	0.07175100334962302	False	True	9.999000099990002e-05
CTCTGGTAGTAGGATT	shared	2347	1124	0.04260758414997869	2458	1117	0.04068348250610252	0.012205044751830757	0.15500406834825062	1159	1159	0.0666393264860301	False	True	9.999000099990002e-05
CCTCTCCGTGTGCTTA	shared	2208	988	36.63949275362319	2330	984	36.86695278969957	0.41201716738197425	0.07081545064377683	1160	1160	0.07755558577359146	False	True	9.999000099990002e-05
GGTTAACTCACTCACC	shared	2169	817	49.88473951129553	2290	800	49.78165938864629	0.34017467248908295	0.062445414847161575	1161	1161	0.07828241597283352	False	True	9.999000099990002e-05
TCGGGACGTAACGGTG	shared	2164	1233	6.284658040665434	2272	1222	6.294014084507042	0.2935739436619718	0.11971830985915492	1162	1162	0.07023065920376048	False	True	9.999000099990002e-05
AGTAGCTCACTGCTTC	shared	2067	1313	4.78955007256894	2158	1299	5.004633920296571	0.5023169601482854	0.18072289156626506	1163	1165	0.062127057707570495	False	True	9.999000099990002e-05
AGTCACATCTCCCATG	shared	2051	1169	6.143344709897611	2179	1174	6.195502524093621	0.35979807251032586	0.11886186324001835	1164	1164	0.08729740405723466	False	True	9.999000099990002e-05
GATTTCTGTCGTCGGT	shared	2001	983	34.682658670664665	2115	983	35.69739952718676	0.3933806146572104	0.09361702127659574	1165	1166	0.07989765327803217	False	True	9.999000099990002e-05
AGGAGGTAGGTCACAG	shared	1967	899	40.315200813421455	2011	857	41.86971655892591	0.44107409249129786	0.05171556439582297	1166	1171	0.03190008446628735	False	True	9.999000099990002e-05
GTGAGCCCATCTTCGC	shared	1963	1296	1.6301579215486501	2047	1287	1.6121152906692722	0.5178309721543722	0.2066438690766976	1167	1169	0.0604207856853068	False	True	9.999000099990002e-05
GGGTCTGAGTCAACAA	shared	1923	1058	15.080603224128966	2020	1051	15.445544554455445	0.27920792079207923	0.1193069306930693	1168	1170	0.07096052260969335	False	True	9.999000099990002e-05
TGGTTAGTCAACCTTT	shared	1913	55	97.12493465760585	2211	66	89.23563998190863	0.08819538670284939	0.0013568521031207597	1169	1163	0.20876055574868144	False	True	9.999000099990002e-05
TTCCACGAGGAAGTGA	shared	1905	1017	16.062992125984252	2063	1035	16.28696073679108	0.4667959282598158	0.20891904992729035	1170	1167	0.11489485151331214	False	True	9.999000099990002e-05
GCCGATGAGGCGAAGG	shared	1833	43	97.87234042553192	2059	51	92.61777561923263	0.053909664885866924	0.0029140359397765905	1171	1168	0.1676506984755263	False	True	9.999000099990002e-05
TGGAGGAGTCTTTATC	shared	1817	603	8.475509080902587	2005	607	8.478802992518704	0.04588528678304239	0.12019950124688279	1172	1172	0.14196940641807357	False	True	9.999000099990002e-05
GACTATGCAGTCCCGA	shared	1704	827	32.68779342723005	1731	804	34.37319468515309	0.5072212593876372	0.06470248411322935	1173	1176	0.022667190815190134	False	True	9.999000099990002e-05
CGCATGGAGGCCACTC	shared	1680	993	1.3095238095238095	1762	985	1.3053348467650396	0.2525539160045403	0.12996594778660614	1174	1175	0.0687127500840143	False	True	9.999000099990002e-05
TACCTGCAGTCACGCC	shared	1673	94	93.54453078302451	1951	128	86.26345463864685	0.0937980522808816	0.005638134290107637	1175	1173	0.2216535250125426	False	True	9.999000099990002e-05
CCACGAGGTAATCAAG	shared	1657	1097	0.9656004828002414	1709	1091	0.9362200117027502	0.6255119953188999	0.1989467524868344	1176	1177	0.04455231827750969	False	True	9.999000099990002e-05
GTGTGGCGTAAGTTGA	shared	1613	550	60.818350898946065	1825	527	56.93150684931507	0.23013698630136986	0.056438356164383564	1177	1174	0.17804618670644157	False	True	9.999000099990002e-05
GTCATGAAGACTCATC	shared	1591	760	36.517913262099306	1597	707	38.82279273638071	0.4207889793362555	0.08703819661865998	1178	1179	0.005427072384327845	False	True	9.999000099990002e-05
AATCACGAGGCTCTAT	shared	1504	312	76.92819148936171	1665	327	74.11411411411412	0.12252252252252252	0.04024024024024024	1179	1178	0.14662491371848324	False	True	9.999000099990002e-05
AACGAAACAATGTCTG	shared	1278	768	17.84037558685446	1332	754	18.393393393393392	0.5285285285285285	0.13438438438438438	1181	1181	0.05966051620733605	False	True	9.999000099990002e-05
TATCTTGTCGGCTTGG	shared	1224	779	5.718954248366013	1276	777	5.877742946708464	0.2547021943573668	0.1426332288401254	1184	1185	0.05997677581279098	False	True	9.999000099990002e-05
CATAGACCATCTCAAG	shared	1209	86	92.55583126550869	1331	90	89.4815927873779	0.05709992486851991	0.009015777610818933	1185	1182	0.13858703490930538	False	True	9.999000099990002e-05
GACATCAGTAACGATA	shared	1074	690	4.189944134078212	1132	679	4.328621908127208	0.2411660777385159	0.13692579505300354	1188	1191	0.07581120134369315	False	True	9.999000099990002e-05
CTGATCCTCTCTCCGA	shared	1067	505	8.153701968134957	1171	512	8.198121263877027	0.059777967549103334	0.125533731853117	1189	1188	0.13406092273469397	False	True	9.999000099990002e-05
ACCACAAAGGTTAGTA	shared	1057	450	52.223273415326396	1093	429	53.79688929551693	0.30558096980786825	0.04757548032936871	1190	1193	0.04827311067853096	False	True	9.999000099990002e-05
TACCGGGTCCTCGATC	shared	1036	481	3.088803088803089	1154	491	2.946273830155979	0.053726169844020795	0.10398613518197573	1191	1189	0.15547695749019433	False	True	9.999000099990002e-05
GTCTAGACAATGCAGG	shared	1031	33	97.57516973811833	1200	39	89.66666666666667	0.09166666666666666	0.0033333333333333335	1193	1187	0.21879318028238007	False	True	9.999000099990002e-05
TTCCTAAGTGACGTCC	shared	1001	369	7.192807192807193	1102	371	6.805807622504537	0.060798548094373864	0.12431941923774954	1194	1192	0.13855028239617434	False	True	9.999000099990002e-05
AGCGTATCATATGCGT	shared	980	31	97.85714285714286	1069	35	93.73246024321796	0.050514499532273154	0.002806361085126286	1195	1195	0.12528575506927067	False	True	9.999000099990002e-05
CTACGGGTCACCATAG	shared	947	32	97.04329461457233	1069	40	92.60991580916745	0.05519176800748363	0.004677268475210477	1197	1195	0.1746518323902503	False	True	9.999000099990002e-05
GACTCAATCTAGTGAC	shared	940	42	96.59574468085107	1035	46	93.33333333333333	0.043478260869565216	0.00966183574879227	1198	1197	0.13875737495801707	False	True	9.999000099990002e-05
TCCCACACACTAGAGG	shared	901	25	98.11320754716981	1028	33	92.12062256809338	0.061284046692607	0.0048638132295719845	1199	1198	0.19004364363858764	False	True	9.999000099990002e-05
TGGATGTTCTATCCAT	shared	878	26	98.17767653758543	978	33	94.78527607361963	0.03680981595092025	0.00408997955010225	1200	1199	0.15544569446029105	False	True	9.999000099990002e-05
GAGCCTGAGCGCACAA	shared	874	104	87.07093821510297	953	106	84.78488982161595	0.055613850996852045	0.02833158447009444	1201	1202	0.12470624928582041	False	True	9.999000099990002e-05
GATTCGAGTCGCACGT	shared	872	291	59.74770642201835	929	284	59.09580193756727	0.21420882669537136	0.09257265877287406	1202	1204	0.09124906236595368	False	True	9.999000099990002e-05
CTTGAGATCCCGAGGT	shared	869	204	75.25891829689299	929	199	74.27341227125942	0.11194833153928956	0.04090419806243272	1203	1204	0.09621531525930298	False	True	9.999000099990002e-05
TTTATGCCAGTGGCTC	shared	867	37	96.88581314878893	973	41	91.77800616649537	0.05960945529290853	0.0020554984583761563	1204	1200	0.16622672963786295	False	True	9.999000099990002e-05
GTTCATTTCCGATGCG	shared	860	330	7.790697674418604	956	336	7.112970711297071	0.05439330543933055	0.12133891213389121	1206	1201	0.15250568708918155	False	True	9.999000099990002e-05
GGATCTAGTGCCTGCA	shared	846	453	3.4278959810874703	911	457	3.512623490669594	0.05598243688254665	0.1350164654226125	1207	1208	0.10667185483254296	False	True	9.999000099990002e-05
TACGCTCGTCAATCTG	shared	841	19	97.85969084423306	926	23	96.11231101511879	0.023758099352051837	0.0010799136069114472	1208	1207	0.13874910555913467	False	True	9.999000099990002e-05
GTGGAGAAGATCCGAG	shared	834	399	43.76498800959233	886	396	42.776523702031604	0.309255079006772	0.08126410835214447	1209	1212	0.08715790693964943	False	True	9.999000099990002e-05
AAGACTCGTGACGTCC	shared	827	31	96.9770253929867	928	33	91.05603448275862	0.059267241379310345	0.005387931034482759	1210	1206	0.16604782888332778	False	True	9.999000099990002e-05
GTTACAGAGGGCTAAC	shared	797	130	83.93977415307403	898	131	78.73051224944321	0.15256124721603564	0.01670378619153675	1211	1210	0.17193236929210165	False	True	9.999000099990002e-05
AGGGAGTCACCATTCC	shared	782	38	96.54731457800511	896	46	90.06696428571429	0.07589285714285714	0.002232142857142857	1212	1211	0.19609567762822042	False	True	9.999000099990002e-05
GGATCTAAGCAATTCC	shared	780	321	47.69230769230769	828	324	46.98067632850242	0.19444444444444445	0.15338164251207728	1213	1214	0.08604955335377114	False	True	9.999000099990002e-05
TACTTACAGGCATCTT	shared	760	31	97.36842105263158	840	35	93.57142857142857	0.04404761904761905	0.002380952380952381	1214	1213	0.14420934675159877	False	True	9.999000099990002e-05
CAATACGTCTCGACCT	shared	728	31	97.39010989010988	814	36	92.62899262899263	0.05405405405405406	0.0012285012285012285	1216	1216	0.16088124479150287	False	True	9.999000099990002e-05
CATCGCTTCTTTGCAT	shared	726	211	68.59504132231405	816	215	66.42156862745098	0.17892156862745098	0.04044117647058824	1217	1215	0.16838071422608897	False	True	9.999000099990002e-05
GGCACGTAGGCCCGTT	shared	713	28	97.47545582047685	788	33	92.89340101522842	0.04949238578680203	0.0025380710659898475	1218	1219	0.14410122598435893	False	True	9.999000099990002e-05
TCTTCCTCACCAAAGG	shared	708	53	94.2090395480226	775	59	91.09677419354838	0.05419354838709677	0.00903225806451613	1219	1221	0.13027102494761167	False	True	9.999000099990002e-05
TTTATGCTCACTCGAA	shared	707	34	95.61527581329561	811	37	88.90258939580764	0.0752157829839704	0.0012330456226880395	1220	1217	0.19773036710217876	False	True	9.999000099990002e-05
TTCGATTTCTGACCCT	shared	688	276	14.970930232558139	807	282	14.002478314745973	0.10408921933085502	0.11524163568773234	1222	1218	0.22985131004750325	False	True	9.999000099990002e-05
GTTGTGAAGACCTTTG	shared	681	31	97.20998531571219	757	38	92.47027741083224	0.05151915455746367	0.002642007926023778	1223	1224	0.1524261091469191	False	True	0.00019998000199980003
TTCCTTCAGCCTCAAT	shared	672	25	97.02380952380952	777	29	90.09009009009009	0.07078507078507079	0.001287001287001287	1225	1220	0.20916365037587473	False	True	9.999000099990002e-05
ACCCAAAAGCCACAAG	shared	670	21	98.50746268656717	759	26	92.35836627140975	0.06982872200263504	0.002635046113306983	1226	1223	0.17968665213076432	False	True	9.999000099990002e-05
TGATTCTGTAGGTACG	shared	651	35	96.00614439324117	714	37	92.01680672268908	0.047619047619047616	0.008403361344537815	1228	1228	0.1330712774346742	False	True	0.00019998000199980003
TCCCACAGTTGACGGA	shared	629	208	66.29570747217807	667	204	65.36731634182908	0.22638680659670166	0.041979010494752625	1229	1233	0.08449627408677342	False	True	9.999000099990002e-05
TGTAACGGTTGCGTAT	shared	625	270	9.92	709	273	9.449929478138223	0.076163610719323	0.09167842031029619	1231	1229	0.18165636745942604	False	True	9.999000099990002e-05
TCACGCTTCGCTGACG	shared	559	315	11.627906976744185	626	319	10.702875399361023	0.07188498402555911	0.11022364217252396	1240	1240	0.1630386158570725	False	True	9.999000099990002e-05
TTGCGTCCACGCCACA	shared	556	263	7.374100719424461	614	269	7.328990228013029	0.06188925081433225	0.10586319218241043	1241	1242	0.14290908288657045	False	True	9.999000099990002e-05
AGGTGTTAGCAATTAG	shared	554	232	13.71841155234657	617	231	13.614262560777957	0.05672609400324149	0.08914100486223663	1242	1241	0.1551190666669062	False	True	9.999000099990002e-05
AGCGTCGTCCTTATCA	shared	514	15	0.0	511	15	0.0	0.003913894324853229	0.0136986301369863	1248	1260	-0.00842862207058079	False	True	9.999000099990002e-05
