barcode	group	cr_cell_type	cr_knn_type_from_shared	cr_knn_agreement	cr_r_ambient	cr_r_own_type	cr_doublet_score	cr_predicted_doublet	cr_passes_std_qc	sa_cell_type	sa_knn_type_from_shared	sa_knn_agreement	sa_r_ambient	sa_r_own_type	sa_doublet_score	sa_predicted_doublet	sa_passes_std_qc	cr_umi	cr_genes	cr_pct_mt	sa_umi	sa_genes	sa_pct_mt	sa_unspliced_frac	sa_ambiguous_frac	cr_rank	sa_rank	umi_log2_ratio_sa_vs_cr	qcatch_initial_filtered_cell	qcatch_potential_non_ambient_cell	qcatch_non_ambient_pvalue
AAACCCAAGGAGAGTA	shared	CD14 Mono	CD14 Mono	1.0	0.773	0.847	0.042	False	True	CD14 Mono	CD14 Mono	1.0	0.765	0.842	0.034	False	True	12958	3918	7.099861089674333	13536	3920	7.225177304964539	0.320774231678487	0.1219710401891253	337	341	0.0629536568483493	True	False	
AAACGCTTCAGCCCAG	shared	B	B	1.0	0.688	0.795	0.019	False	True	B	B	1.0	0.683	0.793	0.019	False	True	9527	3293	4.649942269339771	9965	3299	4.686402408429503	0.3997992975413948	0.1231309583542398	678	683	0.0648411608194184	True	False	
AAAGAACAGACGACTG	shared	CD8 T	CD8 T	1.0	0.676	0.742	0.034	False	True	CD8 T	CD8 T	1.0	0.67	0.739	0.027	False	True	6601	2667	4.044841690652931	6986	2679	4.079587746922416	0.3290867449184082	0.1560263383910678	1022	1017	0.0817700017094864	True	False	
AAAGAACCAATGGCAG	shared	CD8 T	CD8 T	1.0	0.623	0.686	0.026	False	True	CD8 T	CD8 T	1.0	0.617	0.683	0.032	False	True	4419	2155	3.7791355510296447	4686	2151	3.905249679897567	0.3489116517285531	0.1483141271873666	1107	1106	0.0846184252002303	True	False	
AAAGAACGTCTGCAAT	shared	CD4 T	CD4 T	1.0	0.727	0.799	0.039	False	True	CD4 T	CD4 T	1.0	0.719	0.795	0.032	False	True	10004	3203	4.408236705317873	10555	3224	4.481288488867835	0.3119848413074372	0.1393652297489341	613	612	0.0773420885331648	True	False	
AAAGGATAGTAGACAT	shared	B	B	1.0	0.721	0.816	0.009	False	True	B	B	1.0	0.715	0.815	0.019	False	True	12245	3357	5.765618619844835	12994	3374	5.787286439895336	0.2507311066646144	0.1354471294443589	390	382	0.0856460456056875	True	False	
AAAGGATCACCGGCTA	shared	B	B	1.0	0.685	0.787	0.022	False	True	B	B	1.0	0.679	0.786	0.026	False	True	8269	2940	6.445761277058895	8703	2933	6.480523957256119	0.3241411007698495	0.1236355279788578	867	859	0.0737912271917023	True	False	
AAAGGATTCAGCTTGA	shared	CD14 Mono	CD14 Mono	1.0	0.814	0.874	0.029	False	True	CD14 Mono	CD14 Mono	1.0	0.807	0.871	0.039	False	True	18876	4942	4.471286289468107	19772	4946	4.562006878413919	0.2877301234068379	0.1280598826623508	172	170	0.0669022716281327	True	False	
AAAGGATTCCGTTTCG	shared	CD14 Mono	CD14 Mono	1.0	0.825	0.89	0.045	False	True	CD14 Mono	CD14 Mono	1.0	0.819	0.888	0.045	False	True	24530	5275	6.689767631471668	25608	5284	6.704935957513277	0.3196657294595439	0.1225007810059356	61	62	0.0620448723735837	True	False	
AAAGGGCTCATGCCCT	shared	CD8 T	CD8 T	1.0	0.714	0.795	0.026	False	True	CD8 T	CD8 T	1.0	0.707	0.785	0.027	False	True	10478	3216	7.243748807024241	11040	3225	7.309782608695652	0.2805253623188405	0.1453804347826087	565	560	0.0753697965300707	True	False	
AAAGGGCTCCGTAGGC	shared	NK	NK	0.96	0.705	0.768	0.019	False	True	CD8 T	CD8 T	1.0	0.695	0.767	0.017	False	True	8415	2992	8.472964943553178	8918	3010	8.421170666068626	0.2812289751065261	0.1362413097106974	843	830	0.0837472593364981	True	False	
AAAGGTACAACTGCTA	shared	CD14 Mono	CD14 Mono	1.0	0.801	0.857	0.022	False	True	CD14 Mono	CD14 Mono	1.0	0.796	0.854	0.026	False	True	15855	4562	6.937874487543362	16452	4551	7.056892778993436	0.2924872355944566	0.1221735959153902	243	245	0.0533217978135951	True	False	
AAAGTCCAGCGGGTTA	shared	CD8 T	CD8 T	1.0	0.707	0.794	0.017	False	True	CD8 T	CD8 T	1.0	0.703	0.788	0.013	False	True	10295	2837	8.139873725109277	10824	2869	8.259423503325943	0.2465816703621581	0.1431079083518107	586	583	0.0722830662807479	True	False	
AAAGTCCAGTCAACAA	shared	CD4 T	CD4 T	0.941	0.437	0.49	0.032	False	True	CD4 T	CD4 T	1.0	0.428	0.481	0.029	False	True	4265	1824	12.919109026963657	4363	1809	13.408205363282145	0.7027274810909925	0.0795324318129727	1114	1119	0.0327671359830358	True	False	
AAAGTCCCACCAGCCA	shared	B	B	1.0	0.778	0.862	0.016	False	True	B	B	1.0	0.771	0.861	0.021	False	True	25334	5472	7.744533038604247	27032	5525	7.775969221663214	0.3983796981355431	0.111682450429121	49	45	0.0935897956632119	True	False	
AAAGTGATCGTACACA	shared	NK	NK	1.0	0.65	0.732	0.008	False	True	NK	NK	1.0	0.644	0.756	0.008	False	True	8361	3396	6.6618825499342185	8828	3403	6.739918441323063	0.366787494336203	0.1419347530584503	851	844	0.0784019996174137	True	False	
AAATGGAAGCCGCTTG	shared	CD14 Mono	CD14 Mono	1.0	0.819	0.873	0.027	False	True	CD14 Mono	CD14 Mono	1.0	0.813	0.87	0.032	False	True	20647	5052	7.429650796725917	21579	5065	7.55827424811159	0.3132211872653969	0.1184484915890449	129	125	0.0636928182814095	True	False	
AAATGGACAATGCTCA	shared	CD14 Mono	CD14 Mono	1.0	0.817	0.874	0.032	False	True	CD14 Mono	CD14 Mono	1.0	0.812	0.871	0.036	False	True	20224	5018	5.453916139240507	21171	5034	5.507533890699542	0.3254451844504274	0.1292806197156487	135	136	0.0660178564301732	True	False	
AAATGGAGTACCGCGT	shared	CD4 T	CD4 T	1.0	0.81	0.845	0.021	False	True	CD4 T	CD4 T	1.0	0.804	0.843	0.026	False	True	25050	5761	6.415169660678643	26396	5806	6.482042733747537	0.2648128504318836	0.1251325958478557	57	54	0.0755057827624548	True	False	
AAATGGATCCTATTTG	shared	B	B	1.0	0.678	0.779	0.011	False	True	B	B	1.0	0.674	0.778	0.014	False	True	8100	2807	6.962962962962963	8555	2806	6.966686148451198	0.4036236119228521	0.1251899473991817	884	880	0.0788364750003901	True	False	
AACAAAGGTGATGAAT	shared	CD4 T	CD4 T	1.0	0.731	0.807	0.049	False	True	CD4 T	CD4 T	1.0	0.726	0.804	0.036	False	True	11327	3590	7.0362849827844975	11931	3605	7.124298047104182	0.3084401978040399	0.1379599363003939	465	468	0.074942712252215	True	False	
AACAACCAGTAGTCCT	shared	CD14 Mono	CD14 Mono	1.0	0.64	0.711	0.018	False	True	CD14 Mono	CD14 Mono	1.0	0.633	0.708	0.012	False	True	4334	1911	12.067374250115368	4494	1903	12.016021361815756	0.3304405874499332	0.1326212728081887	1110	1114	0.0522891222926122	True	False	
AACAACCCACGCTATA	shared	NK	NK	1.0	0.707	0.778	0.045	False	True	CD8 T	CD8 T	1.0	0.701	0.783	0.057	False	True	9824	3343	9.802524429967429	10449	3360	10.07751937984496	0.3214661690113886	0.1295817781605895	646	627	0.0889736298222763	True	False	
AACAAGAGTTATAGAG	shared	CD14 Mono	CD14 Mono	0.688	0.808	0.85	0.049	False	True	CD14 Mono	CD14 Mono	0.571	0.803	0.848	0.067	False	True	17191	4482	8.137979175149788	18246	4531	8.259344513866052	0.299353282911323	0.122547407650992	210	199	0.0859219012707767	True	False	
AACAGGGGTGGGAGAG	shared	NK	NK	1.0	0.71	0.781	0.01	False	True	CD8 T	CD8 T	1.0	0.704	0.781	0.008	False	True	8733	2861	11.118744990266803	9293	2894	10.98676423114172	0.2286667384052512	0.124825137200043	804	790	0.0896571137304696	True	False	
AACCAACAGCTTGTTG	shared	CD4 T	CD4 T	1.0	0.648	0.728	0.057	False	True	CD4 T	CD4 T	0.938	0.639	0.723	0.073	False	True	7660	2901	9.516971279373369	8063	2946	9.624209351358056	0.4555376410765224	0.1570135185414858	934	932	0.0739629175912016	True	False	
AACCCAACAACTGATC	shared	CD8 T	CD8 T	1.0	0.669	0.73	0.034	False	True	CD8 T	CD8 T	1.0	0.664	0.729	0.026	False	True	7494	3020	5.924739791833467	7899	3025	6.190657045195595	0.3513102924420813	0.1641979997468033	952	945	0.0759241751166057	True	False	
AACCCAAGTGGGCTTC	shared	B	B	1.0	0.719	0.802	0.022	False	True	B	B	1.0	0.713	0.801	0.034	False	True	9939	3209	7.274373679444612	10487	3208	7.304281491370268	0.3068561075617431	0.135596452751025	621	621	0.0774218337721058	True	False	
AACCCAATCTTACCGC	shared	NK	NK	1.0	0.652	0.73	0.011	False	True	NK	NK	1.0	0.645	0.744	0.01	False	True	7766	3229	5.562709245428792	8125	3242	5.747692307692308	0.4281846153846154	0.158276923076923	921	927	0.0651878986098204	True	False	
AACCTGACATCCTATT	shared	CD14 Mono	CD14 Mono	1.0	0.784	0.862	0.029	False	True	CD14 Mono	CD14 Mono	1.0	0.778	0.858	0.027	False	True	18662	4706	5.058407459007609	19418	4746	5.149860953754248	0.3533834586466165	0.1158718714594705	174	175	0.0572879976203786	True	False	
AACCTTTGTTTCGGCG	shared	NK	NK	1.0	0.598	0.682	0.008	False	True	NK	NK	1.0	0.589	0.691	0.008	False	True	4303	2096	4.7873576574482914	4499	2113	4.823294065347855	0.3774172038230718	0.1631473660813514	1113	1113	0.0642469235477751	True	False	
AACGAAAAGGTTGGTG	shared	Platelet	Platelet	0.933	0.365	0.818	0.067	False	True	Platelet	Platelet	0.933	0.359	0.818	0.073	False	True	5828	1576	4.512697323266987	6342	1592	4.367707347839798	0.0397350993377483	0.1095868811100599	1064	1053	0.1219169405263693	True	False	
AACGAAACAATGTCTG	shared	CD4 T	CD4 T	0.944	0.342	0.394	0.019	False	True	CD4 T	CD4 T	0.8	0.336	0.39	0.024	False	True	1278	768	17.84037558685446	1332	754	18.393393393393392	0.5285285285285285	0.1343843843843843	1181	1181	0.059660516207336	False	True	9.999000099990002e-05
AACGAAACAGCGTTTA	shared	CD14 Mono	CD14 Mono	1.0	0.692	0.758	0.024	False	True	CD14 Mono	CD14 Mono	1.0	0.685	0.756	0.026	False	True	5657	2317	11.454834718048437	5913	2295	11.635379671909352	0.2841197361745307	0.1170302722814138	1072	1073	0.0638420667240714	True	False	
AACGAAATCCATTTAC	shared	CD4 T	CD4 T	1.0	0.641	0.718	0.026	False	True	CD4 T	CD4 T	1.0	0.636	0.714	0.026	False	True	5775	2466	7.705627705627705	6124	2452	7.658393207054213	0.3690398432397126	0.1748856956237753	1067	1064	0.0846391018901242	True	False	
AACGGGAGTCGCTCGA	shared	CD14 Mono	CD14 Mono	1.0	0.819	0.882	0.042	False	True	CD14 Mono	CD14 Mono	1.0	0.814	0.879	0.053	False	True	25563	5424	7.6203888432500095	27833	5440	7.7282362663025905	0.3101354507239607	0.1132468652319189	46	38	0.122734659529166	True	False	
AACGTCAAGACGCCCT	shared	CD14 Mono	CD14 Mono	1.0	0.794	0.858	0.042	False	True	CD14 Mono	CD14 Mono	1.0	0.787	0.855	0.045	False	True	14910	4252	6.7002012072434605	15613	4253	6.834048549285852	0.2939217318900916	0.1249599692563889	264	265	0.0664631601792176	True	False	
AAGAACAAGACCATTC	shared	NK	NK	1.0	0.681	0.752	0.036	False	True	CD8 T	CD8 T	1.0	0.674	0.76	0.024	False	True	8202	2889	8.546695927822482	8631	2915	8.504228942185147	0.3442243077279573	0.1441316185841733	871	870	0.0735432363643758	True	False	
AAGAACAAGCCTCAGC	shared	CD14 Mono	CD14 Mono	0.895	0.829	0.874	0.036	False	True	CD14 Mono	CD14 Mono	0.765	0.823	0.872	0.045	False	True	25323	5645	6.66982585001777	26818	5686	6.730554105451563	0.3137817883511075	0.124990677902901	50	47	0.0827501438041423	True	False	
AAGAACATCTTGCAAG	shared	CD8 T	CD8 T	1.0	0.728	0.803	0.026	False	True	CD8 T	CD8 T	1.0	0.723	0.797	0.029	False	True	12284	3743	8.018560729404102	12974	3751	7.992908894712502	0.3040696778171728	0.1391244026514567	386	383	0.0788366808830783	True	False	
AAGACAACACTTCAGA	shared	CD14 Mono	CD14 Mono	1.0	0.823	0.881	0.042	False	True	CD14 Mono	CD14 Mono	1.0	0.817	0.879	0.039	False	True	20622	5107	6.240907768402677	21558	5152	6.28536970034326	0.3087484924390017	0.1258465534836255	131	126	0.0640360463099676	True	False	
AAGACAACAGATCACT	shared	CD14 Mono	CD14 Mono	1.0	0.853	0.873	0.415	True	True	CD14 Mono	CD14 Mono	1.0	0.85	0.871	0.415	True	True	35192	6761	4.859058877017504	36651	6814	4.943930588524188	0.4006439114894546	0.1270906660118414	9	9	0.0586034237035474	True	False	
AAGACAATCCGCGAGT	shared	CD8 T	CD8 T	1.0	0.697	0.79	0.024	False	True	CD8 T	CD8 T	1.0	0.691	0.781	0.026	False	True	10555	3053	8.810990052108005	11099	3048	9.00982070456798	0.2875033786827642	0.1484818452112803	549	548	0.0724964207985624	True	False	
AAGACTCGTGACGTCC	shared	Low quality (no markers)	Low quality (no markers)	1.0	0.209	0.874	0.022	False	False	Low quality (no markers)	Low quality (no markers)	1.0	0.199	0.885	0.021	False	False	827	31	96.9770253929867	928	33	91.05603448275862	0.0592672413793103	0.0053879310344827	1210	1206	0.1660478288833277	False	True	9.999000099990002e-05
AAGCATCAGGTCCGAA	shared	CD4 T	CD4 T	1.0	0.709	0.804	0.026	False	True	CD4 T	CD4 T	1.0	0.704	0.802	0.021	False	True	9843	2900	2.9056182058315554	10410	2928	2.910662824207493	0.3006724303554274	0.1597502401536983	641	637	0.0807920864924635	True	False	
AAGCATCCAGTCTTCC	shared	CD14 Mono	CD14 Mono	1.0	0.829	0.884	0.024	False	True	CD14 Mono	CD14 Mono	1.0	0.825	0.883	0.024	False	True	25495	5678	5.8678172190625615	26710	5709	6.053912392362411	0.3406214900786222	0.1222014226881317	47	48	0.0671630640259712	True	False	
AAGCGTTCACTGATTG	shared	CD14 Mono	CD14 Mono	1.0	0.838	0.886	0.045	False	True	CD14 Mono	CD14 Mono	1.0	0.832	0.884	0.049	False	True	24840	5680	5.849436392914654	26023	5695	5.875571609729854	0.2908196595319525	0.1200860777004957	58	58	0.0671194755918261	True	False	
AAGCGTTTCGCTATTT	shared	B	B	1.0	0.717	0.787	0.029	False	True	B	B	1.0	0.712	0.785	0.029	False	True	12925	3530	6.235976789168278	13677	3582	6.324486363968707	0.3415953791036046	0.127805805366674	341	335	0.0815813977480504	True	False	
AAGGTAAAGGAAGTAG	shared	NK	NK	1.0	0.688	0.767	0.01	False	True	CD8 T	CD8 T	1.0	0.681	0.764	0.008	False	True	8077	2949	8.46849077627832	8632	2986	8.5032437442076	0.3113994439295644	0.1441149212233549	889	869	0.0958638424504388	True	False	
AAGGTAAAGGCCACCT	shared	CD4 T	CD4 T	1.0	0.744	0.808	0.036	False	True	CD4 T	CD4 T	1.0	0.74	0.803	0.057	False	True	12776	3826	3.530056355666876	13396	3838	3.598088981785608	0.3407733651836369	0.1513884741713944	353	352	0.0683608373727848	True	False	
AAGGTAAGTCCTTAAG	shared	CD4 T	CD4 T	1.0	0.738	0.815	0.073	False	True	CD4 T	CD4 T	1.0	0.732	0.812	0.067	False	True	10481	3278	5.1330979868333175	11079	3289	5.171946926617926	0.2255618738153263	0.1476667569275205	562	553	0.0800438672986349	True	False	
AAGTACCAGCGCCTTG	shared	CD4 T	CD4 T	1.0	0.707	0.797	0.036	False	True	CD4 T	CD4 T	1.0	0.699	0.794	0.057	False	True	9129	2944	5.531821667214372	9562	2918	5.626437983685421	0.2767203513909224	0.1389876594854633	739	741	0.0668484155458831	True	False	
AAGTACCAGCTCCATA	shared	CD4 T	CD4 T	1.0	0.694	0.786	0.026	False	True	CD4 T	CD4 T	1.0	0.688	0.783	0.029	False	True	9726	3035	5.829734731647132	10254	3042	5.763604447045055	0.3015408621025941	0.156036668617125	658	650	0.0762606689020054	True	False	
AAGTACCCAAAGAACT	shared	CD4 T	CD4 T	1.0	0.725	0.816	0.073	False	True	CD4 T	CD4 T	1.0	0.718	0.812	0.027	False	True	11431	3390	6.6748315982853645	12049	3388	6.780645696738318	0.3106481865714997	0.1471491410075525	460	457	0.0759553249088699	True	False	
AAGTGAACATCAGCAT	shared	NK	NK	1.0	0.708	0.778	0.01	False	True	CD8 T	CD8 T	1.0	0.7	0.776	0.011	False	True	9064	3191	8.859223300970873	9631	3213	8.87758280552383	0.3093136745924618	0.1388225521752673	754	731	0.0875283721281816	True	False	
AAGTGAATCGGAAGGT	shared	CD14 Mono	CD14 Mono	1.0	0.831	0.878	0.027	False	True	CD14 Mono	CD14 Mono	1.0	0.825	0.876	0.029	False	True	21999	5273	5.377517159870903	22897	5279	5.441760929379394	0.3105647027994934	0.1263921037690527	101	102	0.0577180695029096	True	False	
AAGTTCGAGGATACAT	shared	CD8 T	CD8 T	0.957	0.723	0.799	0.062	False	True	CD8 T	CD8 T	1.0	0.716	0.793	0.073	False	True	10488	3090	5.882913806254767	11115	3121	5.982905982905983	0.2519118308591992	0.143229869545659	559	544	0.0837605988008046	True	False	
AAGTTCGGTCAACACT	shared	CD14 Mono	CD14 Mono	1.0	0.816	0.874	0.036	False	True	CD14 Mono	CD14 Mono	1.0	0.811	0.873	0.036	False	True	19723	4833	5.774983521776606	20580	4859	5.87949465500486	0.3421282798833819	0.1210398445092322	153	150	0.0613609243769622	True	False	
AATCACGAGGCTCTAT	shared	Low quality (no markers)	Low quality (no markers)	0.933	0.292	0.571	0.016	False	False	Low quality (no markers)	Low quality (no markers)	0.933	0.28	0.591	0.034	False	False	1504	312	76.92819148936171	1665	327	74.11411411411412	0.1225225225225225	0.0402402402402402	1179	1178	0.1466249137184832	False	True	9.999000099990002e-05
AATCGACAGTATGTAG	shared	CD8 T	CD8 T	0.8	0.526	0.603	0.049	False	False	CD8 T	CD8 T	0.643	0.517	0.595	0.039	False	False	3584	1634	20.786830357142858	3768	1620	21.20488322717622	0.4150743099787686	0.1565817409766454	1133	1133	0.0722086760750895	True	False	
AATCGACGTGAGACGT	shared	CD14 Mono	CD14 Mono	1.0	0.767	0.844	0.045	False	True	CD14 Mono	CD14 Mono	1.0	0.76	0.84	0.029	False	True	13881	4055	10.006483682731792	14609	4088	10.123896228352386	0.3433499897323567	0.1240331302621671	293	291	0.0737407440710144	True	False	
AATGAAGCAGTATGAA	shared	CD4 T	CD4 T	0.895	0.666	0.746	0.067	False	True	CD4 T	CD4 T	0.778	0.656	0.74	0.042	False	True	7950	2736	12.37735849056604	8385	2756	12.474657125819917	0.4153846153846154	0.130113297555158	902	900	0.0768465101253021	True	False	
AATGACCGTGTCATCA	shared	CD14 Mono	CD14 Mono	1.0	0.846	0.869	0.317	True	True	CD14 Mono	CD14 Mono	1.0	0.84	0.866	0.317	True	True	26917	6309	7.248207452539288	28206	6345	7.470041835070552	0.3686095157058782	0.1285187548748493	36	35	0.0674820118894522	True	False	
AATGGAACACTCATAG	shared	B	B	1.0	0.758	0.827	0.014	False	True	B	B	1.0	0.753	0.825	0.012	False	True	16119	4453	5.446988026552516	16941	4484	5.607697302402456	0.3580072014639041	0.1237235110087952	236	235	0.0717524507431446	True	False	
AATGGAATCTGATGGT	shared	CD14 Mono	CD14 Mono	1.0	0.792	0.86	0.032	False	True	CD14 Mono	CD14 Mono	1.0	0.786	0.858	0.034	False	True	16632	4580	7.587782587782588	17428	4596	7.70025246729401	0.3421505623135185	0.1228482901078723	222	223	0.0674413934618952	True	False	
AATGGCTAGGACGGAG	shared	CD4 T	CD4 T	1.0	0.442	0.48	0.042	False	True	CD4 T	CD4 T	1.0	0.435	0.477	0.036	False	True	3723	1772	16.304055868922912	3797	1749	16.9080853305241	0.649723465894127	0.085330524097972	1132	1132	0.0283868325907039	True	False	
AATTCCTTCCATTGGA	shared	CD14 Mono	CD14 Mono	1.0	0.817	0.875	0.032	False	True	CD14 Mono	CD14 Mono	1.0	0.814	0.873	0.032	False	True	24537	5173	3.4519297387618697	25532	5220	3.4192386025379915	0.3565329782234059	0.1211029296569011	60	63	0.0573453920159239	True	False	
ACAAAGAAGCCTCAAT	shared	CD14 Mono	CD14 Mono	1.0	0.798	0.866	0.057	False	True	CD14 Mono	CD14 Mono	1.0	0.791	0.863	0.057	False	True	16857	4618	7.136501156789464	17571	4624	7.279039326162427	0.3408457116840248	0.120027317739457	219	218	0.0598450166164317	True	False	
ACAAAGAGTTCCATTT	shared	CD4 T	CD4 T	1.0	0.707	0.767	0.029	False	True	CD4 T	CD4 T	1.0	0.702	0.762	0.053	False	True	9247	3355	10.316859522007135	9791	3364	10.38709018486365	0.3362271473802471	0.1453375548973547	723	707	0.0824621601919729	True	False	
ACAACCATCTATCCAT	shared	CD4 T	CD4 T	1.0	0.64	0.73	0.036	False	True	CD4 T	CD4 T	1.0	0.633	0.725	0.042	False	True	5631	2309	3.267625643757769	5961	2335	3.237711793323268	0.4183861768159704	0.139909411172622	1073	1072	0.0821490413538715	True	False	
ACAACCATCTGCCCTA	shared	CD4 T	CD4 T	1.0	0.754	0.844	0.073	False	True	CD4 T	CD4 T	1.0	0.748	0.84	0.057	False	True	13726	3671	5.959492933119627	14396	3680	5.973881633787163	0.2985551542095026	0.1458043901083634	298	299	0.068751856187597	True	False	
ACAAGCTGTAGGTCAG	shared	CD4 T	CD4 T	1.0	0.719	0.763	0.021	False	True	CD4 T	CD4 T	1.0	0.712	0.759	0.027	False	True	10223	3806	3.619289836642864	10712	3823	3.584764749813293	0.3727595220313667	0.1529126213592233	595	597	0.0674027983602272	True	False	
ACACCAAAGAGTCAGC	shared	CD4 T	CD4 T	1.0	0.727	0.813	0.039	False	True	CD4 T	CD4 T	1.0	0.721	0.811	0.042	False	True	10470	3128	5.5205348615090735	11134	3167	5.514639841925633	0.298275552362134	0.1569067720495778	566	541	0.0887023292143198	True	False	
ACACGCGGTGTTGCCG	shared	CD14 Mono	CD14 Mono	1.0	0.77	0.835	0.026	False	True	CD14 Mono	CD14 Mono	1.0	0.764	0.831	0.029	False	True	13152	4057	8.363746958637469	13796	4085	8.495216004639026	0.3306755581327921	0.1254711510582777	331	328	0.0689627096234302	True	False	
ACACGCGTCACCTCGT	shared	NK	NK	1.0	0.635	0.72	0.008	False	True	NK	NK	1.0	0.63	0.745	0.008	False	True	7026	3092	6.532877882152007	7259	3064	6.791569086651054	0.3583138173302108	0.1530513844882215	995	1001	0.0470606496592725	True	False	
ACACGCGTCGCCGTGA	shared	CD14 Mono	CD14 Mono	1.0	0.738	0.798	0.042	False	True	CD14 Mono	CD14 Mono	1.0	0.732	0.795	0.032	False	True	7845	2912	7.304015296367113	7919	2873	7.387296375805026	0.2517994696300037	0.141558277560298	912	943	0.0135430948898762	True	False	
ACACTGATCACTGATG	shared	CD14 Mono	CD14 Mono	1.0	0.737	0.8	0.034	False	True	CD14 Mono	CD14 Mono	1.0	0.73	0.796	0.042	False	True	8321	3104	8.664823939430358	8722	3097	8.702132538408621	0.3062371015822059	0.1157991286402201	858	856	0.0678941012965168	True	False	
ACACTGATCTTTCCGG	shared	CD4 T	CD4 T	0.789	0.687	0.754	0.057	False	True	CD4 T	CD4 T	0.737	0.679	0.75	0.067	False	True	8595	3271	7.050610820244328	9020	3298	7.106430155210643	0.3900221729490022	0.1472283813747228	819	821	0.0696218858673756	True	False	
ACAGAAAAGTATTAGG	shared	CD14 Mono	CD14 Mono	1.0	0.758	0.819	0.027	False	True	CD14 Mono	CD14 Mono	1.0	0.752	0.816	0.029	False	True	10612	3559	6.209950998869204	11057	3566	6.285610925205752	0.3208826987428778	0.1267070633987519	539	557	0.0592579531274649	True	False	
ACAGAAACACCAGCGT	shared	CD14 Mono	CD14 Mono	1.0	0.748	0.816	0.049	False	True	CD14 Mono	CD14 Mono	1.0	0.74	0.811	0.045	False	True	9910	3371	8.617558022199798	10193	3361	8.672618463651526	0.2723437653291474	0.1349946041400961	625	656	0.0406177234545409	True	False	
ACAGCCGTCGCTGTTC	shared	B	B	1.0	0.667	0.771	0.021	False	True	B	B	1.0	0.662	0.769	0.021	False	True	7382	2720	8.574911947981576	7784	2698	8.697327852004111	0.309224049331963	0.1230729701952723	961	959	0.0764898807870834	True	False	
ACATCCCCACAAATGA	shared	CD8 T	CD8 T	0.643	0.619	0.688	0.042	False	True	CD8 T	CD8 T	0.688	0.615	0.681	0.042	False	True	4154	2055	4.236880115551276	4369	2042	4.39459830624857	0.4163424124513619	0.1570153353170061	1118	1118	0.0727848027302537	True	False	
ACATCCCGTAAGATTG	shared	CD14 Mono	CD14 Mono	1.0	0.777	0.843	0.039	False	True	CD14 Mono	CD14 Mono	1.0	0.77	0.84	0.042	False	True	11957	3781	6.682278163418918	12493	3779	6.76378772112383	0.3173777315296566	0.1259105098855359	408	416	0.0632593190052994	True	False	
ACATCGATCTAAGAAG	shared	NK	NK	1.0	0.68	0.752	0.008	False	True	NK	NK	1.0	0.672	0.78	0.008	False	True	9376	3736	7.849829351535837	9843	3727	7.944732297063903	0.3553794574824748	0.139489992888347	697	703	0.0701182251827945	True	False	
ACATCGATCTGAGAGG	shared	CD8 T	CD8 T	0.931	0.682	0.748	0.034	False	True	CD8 T	CD8 T	1.0	0.676	0.746	0.039	False	True	7206	3025	6.702747710241465	7559	3034	6.760153459452309	0.3204127530096574	0.1348061912951448	981	974	0.068987389100405	True	False	
ACATCGATCTTGGGCG	shared	CD14 Mono	CD14 Mono	1.0	0.775	0.851	0.032	False	True	CD14 Mono	CD14 Mono	1.0	0.769	0.848	0.027	False	True	12206	3709	5.702113714566607	12644	3692	5.7576716229041445	0.311452072129073	0.1225877886744701	393	405	0.0508583507557342	True	False	
ACATGCAGTTGCTTGA	shared	CD14 Mono	CD14 Mono	1.0	0.723	0.795	0.014	False	True	CD14 Mono	CD14 Mono	1.0	0.718	0.792	0.01	False	True	8216	2904	6.91333982473223	8515	2908	6.987668819729889	0.2640046975924838	0.1108631826189078	870	885	0.0515641830257595	True	False	
ACATTTCGTGCCGAAA	shared	CD4 T	CD4 T	1.0	0.691	0.783	0.027	False	True	CD4 T	CD4 T	1.0	0.686	0.782	0.029	False	True	8758	2764	4.064854989723681	9221	2774	4.121028088059863	0.2683006181542132	0.157900444637241	801	799	0.0743134965390041	True	False	
ACATTTCGTTTCTTAC	shared	B	B	1.0	0.695	0.799	0.026	False	True	B	B	1.0	0.689	0.794	0.039	False	True	10930	3646	3.979871912168344	11454	3671	4.050986554915314	0.4471800244456085	0.1189104243059193	502	509	0.0675520696137507	True	False	
ACCACAAAGGCCTTGC	shared	CD14 Mono	CD14 Mono	1.0	0.787	0.856	0.034	False	True	CD14 Mono	CD14 Mono	1.0	0.781	0.852	0.032	False	True	12889	3842	5.888742338428117	13340	3837	5.967016491754123	0.3183658170914543	0.1288605697151424	345	357	0.049614546823651	True	False	
ACCACAAAGGTTAGTA	shared	CD4 T	CD4 T	0.6	0.296	0.335	0.011	False	False	CD4 T	CD4 T	0.733	0.28	0.328	0.013	False	False	1057	450	52.2232734153264	1093	429	53.79688929551693	0.3055809698078682	0.0475754803293687	1190	1193	0.0482731106785309	False	True	9.999000099990002e-05
ACCACAAGTCTGTGGC	shared	B	B	1.0	0.661	0.764	0.01	False	True	B	B	1.0	0.654	0.76	0.011	False	True	7609	2795	7.675121566565909	8010	2811	7.802746566791511	0.3739076154806492	0.1210986267166042	936	935	0.0740858894036056	True	False	
ACCATTTCATTGGGAG	shared	CD4 T	CD4 T	1.0	0.725	0.773	0.032	False	True	CD4 T	CD4 T	1.0	0.72	0.77	0.026	False	True	9377	3284	5.225551882265116	9849	3290	5.330490405117271	0.2822621585947812	0.1381866179307544	696	701	0.0708434455102802	True	False	
ACCCAAAAGCCACAAG	shared	Low quality (no markers)	Low quality (no markers)	1.0	0.196	0.907	0.024	False	False	Low quality (no markers)	Low quality (no markers)	1.0	0.185	0.904	0.021	False	False	670	21	98.50746268656717	759	26	92.35836627140976	0.069828722002635	0.0026350461133069	1226	1223	0.1796866521307643	False	True	9.999000099990002e-05
ACCCAAAGTTGGGAAC	shared	cDC	cDC	0.778	0.734	0.831	0.067	False	True	cDC	cDC	0.684	0.725	0.827	0.08	False	True	11725	3718	12.460554371002132	12575	3709	12.453280318091451	0.2694234592445328	0.1056858846918489	425	409	0.1009621608621333	True	False	
ACCCTTGGTATCGTAC	shared	CD8 T	CD4 T	0.5	0.727	0.785	0.097	False	True	CD8 T	CD8 T	0.786	0.721	0.775	0.088	False	True	13513	4383	5.00259009842374	14212	4407	5.080213903743315	0.4512383900928792	0.1432592175626231	307	303	0.0727563424353141	True	False	
ACCCTTGTCATTTCGT	shared	NK	NK	1.0	0.74	0.812	0.009	False	True	CD8 T	CD8 T	1.0	0.735	0.806	0.01	False	True	10776	3505	6.542316258351893	11397	3500	6.580679126085812	0.2479599894709134	0.1432833201719751	521	514	0.0808250677047484	True	False	
ACCTACCCAACGGTAG	shared	NK	NK	1.0	0.716	0.792	0.007	False	True	CD8 T	CD8 T	1.0	0.711	0.796	0.006	False	True	10388	3272	10.001925298421256	11023	3306	10.02449423931779	0.2541050530708518	0.141885149233421	577	563	0.0855909997859068	True	False	
ACCTGAACATGAGAAT	shared	CD4 T	CD4 T	1.0	0.746	0.83	0.073	False	True	CD4 T	CD4 T	1.0	0.743	0.828	0.097	False	True	12911	3791	5.615366741538224	13589	3794	5.739936713518287	0.3162116417690779	0.1537272794171756	343	337	0.0738329723769732	True	False	
ACCTGTCTCAAGTCTG	shared	CD4 T	CD4 T	1.0	0.739	0.822	0.042	False	True	CD4 T	CD4 T	1.0	0.73	0.818	0.042	False	True	11321	3294	6.492359332214469	11917	3303	6.595619702945372	0.2750692288327599	0.1463455567676428	466	469	0.0740133237920343	True	False	
ACCTGTCTCTCAACGA	shared	CD14 Mono	FCGR3A Mono	0.571	0.815	0.865	0.036	False	True	FCGR3A Mono	FCGR3A Mono	0.714	0.811	0.892	0.036	False	True	28199	5611	3.553317493528139	29402	5674	3.591592408679681	0.3853819468063397	0.1307734167743691	27	29	0.0602681987068571	True	False	
ACGATCAGTCGTTCAA	shared	NK	NK	1.0	0.739	0.806	0.011	False	True	CD8 T	CD8 T	1.0	0.733	0.806	0.014	False	True	10891	3349	8.355522908823799	11538	3373	8.363667880048535	0.2622638238862887	0.1429190500953371	507	501	0.0832493141707689	True	False	
ACGATCATCCACGGAC	shared	NK	NK	1.0	0.716	0.792	0.014	False	True	CD8 T	CD8 T	1.0	0.708	0.789	0.017	False	True	9070	3014	9.944873208379272	9559	3019	10.01150747986191	0.2747149283397845	0.1476095825923213	752	744	0.0757490139223932	True	False	
ACGATCATCCGTTGGG	shared	CD8 T	CD8 T	1.0	0.72	0.802	0.024	False	True	CD8 T	CD8 T	1.0	0.712	0.792	0.018	False	True	11021	3428	9.300426458579077	11555	3449	9.27736910428386	0.2778018173950671	0.1328429251406317	493	499	0.0682560767321097	True	False	
ACGCACGAGAGAGTGA	shared	CD4 T	CD4 T	1.0	0.64	0.67	0.18	False	True	CD4 T	CD4 T	0.929	0.632	0.666	0.108	False	True	5110	2302	3.9138943248532287	5415	2319	3.8596491228070176	0.3322253000923361	0.1407202216066482	1088	1086	0.0836221475747869	True	False	
ACGGTCGTCACTACGA	shared	CD4 T	CD4 T	0.943	0.726	0.814	0.057	False	True	CD4 T	CD4 T	0.933	0.72	0.811	0.057	False	True	10802	3163	5.924828735419367	11353	3163	5.971989782436361	0.2385272615167797	0.144367127631463	515	518	0.0717686413634403	True	False	
ACGGTTAAGTGCTCAT	shared	B	B	1.0	0.698	0.796	0.018	False	True	B	B	1.0	0.693	0.795	0.014	False	True	9446	3144	6.002540757992802	9915	3165	6.081694402420575	0.3371659102370146	0.118910741301059	690	690	0.0699020132301561	True	False	
ACGTAACAGGTGCTTT	shared	CD4 T	CD4 T	1.0	0.726	0.814	0.062	False	True	CD4 T	CD4 T	1.0	0.723	0.814	0.057	False	True	11501	3453	6.129901747674115	12072	3482	6.138170974155069	0.2993704440026508	0.1377567925778661	453	454	0.0698994707293593	True	False	
ACGTAACTCATATGGC	shared	B	B	1.0	0.677	0.771	0.022	False	True	B	B	1.0	0.669	0.767	0.032	False	True	7912	2842	6.964105156723964	8326	2862	7.050204179678117	0.3830170550084074	0.1374009128032668	905	902	0.0735720667368647	True	False	
ACGTAACTCTTCGATT	shared	CD14 Mono	CD14 Mono	1.0	0.73	0.796	0.027	False	True	CD14 Mono	CD14 Mono	1.0	0.724	0.793	0.027	False	True	7880	2858	9.187817258883248	8186	2855	9.320791595406792	0.2924505252870755	0.125091619838749	909	918	0.0549561941405085	True	False	
ACGTACAAGCTGTTCA	shared	NK	NK	0.963	0.694	0.765	0.097	False	True	CD8 T	CD8 T	0.952	0.687	0.773	0.057	False	True	8304	2864	7.658959537572255	8787	2894	7.761465801752589	0.3023785137134403	0.1423694093547285	861	852	0.0815547015735378	True	False	
ACGTACACAAAGCTCT	shared	CD14 Mono	CD14 Mono	1.0	0.834	0.89	0.027	False	True	CD14 Mono	CD14 Mono	1.0	0.829	0.888	0.032	False	True	25795	5587	4.675324675324675	27204	5641	4.712542273195118	0.3188869283928834	0.1264152330539626	43	43	0.0767244537398192	True	False	
ACGTACACAGACGATG	shared	NK	NK	0.957	0.679	0.76	0.01	False	True	NK	NK	0.905	0.673	0.774	0.017	False	True	8071	3284	5.687027629785653	8409	3282	5.767629920323463	0.3592579379236532	0.1515043405874658	892	899	0.0591796260361494	True	False	
ACGTAGTCACGCCACA	shared	B	B	1.0	0.688	0.794	0.018	False	True	B	B	1.0	0.681	0.791	0.021	False	True	9196	3090	7.862113962592431	9676	3122	7.937164117403886	0.3686440677966102	0.1206076891277387	729	724	0.0733965215542633	True	False	
ACGTAGTCATTAGGAA	shared	NK	NK	1.0	0.673	0.748	0.018	False	True	CD8 T	CD8 T	1.0	0.668	0.75	0.012	False	True	7302	2734	11.36674883593536	7716	2737	11.521513737687922	0.3075427682737169	0.1425609123898392	969	965	0.0795508751733637	True	False	
ACGTTCCGTGGGTCAA	shared	CD14 Mono	CD14 Mono	1.0	0.687	0.756	0.022	False	True	CD14 Mono	CD14 Mono	1.0	0.68	0.754	0.019	False	True	5776	2351	8.085180055401661	6023	2347	8.185289722729538	0.2854059438817865	0.1207039681221982	1066	1068	0.0604012753318026	True	False	
ACTATCTGTGTGTACT	shared	NK	NK	0.952	0.744	0.81	0.027	False	True	NK	NK	1.0	0.736	0.815	0.036	False	True	12867	4034	6.862516515116189	13571	4047	6.970746444624568	0.3120624861837742	0.141330778866701	348	338	0.0768454940582381	True	False	
ACTATGGAGAAATCCA	shared	B	B	1.0	0.76	0.805	0.032	False	True	B	B	1.0	0.754	0.804	0.032	False	True	16698	4672	6.443885495268894	17468	4674	6.6578887107854365	0.3687886420883902	0.1243989008472635	221	221	0.0650353134184014	True	False	
ACTCCCAAGGTTGGTG	shared	NK	NK	1.0	0.68	0.76	0.01	False	True	NK	NK	1.0	0.672	0.78	0.012	False	True	8910	3544	5.084175084175084	9432	3587	5.216284987277354	0.3638676844783715	0.145568278201866	774	764	0.0821293264024321	True	False	
ACTCCCATCGTCCTCA	shared	CD4 T	CD4 T	1.0	0.731	0.816	0.062	False	True	CD4 T	CD4 T	1.0	0.725	0.812	0.088	False	True	11795	3592	6.460364561254769	12466	3625	6.48965185304027	0.3194288464623777	0.1481630033691641	423	419	0.0798166160974861	True	False	
ACTGATGAGCAGCGAT	shared	B	B	1.0	0.675	0.776	0.018	False	True	B	B	1.0	0.669	0.773	0.021	False	True	7894	2814	7.24600962756524	8247	2813	7.396629077240209	0.3167212319631381	0.1274402813144173	907	911	0.063105066620509	True	False	
ACTGATGCACCAGCCA	shared	B	B	1.0	0.697	0.799	0.016	False	True	B	B	1.0	0.691	0.797	0.016	False	True	9976	3146	5.3327987169206095	10431	3153	5.320678746045441	0.3294027418272457	0.1314351452401495	615	632	0.0643377950652579	True	False	
ACTGTGACAACTCGAT	shared	CD8 T	CD8 T	1.0	0.744	0.826	0.017	False	True	CD8 T	CD8 T	1.0	0.737	0.818	0.022	False	True	13958	3758	9.74351626307494	14721	3812	9.809116228517084	0.2875484002445486	0.1302900618164527	290	289	0.0767780834986612	True	False	
ACTTATCTCTAAGGAA	shared	CD14 Mono	CD14 Mono	1.0	0.827	0.877	0.027	False	True	CD14 Mono	CD14 Mono	1.0	0.821	0.874	0.039	False	True	25172	5412	7.186556491339584	26326	5415	7.399528982754691	0.2625921142596673	0.1214768669756134	55	56	0.0646659731794063	True	False	
ACTTCGCAGAACCGCA	shared	CD4 T	CD4 T	1.0	0.712	0.783	0.097	False	True	CD4 T	CD4 T	1.0	0.705	0.779	0.039	False	True	9718	3355	6.760650339576045	10118	3359	6.849179679778612	0.3737892864202412	0.1635698754694603	659	667	0.0581869382974447	True	False	
ACTTCGCGTACTCCGG	shared	B	B	1.0	0.691	0.795	0.017	False	True	B	B	1.0	0.685	0.793	0.013	False	True	8890	2918	7.086614173228346	9241	2931	7.217833567795693	0.3798290228330267	0.1300725029758684	777	797	0.0558593966692534	True	False	
ACTTTCAAGTATGACA	shared	CD8 T	CD8 T	1.0	0.684	0.745	0.027	False	True	CD8 T	CD8 T	1.0	0.677	0.743	0.032	False	True	7032	2664	7.408987485779295	7432	2676	7.602260495156082	0.2474434876210979	0.1737082884822389	994	989	0.0798043907104826	True	False	
ACTTTCACAAGCGAAC	shared	CD8 T	CD8 T	0.938	0.47	0.531	0.014	False	True	CD8 T	CD8 T	1.0	0.461	0.522	0.017	False	True	2850	1527	13.649122807017545	2973	1531	13.992600067272116	0.434577867473932	0.188025563403969	1151	1149	0.0609366081144659	False	True	9.999000099990002e-05
ACTTTCAGTACGCGTC	shared	CD4 T	CD4 T	1.0	0.753	0.837	0.036	False	True	CD4 T	CD4 T	1.0	0.747	0.835	0.039	False	True	13784	3627	5.448345908299478	14372	3649	5.510715279710548	0.2506957973838018	0.1412468689117729	296	300	0.0602619519559919	True	False	
AGAAATGTCATTCGTT	shared	FCGR3A Mono	FCGR3A Mono	0.786	0.57	0.688	0.053	False	True	FCGR3A Mono	FCGR3A Mono	0.857	0.554	0.677	0.057	False	True	10545	3031	16.89900426742532	11105	3050	17.127420081044576	0.6122467357046375	0.1020261143628996	551	546	0.0746433992118978	True	False	
AGAAGCGGTCTAGATC	shared	CD4 T	CD4 T	1.0	0.741	0.817	0.053	False	True	CD4 T	CD4 T	1.0	0.735	0.815	0.062	False	True	12349	3472	5.174508057332577	13023	3478	5.213852414958151	0.22506334945865	0.1419027873761806	382	378	0.0766615629068446	True	False	
AGAAGCGTCTGCGTCT	shared	CD4 T	CD4 T	1.0	0.764	0.847	0.039	False	True	CD4 T	CD4 T	1.0	0.758	0.845	0.049	False	True	15278	3923	4.575206178819217	15876	3932	4.654824892920131	0.2427563618039808	0.1421012849584278	258	261	0.055388214222819	True	False	
AGACAAAGTAGCTTGT	shared	CD14 Mono	CD14 Mono	1.0	0.822	0.878	0.036	False	True	CD14 Mono	CD14 Mono	1.0	0.816	0.875	0.036	False	True	19354	4813	6.024594399090628	20305	4815	6.180743659197242	0.2845112041369121	0.1196257079537059	160	156	0.069199769103398	True	False	
AGACACTCAAGTCGTT	shared	CD4 T	CD4 T	1.0	0.657	0.732	0.032	False	True	CD4 T	CD4 T	1.0	0.652	0.731	0.039	False	True	5439	2197	5.68119139547711	6304	2209	5.710659898477157	0.3248730964467005	0.1475253807106599	1079	1056	0.2128897190778803	True	False	
AGACCATCATTACTCT	shared	CD8 T	CD8 T	1.0	0.696	0.777	0.021	False	True	CD8 T	CD8 T	1.0	0.689	0.766	0.019	False	True	8166	2708	3.5023267205486164	8619	2730	3.5502958579881656	0.3235874231349344	0.1545422902888966	877	873	0.0778816416101608	True	False	
AGACTCATCAACGCTA	shared	CD4 T	CD4 T	0.75	0.75	0.828	0.08	False	True	CD4 T	CD4 T	0.765	0.745	0.828	0.156	False	True	14324	4063	7.0860094945545935	15077	4090	7.143330901372952	0.3557073688399549	0.1375605226503946	284	283	0.0739099380701822	True	False	
AGACTCATCAGAGCGA	shared	CD14 Mono	CD14 Mono	1.0	0.8	0.873	0.012	False	True	CD14 Mono	CD14 Mono	1.0	0.795	0.872	0.013	False	True	20103	4575	5.994130229319008	20964	4552	6.105705018126312	0.2887807670291929	0.1151497805762259	139	141	0.0605002538530965	True	False	
AGAGAATAGAGGGTCT	shared	CD8 T	CD8 T	0.95	0.715	0.769	0.049	False	True	CD8 T	CD8 T	1.0	0.708	0.773	0.045	False	True	8519	3026	8.40474234065031	9030	3051	8.516057585825028	0.2427464008859357	0.1406423034330011	828	819	0.0840323153019015	True	False	
AGAGAATCACCCAACG	shared	CD8 T	CD8 T	1.0	0.726	0.81	0.019	False	True	CD8 T	CD8 T	1.0	0.722	0.803	0.024	False	True	13047	3633	7.296696558595846	13753	3636	7.336581109576093	0.3090234857849196	0.1462226423325819	333	330	0.0760225635432335	True	False	
AGAGAGCAGTTGTCGT	shared	B	B	1.0	0.675	0.773	0.026	False	True	B	B	1.0	0.669	0.771	0.021	False	True	7126	2606	7.227055851810272	7538	2604	7.429026266914301	0.3140090209604669	0.1260281241708676	988	980	0.0810782475728051	True	False	
AGAGCAGGTCATAAAG	shared	CD14 Mono	CD14 Mono	1.0	0.703	0.779	0.01	False	True	CD14 Mono	CD14 Mono	1.0	0.697	0.776	0.01	False	True	6855	2533	7.527352297592998	7106	2504	7.5147762454264	0.299183788347875	0.125809175344779	1006	1010	0.0518735898488874	True	False	
AGAGCAGGTTGAGTCT	shared	CD4 T	CD4 T	1.0	0.698	0.791	0.011	False	True	CD4 T	CD4 T	1.0	0.691	0.787	0.011	False	True	8391	2737	6.387796448575855	8818	2750	6.271263325017011	0.2700158766160127	0.1433431617146745	849	847	0.0716003977278754	True	False	
AGAGCAGTCGCGCTGA	shared	CD8 T	CD8 T	0.824	0.714	0.786	0.156	False	True	CD8 T	CD8 T	0.941	0.706	0.784	0.136	False	True	8499	3014	9.965878338628071	8862	2997	9.963890769577974	0.2635973820807944	0.1351839313924622	831	837	0.0603322720381078	True	False	
AGAGCCCGTCACTCGG	shared	CD4 T	CD4 T	0.95	0.734	0.815	0.057	False	True	CD4 T	CD4 T	1.0	0.728	0.814	0.08	False	True	10732	3064	8.041371598956392	11352	3056	8.113107822410148	0.2010218463706835	0.1367159971811134	526	519	0.081020193485664	True	False	
AGATAGAGTGACACGA	shared	CD14 Mono	CD14 Mono	1.0	0.748	0.822	0.049	False	True	CD14 Mono	CD14 Mono	1.0	0.741	0.82	0.073	False	True	10410	3482	8.136407300672431	10810	3475	8.22386679000925	0.337650323774283	0.1228492136910268	574	587	0.0543913267995439	True	False	
AGATCGTCAGGACTTT	shared	NK	NK	1.0	0.717	0.785	0.036	False	True	CD8 T	CD8 T	1.0	0.711	0.791	0.029	False	True	9435	3081	8.086910439851616	9926	3108	8.089865001007455	0.2884344146685472	0.1466854724964739	691	688	0.0731823737942323	True	False	
AGATGAACAGGCACAA	shared	CD4 T	CD4 T	0.864	0.712	0.778	0.049	False	True	CD4 T	CD4 T	0.947	0.706	0.774	0.045	False	True	9022	3320	6.572821990689426	9513	3355	6.654052349416588	0.3393251340271208	0.1391779669925365	761	752	0.0764448395431993	True	False	
AGATGCTGTACGGTTT	shared	CD14 Mono	CD14 Mono	1.0	0.704	0.776	0.011	False	True	CD14 Mono	CD14 Mono	1.0	0.697	0.772	0.011	False	True	6380	2489	5.987460815047022	6625	2490	6.203773584905661	0.3346415094339622	0.1320754716981132	1037	1038	0.0543556693991859	True	False	
AGATGCTGTGTGGTCC	shared	CD4 T	CD4 T	1.0	0.687	0.782	0.022	False	True	CD4 T	CD4 T	1.0	0.678	0.781	0.024	False	True	8299	2347	6.338113025665743	8828	2344	6.35478024467603	0.2128454916175804	0.1566606252831898	863	844	0.0891387065399015	True	False	
AGCATCAGTCGGTGTC	shared	CD14 Mono	CD14 Mono	1.0	0.812	0.866	0.045	False	True	CD14 Mono	CD14 Mono	1.0	0.805	0.863	0.039	False	True	17722	4712	8.768761990745965	18654	4715	8.850648654444088	0.2715771416318216	0.1239948536506915	190	190	0.0739395283390123	True	False	
AGCATCAGTGGTCCGT	shared	CD4 T	CD4 T	1.0	0.714	0.808	0.034	False	True	CD4 T	CD4 T	1.0	0.707	0.806	0.045	False	True	9486	2690	5.566097406704618	9975	2681	5.573934837092732	0.216140350877193	0.1683208020050125	685	681	0.0725095180022143	True	False	
AGCCAATAGTCCCTAA	shared	CD4 T	CD4 T	1.0	0.771	0.834	0.032	False	True	CD4 T	CD4 T	0.967	0.765	0.832	0.032	False	True	15975	4240	6.284820031298905	16860	4256	6.352313167259786	0.2829774614472123	0.1420521945432977	239	236	0.077783864948819	True	False	
AGCCACGCAGGTTCGC	shared	CD4 T	CD4 T	1.0	0.718	0.804	0.022	False	True	CD4 T	CD4 T	1.0	0.714	0.803	0.027	False	True	10182	3237	7.02219603221371	10713	3245	7.215532530570335	0.2524969663026229	0.147764398394474	600	596	0.0733345466805144	True	False	
AGCCACGGTTCCGCGA	shared	CD14 Mono	CD14 Mono	1.0	0.809	0.872	0.073	False	True	CD14 Mono	CD14 Mono	1.0	0.802	0.868	0.045	False	True	17028	4382	6.330749354005168	17707	4367	6.376009487773197	0.2848026204325973	0.1288191110860111	213	217	0.0564075609365414	True	False	
AGCCACGTCCGAGAAG	shared	CD8 T	CD8 T	1.0	0.639	0.705	0.026	False	True	CD8 T	CD8 T	1.0	0.633	0.701	0.032	False	True	5267	2463	4.082020125308524	5565	2470	3.953279424977538	0.3759209344115004	0.1491464510332434	1082	1081	0.0793855630750929	True	False	
AGCCAGCGTAATGCGG	shared	CD4 T	CD4 T	1.0	0.712	0.798	0.042	False	True	CD4 T	CD4 T	1.0	0.707	0.797	0.067	False	True	9401	3041	4.116583342197639	9857	3048	4.149335497615907	0.2725981535964289	0.1403063812519022	694	697	0.0683273004774942	True	False	
AGCCAGCGTAGTTAGA	shared	pDC	pDC	0.538	0.733	0.885	0.088	False	True	pDC	pDC	0.5	0.726	0.882	0.088	False	True	19228	5233	5.216351154566258	20301	5268	5.300231515688882	0.3455987389783754	0.1234421949657652	164	157	0.0783381202675081	True	False	
AGCGTATCATATGCGT	shared	Low quality (no markers)	Low quality (no markers)	1.0	0.197	0.882	0.024	False	False	Low quality (no markers)	Low quality (no markers)	1.0	0.184	0.884	0.021	False	False	980	31	97.85714285714286	1069	35	93.73246024321796	0.0505144995322731	0.0028063610851262	1195	1195	0.1252857550692706	False	True	9.999000099990002e-05
AGCGTATTCAGTGGGA	shared	B	B	1.0	0.657	0.766	0.021	False	True	B	B	1.0	0.65	0.764	0.017	False	True	6619	2400	7.644659314095785	6906	2390	7.717926440776137	0.3560671879525051	0.1141036779611931	1019	1022	0.0612280066170574	True	False	
AGCGTCGCATTGACCA	shared	CD4 T	CD4 T	1.0	0.696	0.78	0.062	False	True	CD4 T	CD4 T	1.0	0.69	0.777	0.057	False	True	7515	2464	6.240851630073187	7557	2449	6.431123461691147	0.2250893211591901	0.1726875744342993	948	975	0.0080394518399059	True	False	
AGCGTCGTCCTTATCA	shared	Low quality (no markers)	Low quality (no markers)	0.929	0.033	0.031	0.026	False	False	CD4 T	CD4 T	1.0	0.033	0.036	0.027	False	False	514	15	0.0	511	15	0.0	0.0039138943248532	0.0136986301369863	1248	1260	-0.0084286220705807	False	True	9.999000099990002e-05
AGCTACACAGTCGGAA	shared	CD4 T	CD4 T	0.931	0.723	0.799	0.067	False	True	CD4 T	CD4 T	0.913	0.716	0.796	0.045	False	True	9731	3109	8.693864967629226	10143	3090	8.715370206053436	0.2733905156265405	0.1369417332150251	655	664	0.0598184252009781	True	False	
AGCTACAGTCGTTTCC	shared	NK	NK	1.0	0.677	0.744	0.006	False	True	CD8 T	CD8 T	1.0	0.667	0.739	0.006	False	True	7246	2620	8.694452111509799	8499	2583	8.789269325803035	0.2685021767266737	0.1727262030827156	975	889	0.2300789469276854	True	False	
AGGAAATTCACCATGA	shared	CD14 Mono	CD14 Mono	1.0	0.791	0.839	0.042	False	True	CD14 Mono	CD14 Mono	1.0	0.787	0.837	0.039	False	True	17567	4411	8.163032959526385	18444	4413	8.306224246367382	0.2638798525265669	0.1283886358707438	196	194	0.0702798295769824	True	False	
AGGAATACAAACTCGT	shared	CD8 T	CD8 T	1.0	0.728	0.8	0.021	False	True	CD8 T	CD8 T	1.0	0.722	0.794	0.024	False	True	11680	3352	7.508561643835616	12421	3364	7.640286611383947	0.2487722405603413	0.139280251187505	429	421	0.0887336855555933	True	False	
AGGAATATCATTACGG	shared	CD4 T	CD4 T	1.0	0.685	0.78	0.042	False	True	CD4 T	CD4 T	0.933	0.677	0.777	0.057	False	True	9336	2971	4.76649528706084	9882	2981	4.735883424408015	0.3155231734466707	0.1431896377251568	704	695	0.0819899575243863	True	False	
AGGACGAAGACCTTTG	shared	NK	NK	1.0	0.693	0.771	0.01	False	True	NK	NK	0.963	0.688	0.788	0.012	False	True	9466	3591	6.3173462919923935	9895	3586	6.4881253158160686	0.3676604345629106	0.1415866599292572	687	693	0.0639381781912908	True	False	
AGGACGAAGATTAGTG	shared	CD4 T	CD4 T	1.0	0.742	0.825	0.053	False	True	CD4 T	CD4 T	1.0	0.737	0.824	0.053	False	True	11508	3427	5.761209593326382	12334	3458	5.780768607102319	0.2530403761958813	0.1330468623317658	450	431	0.0999952303621492	True	False	
AGGACGATCACTGATG	shared	CD8 T	CD8 T	1.0	0.744	0.822	0.029	False	True	CD8 T	CD8 T	1.0	0.738	0.815	0.022	False	True	14336	3866	5.580357142857143	15165	3893	5.565446752390373	0.2667985492911309	0.1392021101219914	283	278	0.0810974546115917	True	False	
AGGACGATCCAGTACA	shared	CD8 T	CD8 T	1.0	0.738	0.805	0.057	False	True	CD8 T	CD8 T	1.0	0.731	0.801	0.057	False	True	11102	3737	5.521527652675194	11695	3761	5.669089354424968	0.3327917913638307	0.1416844805472424	484	481	0.0750656749310606	True	False	
AGGACTTTCCTACCAC	shared	CD8 T	CD8 T	1.0	0.652	0.71	0.034	False	True	CD8 T	CD8 T	1.0	0.643	0.702	0.029	False	True	7470	2889	5.515394912985275	7853	2907	5.615688271997962	0.4334649178657838	0.143639373487839	954	951	0.07212623604956	True	False	
AGGAGGTAGGTCACAG	shared	CD4 T	CD4 T	0.688	0.349	0.393	0.017	False	False	CD4 T	CD4 T	0.75	0.344	0.392	0.018	False	False	1967	899	40.315200813421455	2011	857	41.86971655892591	0.4410740924912978	0.0517155643958229	1166	1171	0.0319000844662873	False	True	9.999000099990002e-05
AGGATAAAGAACAAGG	shared	CD4 T	CD4 T	1.0	0.717	0.808	0.024	False	True	CD4 T	CD4 T	1.0	0.712	0.807	0.024	False	True	10525	2938	7.85748218527316	11163	2957	7.919018185075696	0.2293290334139568	0.1446743706888829	557	539	0.0848967295732933	True	False	
AGGCCACAGGGCCAAT	shared	B	B	1.0	0.809	0.856	0.415	True	True	B	B	1.0	0.804	0.855	0.415	True	True	24271	5403	6.192575501627457	25387	5416	6.203962658053334	0.2919998424390436	0.134478276283137	65	64	0.0648537570357462	True	False	
AGGCTGCAGGGCTTCC	shared	B	B	1.0	0.689	0.794	0.019	False	True	B	B	1.0	0.682	0.792	0.018	False	True	9466	3223	9.275301077540671	9916	3220	9.398951189995966	0.3721258572004841	0.1243444937474788	687	689	0.0669964335997436	True	False	
AGGCTGCGTGTGTGTT	shared	B	B	1.0	0.668	0.759	0.014	False	True	B	B	1.0	0.662	0.759	0.017	False	True	6655	2518	7.963936889556725	6938	2491	8.028250216200634	0.3116171807437302	0.128855577976362	1018	1020	0.0600723332162543	True	False	
AGGGAGTCACCATTCC	shared	Low quality (no markers)	Low quality (no markers)	1.0	0.218	0.843	0.022	False	False	Low quality (no markers)	Low quality (no markers)	1.0	0.194	0.837	0.019	False	False	782	38	96.54731457800511	896	46	90.06696428571429	0.0758928571428571	0.0022321428571428	1212	1211	0.1960956776282204	False	True	9.999000099990002e-05
AGGGAGTGTGTCGCTG	shared	CD4 T	CD4 T	1.0	0.679	0.774	0.053	False	True	CD4 T	CD4 T	1.0	0.673	0.773	0.049	False	True	8075	2549	5.993808049535604	8624	2577	5.971706864564007	0.2518552875695732	0.1356679035250463	890	871	0.0948835461087828	True	False	
AGGGCTCCAATACGCT	shared	CD14 Mono	CD14 Mono	1.0	0.744	0.812	0.013	False	True	CD14 Mono	CD14 Mono	1.0	0.738	0.809	0.013	False	True	9324	3199	8.773058773058773	9647	3192	8.956152171659584	0.3202031719705608	0.1171348605784181	710	728	0.0491261818701223	True	False	
AGGGTCCCAGGACATG	shared	CD14 Mono	CD14 Mono	0.933	0.705	0.771	0.045	False	True	CD14 Mono	CD14 Mono	0.938	0.698	0.767	0.045	False	True	6162	2549	8.033106134371957	6320	2500	8.05379746835443	0.2674050632911392	0.1287974683544303	1050	1055	0.0365200237698525	True	False	
AGGGTCCCAGTAGTTC	shared	CD8 T	CD8 T	0.929	0.696	0.75	0.039	False	True	CD8 T	CD8 T	0.875	0.69	0.748	0.029	False	True	7746	3256	6.984249935450555	8155	3258	7.087676272225629	0.3385652973635806	0.1505824647455548	923	924	0.0742240356815442	True	False	
AGGGTTTCAGCGTGCT	shared	CD14 Mono	CD14 Mono	1.0	0.798	0.856	0.042	False	True	CD14 Mono	CD14 Mono	1.0	0.792	0.852	0.045	False	True	14528	4315	5.740638766519824	15094	4324	5.803630581688088	0.2910427984629654	0.1290579038028355	278	281	0.0551353480782068	True	False	
AGGTAGGAGGAAGTAG	shared	B	B	1.0	0.713	0.812	0.027	False	True	B	B	1.0	0.707	0.81	0.021	False	True	10402	3319	7.575466256489137	10973	3321	7.800966007472888	0.340745466144172	0.1206598013305386	575	570	0.0770898505348594	True	False	
AGGTAGGCAAAGCGTG	shared	CD14 Mono	CD14 Mono	1.0	0.818	0.88	0.042	False	True	CD14 Mono	CD14 Mono	1.0	0.813	0.877	0.045	False	True	19341	4707	4.767075125381314	20239	4722	4.807549780127476	0.2701714511586541	0.120806363950788	161	161	0.0654723100623915	True	False	
AGGTCATTCAAGTCGT	shared	CD14 Mono	CD14 Mono	1.0	0.677	0.761	0.01	False	True	CD14 Mono	CD14 Mono	1.0	0.67	0.757	0.01	False	True	6896	2320	10.179814385150811	7337	2298	10.508382172550087	0.2804961155785743	0.1259370314842578	1000	995	0.0894179378092066	True	False	
AGGTGTTAGCAATTAG	shared	Platelet	Platelet	0.875	0.231	0.711	0.067	False	True	Platelet	Platelet	0.824	0.222	0.714	0.073	False	True	554	232	13.71841155234657	617	231	13.614262560777956	0.0567260940032414	0.0891410048622366	1242	1241	0.1551190666669062	False	True	9.999000099990002e-05
AGGTGTTCATTAAGCC	shared	CD14 Mono	CD14 Mono	1.0	0.793	0.861	0.045	False	True	CD14 Mono	CD14 Mono	1.0	0.787	0.857	0.039	False	True	15823	4547	5.56152436326866	16515	4560	5.691795337571905	0.3231607629427793	0.1240084771419921	244	244	0.0617499924170662	True	False	
AGGTGTTGTCGATTAC	shared	CD4 T	CD4 T	1.0	0.714	0.792	0.057	False	True	CD4 T	CD4 T	0.958	0.706	0.788	0.045	False	True	8970	3170	6.9453734671125975	9600	3187	6.895833333333333	0.3321875	0.1445833333333333	765	736	0.097915866993086	True	False	
AGGTGTTTCAATGCAC	shared	CD4 T	CD4 T	1.0	0.702	0.788	0.034	False	True	CD4 T	CD4 T	1.0	0.696	0.785	0.029	False	True	9343	3090	6.582468157979236	9857	3125	6.655168915491529	0.3161205234858476	0.1338135335294714	703	697	0.0772547067912133	True	False	
AGGTGTTTCGTTACCC	shared	CD14 Mono	CD14 Mono	0.947	0.729	0.807	0.017	False	True	CD14 Mono	CD14 Mono	0.941	0.719	0.801	0.019	False	True	10481	3301	13.51970231848106	10815	3284	13.601479426722143	0.403791030975497	0.1149329634766528	562	585	0.0452530426442684	True	False	
AGGTTACAGGTGCGAT	shared	CD8 T	CD8 T	1.0	0.729	0.803	0.016	False	True	CD8 T	CD8 T	1.0	0.721	0.797	0.019	False	True	11564	3443	8.725354548599102	12165	3446	8.77928483353884	0.2581175503493629	0.1427866831072749	441	443	0.0730896433484515	True	False	
AGGTTACGTCTGATAC	shared	FCGR3A Mono	FCGR3A Mono	0.905	0.792	0.873	0.045	False	True	FCGR3A Mono	FCGR3A Mono	1.0	0.785	0.87	0.039	False	True	18132	4880	6.369953673064196	19152	4910	6.469298245614035	0.3480054302422724	0.1276629072681704	183	179	0.0789527537346775	True	False	
AGTAACCCAAGCTCTA	shared	CD14 Mono	CD14 Mono	1.0	0.719	0.784	0.034	False	True	CD14 Mono	CD14 Mono	1.0	0.712	0.78	0.036	False	True	7534	2812	7.008229360233607	7828	2791	7.064384261624936	0.3127235564639755	0.1306847215125191	946	953	0.0552205316862111	True	False	
AGTAACCTCGTTGTAG	shared	CD4 T	CD4 T	1.0	0.699	0.793	0.024	False	True	CD4 T	CD4 T	1.0	0.693	0.792	0.012	False	True	9053	2652	7.279354909974594	9561	2661	7.3632465223303	0.2165045497332915	0.148624620855559	757	742	0.0787570990998549	True	False	
AGTACCAGTGGGTCAA	shared	CD14 Mono	CD14 Mono	1.0	0.792	0.866	0.042	False	True	CD14 Mono	CD14 Mono	1.0	0.784	0.862	0.032	False	True	17626	4602	7.630772722115057	18458	4609	7.693141185393867	0.3174775165240004	0.1162097735399285	195	193	0.0665374400735341	True	False	
AGTACCATCAGCTTGA	shared	NK	NK	1.0	0.681	0.757	0.01	False	True	NK	NK	1.0	0.674	0.776	0.012	False	True	9217	3645	4.88228273841814	9675	3669	4.888888888888889	0.3829457364341085	0.1440826873385013	724	725	0.069957001643276	True	False	
AGTACTGGTATCGCGC	SA_only	Platelet	Platelet	0.684	0.242	0.631	0.088	False	False	Platelet	Platelet	0.667	0.238	0.64	0.08	False	False	455	178	5.934065934065934	508	179	6.102362204724409	0.0610236220472441	0.1318897637795275	1259	1261	0.1586318319109536	False	True	9.999000099990002e-05
AGTAGCTAGGAGTACC	shared	B	B	1.0	0.715	0.808	0.022	False	True	B	B	1.0	0.706	0.806	0.026	False	True	10439	3221	8.439505699779673	11099	3239	8.451211820884764	0.3039012523650779	0.1286602396612307	570	548	0.0884379646675839	True	False	
AGTAGCTCACTGCTTC	shared	CD8 T	CD8 T	0.889	0.429	0.502	0.019	False	True	CD8 T	CD8 T	0.875	0.424	0.489	0.013	False	True	2067	1313	4.78955007256894	2158	1299	5.004633920296571	0.5023169601482854	0.180722891566265	1163	1165	0.0621270577075704	False	True	9.999000099990002e-05
AGTAGCTCAGGCACTC	shared	CD14 Mono	CD14 Mono	0.944	0.687	0.763	0.045	False	True	CD14 Mono	CD14 Mono	0.938	0.681	0.76	0.039	False	True	7802	3032	9.10023071007434	8080	3025	9.319306930693068	0.4172029702970297	0.121039603960396	915	930	0.0505049332933973	True	False	
AGTAGCTGTTAGAAAC	shared	CD14 Mono	CD14 Mono	1.0	0.769	0.837	0.053	False	True	CD14 Mono	CD14 Mono	1.0	0.761	0.832	0.057	False	True	13246	3891	7.458855503548241	13959	3906	7.593667168135253	0.3186474675836378	0.1260118919693388	324	320	0.0756332667901086	True	False	
AGTAGTCGTATGACAA	shared	CD4 T	CD4 T	1.0	0.749	0.831	0.062	False	True	CD4 T	CD4 T	1.0	0.743	0.828	0.08	False	True	13357	3795	3.8706296324024856	14027	3793	3.8996221572681256	0.3085478006701361	0.1482854494902687	316	317	0.070605316370114	True	False	
AGTCAACAGTCATGCT	shared	CD14 Mono	CD14 Mono	1.0	0.806	0.863	0.045	False	True	CD14 Mono	CD14 Mono	0.941	0.8	0.859	0.036	False	True	16220	4558	5.357583230579532	16980	4591	5.400471142520613	0.2882803297997644	0.1280918727915194	232	234	0.066058658507703	True	False	
AGTCAACGTACACGCC	shared	pDC	pDC	0.538	0.737	0.887	0.088	False	True	pDC	pDC	0.5	0.733	0.884	0.088	False	True	19227	5027	3.7551360066573047	20223	5046	3.767986945557039	0.3738317757009345	0.1407802996588043	165	162	0.0728596600392073	True	False	
AGTCACATCTCCCATG	shared	CD8 T	CD8 T	0.857	0.559	0.626	0.045	False	True	CD8 T	CD8 T	0.857	0.551	0.62	0.045	False	True	2051	1169	6.143344709897611	2179	1174	6.195502524093621	0.3597980725103258	0.1188618632400183	1164	1164	0.0872974040572346	False	True	9.999000099990002e-05
AGTCTCCCAACCGTGC	shared	B	B	0.75	0.721	0.808	0.01	False	True	B	B	0.818	0.715	0.808	0.011	False	True	12276	3554	6.362007168458781	13012	3577	6.3172456194282205	0.2869658776513987	0.1429449738702736	388	379	0.0839955297068143	True	False	
AGTCTCCGTGAGTCAG	shared	CD8 T	CD8 T	0.529	0.695	0.764	0.027	False	True	CD8 T	CD8 T	1.0	0.688	0.767	0.045	False	True	8739	3250	7.598123355074951	9222	3264	7.709824333116461	0.3432010409889395	0.150401214487096	802	798	0.0776028181239725	True	False	
AGTGCCGCATCTGGGC	shared	NK	NK	0.923	0.722	0.798	0.008	False	True	CD8 T	CD8 T	0.967	0.715	0.8	0.007	False	True	10007	3117	9.943039872089535	10628	3113	9.973654497553632	0.24764772299586	0.1404779826872412	612	606	0.0868521766736497	True	False	
AGTTAGCAGTCAGGGT	shared	NK	NK	1.0	0.693	0.761	0.011	False	True	CD8 T	CD8 T	1.0	0.689	0.763	0.01	False	True	8032	2962	11.180278884462153	8499	2954	11.366043063889869	0.2999176373691022	0.139898811624897	894	889	0.0815239647356659	True	False	
AGTTAGCGTACCATAC	shared	B	B	1.0	0.684	0.79	0.027	False	True	B	B	1.0	0.678	0.786	0.027	False	True	10480	3611	5.687022900763359	10963	3624	5.746602207424975	0.4373802791206786	0.1220468849767399	564	571	0.0649978612278329	True	False	
AGTTAGCGTTCATCGA	shared	NK	NK	0.9	0.706	0.783	0.013	False	True	CD8 T	CD8 T	1.0	0.7	0.783	0.014	False	True	8332	2993	8.533365338454153	8794	2998	8.687741642028655	0.3082783716170116	0.1453263588810552	854	851	0.07784759759949	True	False	
AGTTCCCCAAACAGGC	shared	CD8 T	CD8 T	1.0	0.695	0.741	0.034	False	True	CD8 T	CD8 T	1.0	0.689	0.736	0.026	False	True	8873	3517	5.961906908599121	9314	3519	5.990981318445351	0.3616061842387803	0.1394674683272493	782	784	0.0699712160087759	True	False	
AGTTCCCGTTACACTG	shared	CD4 T	CD4 T	1.0	0.685	0.782	0.032	False	True	CD4 T	CD4 T	1.0	0.68	0.779	0.027	False	True	8537	2723	5.8802858146890005	8940	2733	5.984340044742729	0.305592841163311	0.1419463087248322	825	828	0.0665380350824669	True	False	
AGTTCGAGTATGCGTT	shared	B	B	1.0	0.658	0.772	0.008	False	True	B	B	1.0	0.653	0.769	0.011	False	True	6796	2534	7.519128899352561	7081	2537	7.64016381866968	0.3739584804406157	0.1197570964553029	1010	1013	0.0592587209141199	True	False	
ATACCGACACACGGTC	shared	CD4 T	CD4 T	1.0	0.74	0.811	0.049	False	True	CD4 T	CD4 T	1.0	0.733	0.807	0.062	False	True	11889	3686	6.846664984439398	12694	3717	6.916653537104144	0.2908460690089806	0.1429021585000787	414	403	0.0945116799018498	True	False	
ATACTTCGTACGACTT	shared	CD14 Mono	CD14 Mono	1.0	0.818	0.886	0.036	False	True	CD14 Mono	CD14 Mono	1.0	0.813	0.884	0.042	False	True	23056	5192	5.451943095072866	23972	5202	5.4647088269647925	0.3318037710662439	0.1217253462372768	88	88	0.0562056474852674	True	False	
ATACTTCGTTCGGTAT	shared	CD4 T	CD4 T	1.0	0.696	0.783	0.022	False	True	CD4 T	CD4 T	1.0	0.688	0.78	0.013	False	True	9191	2743	7.931672288107932	9641	2738	7.997095736956747	0.2187532413650036	0.1473913494450783	730	730	0.0689536317501366	True	False	
ATACTTCTCAGCTGAT	shared	CD4 T	CD4 T	1.0	0.757	0.842	0.088	False	True	CD4 T	CD4 T	1.0	0.752	0.841	0.08	False	True	14183	3832	5.725163928646972	14847	3833	5.778945241462922	0.28719606654543	0.1431939112278575	287	287	0.0660041742288834	True	False	
ATACTTCTCGCCGTGA	shared	B	B	1.0	0.677	0.772	0.014	False	True	B	B	1.0	0.669	0.77	0.022	False	True	8119	2922	5.8874245596748365	8548	2932	5.966307908282639	0.3868741226017781	0.1410856340664482	880	881	0.0742759464576044	True	False	
ATAGACCTCCGCTTAC	shared	NK	NK	0.762	0.667	0.743	0.057	False	True	NK	NK	0.75	0.661	0.741	0.067	False	True	7382	3070	6.529395827688973	7778	3055	6.454101311391103	0.3803034199022885	0.1488814605296991	961	960	0.0753775483951349	True	False	
ATAGGCTGTGTTACAC	shared	CD14 Mono	CD14 Mono	1.0	0.757	0.826	0.049	False	True	CD14 Mono	CD14 Mono	1.0	0.751	0.821	0.036	False	True	10051	3292	5.860113421550095	10486	3303	5.864962807552928	0.3234789242799923	0.1287430860194545	609	622	0.0611194510474656	True	False	
ATATCCTGTATGAGCG	shared	B	B	1.0	0.678	0.78	0.013	False	True	B	B	1.0	0.674	0.779	0.017	False	True	8172	2872	7.770435633871757	8566	2886	8.078449684800374	0.3149661452253093	0.1086855008171842	874	879	0.0679243539732502	True	False	
ATCACAGAGACGTCCC	shared	CD14 Mono	CD14 Mono	1.0	0.822	0.886	0.045	False	True	CD14 Mono	CD14 Mono	1.0	0.815	0.883	0.057	False	True	22140	5033	5.980126467931346	22823	5043	6.064058186916707	0.2965867764973929	0.1236910134513429	97	105	0.0438312690067217	True	False	
ATCACAGCATGACGTT	shared	CD14 Mono	CD14 Mono	1.0	0.785	0.847	0.042	False	True	CD14 Mono	CD14 Mono	1.0	0.78	0.844	0.049	False	True	14388	4284	6.7347789824854045	14930	4296	6.925653047555258	0.3351640991292699	0.1223040857334226	282	284	0.053344461032614	True	False	
ATCACGATCCGCAACG	shared	CD8 T	CD8 T	1.0	0.67	0.73	0.026	False	True	CD8 T	CD8 T	1.0	0.663	0.726	0.024	False	True	6873	2762	7.4057907754983265	7233	2783	7.396654223696944	0.321858150145168	0.170192174754597	1003	1002	0.0736437462834769	True	False	
ATCACTTGTGGCTGCT	shared	CD14 Mono	CD14 Mono	1.0	0.82	0.894	0.053	False	True	CD14 Mono	CD14 Mono	1.0	0.814	0.892	0.053	False	True	28018	5721	6.43514883289314	29411	5769	6.449967699160178	0.3758117711060487	0.125667267348951	29	28	0.0699994232343238	True	False	
ATCCACCCAGCAGTGA	shared	NK	NK	1.0	0.668	0.748	0.01	False	True	NK	NK	1.0	0.664	0.771	0.012	False	True	8832	3595	4.030797101449275	9264	3589	4.112694300518135	0.3893566493955095	0.1432426597582038	788	794	0.0688874647600164	True	False	
ATCCACCCATGTCTAG	shared	NK	NK	1.0	0.69	0.768	0.013	False	True	NK	NK	0.96	0.684	0.782	0.013	False	True	9104	3560	6.40377855887522	9558	3578	6.622724419334589	0.3791588198367859	0.1570412220129734	743	745	0.0702006835874967	True	False	
ATCCACCGTTTGTTGG	shared	CD14 Mono	CD14 Mono	1.0	0.83	0.889	0.053	False	True	CD14 Mono	CD14 Mono	1.0	0.824	0.885	0.049	False	True	23355	5387	6.097195461357311	24380	5401	6.173092698933552	0.308695652173913	0.1215340442986054	81	83	0.0619640838518447	True	False	
ATCCATTAGACGCAGT	shared	B	B	1.0	0.677	0.792	0.018	False	True	B	B	1.0	0.669	0.79	0.017	False	True	8523	2789	9.46849700809574	9003	2812	9.319115850272132	0.338664889481284	0.1197378651560591	827	823	0.0790354636714521	True	False	
ATCCCTGCAATTTCTC	shared	NK	NK	0.846	0.718	0.791	0.026	False	True	CD8 T	CD8 T	1.0	0.711	0.791	0.022	False	True	10637	3455	8.884083858230705	11235	3494	8.829550511793503	0.3619047619047619	0.1359145527369826	537	531	0.0789015875065536	True	False	
ATCCGTCCAACTCCCT	shared	B	B	1.0	0.69	0.801	0.021	False	True	B	B	1.0	0.683	0.799	0.026	False	True	10670	3305	8.050609184629803	11242	3306	8.24586372531578	0.4009962640099626	0.1257783312577833	530	530	0.0753316649012597	True	False	
ATCCTATGTCTGTGCG	shared	B	B	0.875	0.662	0.749	0.013	False	True	B	B	0.958	0.655	0.747	0.018	False	True	6454	2220	8.645801053610164	6777	2208	8.853474988933156	0.2542422900988638	0.1381142098273572	1030	1029	0.0704425412894413	True	False	
ATCGATGCAACGGCTC	shared	B	B	1.0	0.692	0.797	0.017	False	True	B	B	1.0	0.685	0.795	0.019	False	True	9944	3030	6.526548672566372	10531	3041	6.533092773715697	0.342797455132466	0.1364542778463583	620	614	0.0827361503249565	True	False	
ATCGATGGTCAATCTG	shared	NK	NK	1.0	0.715	0.791	0.017	False	True	NK	NK	1.0	0.708	0.8	0.018	False	True	10526	3715	5.757172715181455	11011	3722	5.830533103260376	0.2994278448823903	0.140495867768595	556	566	0.0649821614722382	True	False	
ATCGGATAGGAAAGGT	shared	CD4 T	CD4 T	1.0	0.738	0.808	0.067	False	True	CD4 T	CD4 T	1.0	0.732	0.806	0.08	False	True	10828	3245	7.877724418175101	11540	3238	7.980935875216637	0.2369150779896013	0.1278162911611785	512	500	0.0918682115111313	True	False	
ATCGGCGAGTCCTACA	shared	NK	CD8 T	0.5	0.607	0.683	0.032	False	True	CD8 T	CD8 T	0.944	0.598	0.683	0.097	False	True	5206	2247	10.968113714944296	5466	2272	11.050128064398097	0.48664471276985	0.1245883644346871	1085	1085	0.0702969688093337	True	False	
ATCGTAGCATCGGAGA	shared	CD14 Mono	CD14 Mono	1.0	0.697	0.764	0.032	False	True	CD14 Mono	CD14 Mono	1.0	0.69	0.76	0.029	False	True	5869	2449	9.473504856023172	6088	2429	9.773324572930354	0.3020696452036793	0.122700394218134	1062	1065	0.0528448096071627	True	False	
ATCGTCCAGCCTGAAG	shared	CD14 Mono	CD14 Mono	1.0	0.82	0.87	0.026	False	True	CD14 Mono	CD14 Mono	0.947	0.815	0.868	0.026	False	True	20699	5051	6.918208609111551	21409	5024	7.071792236909711	0.3069737026484189	0.1250875799897239	127	130	0.0486540279988218	True	False	
ATCGTCCGTATGAGGC	shared	CD14 Mono	CD14 Mono	1.0	0.808	0.862	0.039	False	True	CD14 Mono	CD14 Mono	1.0	0.802	0.858	0.039	False	True	14789	4172	6.1667455541280685	15430	4154	6.247569669475048	0.2453661697990926	0.1237848347375243	269	271	0.0612095057965689	True	False	
ATCGTCCTCGGAGCAA	shared	FCGR3A Mono	FCGR3A Mono	1.0	0.767	0.863	0.034	False	True	FCGR3A Mono	FCGR3A Mono	1.0	0.762	0.858	0.034	False	True	16154	4556	8.07230407329454	16854	4565	8.217633796131482	0.3270440251572327	0.1402041058502432	235	237	0.0611958767188465	True	False	
ATCGTGAAGCAGATAT	shared	CD14 Mono	CD14 Mono	1.0	0.726	0.787	0.026	False	True	CD14 Mono	CD14 Mono	1.0	0.719	0.784	0.022	False	True	7205	2728	5.551700208188758	7294	2722	5.689607896901563	0.2780367425281053	0.1377844803948451	982	998	0.0177093263784629	True	False	
ATCTCTACAAGAAACT	shared	CD14 Mono	CD14 Mono	1.0	0.824	0.885	0.045	False	True	CD14 Mono	CD14 Mono	1.0	0.818	0.882	0.049	False	True	23332	5320	5.923195611177782	24566	5384	5.959456158918831	0.3280550354148009	0.1233004966213465	83	79	0.0743498824443132	True	False	
ATCTCTAGTCGTGGTC	shared	CD8 T	CD8 T	0.938	0.654	0.74	0.057	False	True	CD8 T	CD8 T	0.833	0.645	0.725	0.049	False	True	7537	2794	11.091946397770997	7861	2808	11.308993766696348	0.4250095407708943	0.1501081287368019	945	949	0.0607145687597374	True	False	
ATCTTCAAGAAGAGCA	shared	CD14 Mono	CD14 Mono	1.0	0.702	0.776	0.034	False	True	CD14 Mono	CD14 Mono	1.0	0.695	0.773	0.024	False	True	6801	2527	12.159976474047934	7109	2516	12.420874947249963	0.3173442115628077	0.1288507525671683	1009	1009	0.0638905537989357	True	False	
ATCTTCACATACTGAC	shared	CD14 Mono	CD14 Mono	1.0	0.752	0.826	0.014	False	True	CD14 Mono	CD14 Mono	1.0	0.745	0.822	0.013	False	True	10798	3368	8.788664567512502	11299	3373	8.974245508452075	0.3179042393132135	0.127356403221524	516	525	0.0654250493106497	True	False	
ATCTTCAGTCTCTCCA	shared	CD14 Mono	CD14 Mono	1.0	0.749	0.824	0.026	False	True	CD14 Mono	CD14 Mono	1.0	0.744	0.819	0.022	False	True	9877	3301	4.839526171914549	10213	3290	4.788015274649956	0.3578772153138157	0.126897091941643	633	655	0.0482570903339716	True	False	
ATCTTCATCTCATAGG	shared	NK	NK	0.963	0.706	0.779	0.013	False	True	CD8 T	CD8 T	1.0	0.701	0.777	0.016	False	True	9188	3107	7.858075750979538	9618	3129	7.860262008733624	0.3292784362653358	0.1429611145768351	731	733	0.0659790502426714	True	False	
ATGAAAGTCCTTATGT	shared	CD4 T	CD4 T	1.0	0.747	0.83	0.062	False	True	CD4 T	CD4 T	1.0	0.742	0.826	0.073	False	True	13722	4007	5.9976679784288	14579	4053	6.077234378215241	0.3146306331024076	0.130873173743055	299	293	0.0873948145386375	True	False	
ATGACCAAGGCTAACG	shared	CD14 Mono	CD14 Mono	1.0	0.809	0.87	0.049	False	True	CD14 Mono	CD14 Mono	1.0	0.804	0.868	0.049	False	True	17926	4719	8.551824166015843	18835	4733	8.696575524289885	0.309370852136979	0.1171223785505707	187	188	0.0713585476444552	True	False	
ATGACCACAATATCCG	shared	CD4 T	CD4 T	1.0	0.741	0.808	0.042	False	True	CD4 T	CD4 T	1.0	0.737	0.808	0.042	False	True	11815	3540	7.008040626322472	12451	3554	7.156051722753192	0.3055176291060959	0.1337241988595293	420	420	0.0756357507043904	True	False	
ATGAGTCTCCAGTTCC	shared	B	B	1.0	0.704	0.786	0.014	False	True	B	B	1.0	0.696	0.783	0.016	False	True	10821	3666	6.31180112743739	11379	3686	6.468055189383953	0.3767466385446876	0.1421038755602425	513	516	0.0725334112114928	True	False	
ATGATCGGTCGAACAG	shared	B	B	1.0	0.672	0.774	0.016	False	True	B	B	1.0	0.666	0.772	0.018	False	True	7782	2860	7.080442045746595	8216	2849	7.193281402142162	0.3351996105160662	0.1181840311587147	920	912	0.078285409641231	True	False	
ATGCGATGTGCTCTTC	shared	B	B	1.0	0.675	0.77	0.026	False	True	B	B	1.0	0.667	0.767	0.032	False	True	7519	2824	10.653012368666046	7846	2823	10.769819016059138	0.3473107315829722	0.1265613051236298	947	952	0.0614085382980311	True	False	
ATGCGATGTTGTAGCT	shared	CD4 T	CD4 T	1.0	0.674	0.741	0.029	False	True	CD4 T	CD4 T	1.0	0.667	0.738	0.032	False	True	8001	3002	7.449068866391701	8417	3017	7.6868242841867644	0.4571700130687893	0.1142925032671973	898	898	0.0731168809954535	True	False	
ATGGAGGGTGTTTACG	shared	CD8 T	CD8 T	1.0	0.497	0.573	0.018	False	True	CD8 T	CD8 T	1.0	0.489	0.558	0.017	False	True	4035	1901	19.20693928128872	4207	1891	19.253624910862847	0.5167577846446398	0.129783693843594	1121	1122	0.0602085301859449	True	False	
ATGGATCGTAGATTGA	shared	B	B	1.0	0.753	0.825	0.014	False	True	B	B	1.0	0.745	0.821	0.01	False	True	14575	4242	6.463121783876501	15450	4249	6.498381877022654	0.3180582524271844	0.1240776699029126	275	269	0.0841053491750255	True	False	
ATGGATCTCGACCTAA	shared	CD4 T	CD4 T	1.0	0.645	0.727	0.022	False	True	CD4 T	CD4 T	1.0	0.64	0.725	0.034	False	True	6280	2500	11.210191082802549	6576	2500	11.344282238442824	0.3456508515815085	0.1271289537712895	1042	1042	0.0664354009342866	True	False	
ATGGGAGAGACGTCCC	shared	CD4 T	CD4 T	1.0	0.742	0.82	0.062	False	True	CD4 T	CD4 T	1.0	0.734	0.818	0.073	False	True	10751	3183	4.046135243233188	11262	3168	4.066773219676789	0.2371692416977446	0.1491742141715503	523	527	0.0669861100022902	True	False	
ATGGGAGCACTCCGGA	shared	CD14 Mono	CD14 Mono	1.0	0.837	0.907	0.022	False	True	CD14 Mono	CD14 Mono	1.0	0.833	0.905	0.021	False	True	30057	6007	7.435871843497355	31177	6028	7.560060300862815	0.3370754081534464	0.1218205728581967	19	20	0.0527793669290164	True	False	
ATGGGAGTCCACTGAA	shared	CD14 Mono	CD14 Mono	1.0	0.777	0.84	0.042	False	True	CD14 Mono	CD14 Mono	1.0	0.77	0.837	0.057	False	True	11943	3715	7.527421920790421	12409	3718	7.567088403578048	0.2997824159883955	0.1282939801756789	410	423	0.0552170448831778	True	False	
ATGGGAGTCCCATACC	shared	CD4 T	CD4 T	1.0	0.5	0.569	0.026	False	True	CD4 T	CD4 T	1.0	0.492	0.565	0.022	False	True	2871	1520	7.976314872866597	3032	1522	8.113456464379947	0.5656332453825857	0.1731530343007915	1147	1147	0.0786897488011193	False	True	9.999000099990002e-05
ATGGTTGTCACGGAGA	shared	CD14 Mono	CD14 Mono	1.0	0.804	0.87	0.039	False	True	CD14 Mono	CD14 Mono	1.0	0.798	0.868	0.042	False	True	17328	4470	7.606186518928901	18226	4490	7.741687698891694	0.3042905739054098	0.1177438823658509	202	200	0.0728887226286838	True	False	
ATGTCCCCAGGAATCG	shared	B	B	1.0	0.662	0.763	0.022	False	True	B	B	1.0	0.656	0.76	0.017	False	True	6868	2604	6.552125800815376	7192	2630	6.646273637374861	0.3487208008898776	0.1332035595105673	1004	1004	0.0664935196248533	True	False	
ATGTCCCCATAGGTTC	shared	B	B	1.0	0.714	0.814	0.012	False	True	B	B	1.0	0.706	0.811	0.013	False	True	12153	3563	11.676129350777586	12937	3578	11.579191466336864	0.3266599675349772	0.123985468037412	396	385	0.0901834208690459	True	False	
ATGTCCCGTCCTACGG	shared	CD14 Mono	CD14 Mono	1.0	0.805	0.874	0.032	False	True	CD14 Mono	CD14 Mono	1.0	0.799	0.872	0.034	False	True	18927	4698	6.377133195963438	19895	4736	6.46393566222669	0.3112842422719276	0.1139482281980397	171	168	0.0719564338771181	True	False	
ATTACTCCAGCTTTGA	shared	CD4 T	CD4 T	0.946	0.715	0.8	0.062	False	True	CD4 T	CD4 T	1.0	0.71	0.797	0.062	False	True	10319	3168	6.347514294020739	10801	3181	6.3605221738727895	0.3035830015739283	0.1365614294972687	585	588	0.0658554826413738	True	False	
ATTACTCGTTGCAACT	shared	B	B	1.0	0.728	0.814	0.013	False	True	B	B	1.0	0.723	0.813	0.013	False	True	12841	3588	6.619422163382914	13491	3603	6.737825216811207	0.2828552368245497	0.1357201097027648	349	345	0.0712343196543911	True	False	
ATTCACTAGAAGGCTC	shared	NK	NK	0.963	0.733	0.803	0.019	False	True	CD8 T	CD8 T	1.0	0.726	0.801	0.016	False	True	10486	3453	7.7913408353995806	10992	3451	7.905749636098981	0.2627365356622999	0.1477438136826783	560	569	0.0679831254689542	True	False	
ATTCACTTCTCCGCAT	shared	NK	NK	0.895	0.679	0.757	0.01	False	True	NK	NK	0.96	0.673	0.77	0.01	False	True	8164	3213	5.536501714845664	8463	3231	5.695379888928276	0.380597896726929	0.1500649887746662	878	891	0.0518867416649683	True	False	
ATTCAGGCAAGTATCC	shared	CD14 Mono	CD14 Mono	1.0	0.733	0.804	0.014	False	True	CD14 Mono	CD14 Mono	1.0	0.726	0.804	0.014	False	True	8706	3004	8.350562830232024	9087	2987	8.484648398811489	0.2779795311984153	0.1149994497633982	806	810	0.0617871115016576	True	False	
ATTCAGGCATAGCTGT	shared	CD14 Mono	CD14 Mono	1.0	0.816	0.873	0.042	False	True	CD14 Mono	CD14 Mono	1.0	0.809	0.87	0.036	False	True	22611	5214	8.075715359780638	23875	5236	8.188481675392671	0.3117068062827225	0.1092356020942408	93	89	0.0784725567943864	True	False	
ATTCAGGTCTTCGTGC	shared	NK	CD4 T	0.467	0.725	0.781	0.136	False	True	CD4 T	CD4 T	0.571	0.718	0.784	0.156	False	True	9149	2974	7.279484096622582	9631	2978	7.278579586751116	0.2510642716228844	0.152528294050462	735	731	0.0740636487009349	True	False	
ATTCCATCACGACTAT	shared	CD4 T	CD4 T	1.0	0.554	0.611	0.088	False	True	CD4 T	CD4 T	1.0	0.547	0.604	0.08	False	True	7317	2925	11.083777504441713	7543	2901	11.427813867161609	0.5846480180299616	0.1401299217817844	967	979	0.0438802603360093	True	False	
ATTCCCGAGTCACTCA	shared	CD4 T	CD4 T	1.0	0.714	0.798	0.024	False	True	CD4 T	CD4 T	1.0	0.709	0.795	0.039	False	True	10282	3344	6.088309667379887	10801	3366	6.230904545875382	0.3076566984538468	0.141098046477178	589	588	0.0710372303381064	True	False	
ATTCCTACATGAGATA	shared	CD14 Mono	CD14 Mono	1.0	0.779	0.853	0.053	False	True	CD14 Mono	CD14 Mono	1.0	0.773	0.85	0.053	False	True	16173	4493	6.449019971557534	16835	4503	6.581526581526582	0.4065340065340065	0.1128601128601128	234	238	0.0578728982238491	True	False	
ATTCGTTCAGTCTTCC	shared	CD4 T	CD4 T	1.0	0.733	0.807	0.042	False	True	CD4 T	CD4 T	1.0	0.728	0.804	0.039	False	True	13025	3904	4.330134357005758	13692	3943	4.477066900379784	0.3273444347063979	0.1578293894244814	335	334	0.072044429561909	True	False	
ATTCGTTGTAACACCT	shared	CD4 T	CD4 T	1.0	0.744	0.83	0.042	False	True	CD4 T	CD4 T	1.0	0.738	0.829	0.034	False	True	12644	3274	5.963302752293578	13303	3307	6.103886341426746	0.2221303465383748	0.1435766368488311	362	358	0.0732930367366681	True	False	
ATTCGTTGTGTAGCAG	shared	B	B	0.929	0.714	0.733	0.067	False	True	B	B	0.929	0.706	0.734	0.097	False	True	24145	3790	7.55435908055498	24877	3775	7.488845117980464	0.1209149013144671	0.1025847168066889	69	71	0.043086294967616	True	False	
ATTCGTTGTGTTCAGT	shared	CD4 T	CD4 T	0.975	0.736	0.814	0.057	False	True	CD4 T	CD4 T	1.0	0.733	0.814	0.067	False	True	9414	2780	5.640535372848948	9901	2785	5.595394404605595	0.220987779012221	0.1365518634481365	692	692	0.0727588544605702	True	False	
ATTCGTTGTTCTTGTT	shared	CD14 Mono	CD14 Mono	1.0	0.766	0.84	0.021	False	True	CD14 Mono	CD14 Mono	1.0	0.757	0.835	0.018	False	True	12184	3630	8.371634931057125	12805	3653	8.34049199531433	0.3014447481452557	0.1183131589222959	394	392	0.0717136640147409	True	False	
ATTCTACTCTCGTGAA	shared	CD8 T	CD8 T	1.0	0.716	0.787	0.039	False	True	CD8 T	CD8 T	1.0	0.711	0.78	0.049	False	True	10565	3394	6.597255087553242	11035	3396	6.696873584050747	0.2995922066153149	0.1534209333937471	545	561	0.0627880468009085	True	False	
ATTCTTGAGTTCCAGT	shared	CD8 T	CD8 T	0.929	0.542	0.624	0.017	False	True	CD8 T	CD8 T	1.0	0.532	0.614	0.018	False	True	4781	2158	12.19410165237398	4992	2159	12.19951923076923	0.5218349358974359	0.15625	1099	1100	0.0622927766184647	True	False	
ATTCTTGGTACAATAG	shared	NK	NK	0.933	0.702	0.774	0.053	False	True	CD8 T	CD8 T	1.0	0.695	0.775	0.073	False	True	9317	3317	9.123108296662016	9802	3336	9.253213629871455	0.3408488063660477	0.137114874515405	712	706	0.0732029925361515	True	False	
ATTTCACAGTGCAAAT	shared	CD14 Mono	CD14 Mono	1.0	0.793	0.851	0.036	False	True	CD14 Mono	CD14 Mono	1.0	0.787	0.847	0.034	False	True	15347	4272	7.708346908190526	15989	4285	7.836637688410782	0.3501157045468759	0.1192069547814122	257	257	0.0591192687649013	True	False	
ATTTCACGTGGATACG	shared	CD14 Mono	CD14 Mono	1.0	0.818	0.881	0.057	False	True	CD14 Mono	CD14 Mono	1.0	0.811	0.879	0.053	False	True	20630	4915	6.800775569558895	21397	4927	6.898163293919708	0.2793849605084825	0.1212319484039818	130	131	0.0526622075864438	True	False	
ATTTCTGCAAGGTCTT	shared	CD14 Mono	CD14 Mono	1.0	0.83	0.891	0.034	False	True	CD14 Mono	CD14 Mono	1.0	0.824	0.888	0.039	False	True	25194	5400	5.477494641581329	26288	5438	5.580493000608643	0.2845404747413268	0.121804625684723	54	57	0.0613218084143759	True	False	
ATTTCTGGTATCCTCC	shared	B	B	1.0	0.714	0.807	0.027	False	True	B	B	1.0	0.708	0.805	0.029	False	True	12925	3785	4.2011605415860735	13555	3820	4.256731833271855	0.4120988565105127	0.1234230911102914	341	339	0.0686556452060552	True	False	
ATTTCTGTCGATGCAT	shared	CD14 Mono	CD14 Mono	1.0	0.758	0.827	0.022	False	True	CD14 Mono	CD14 Mono	1.0	0.753	0.825	0.021	False	True	10593	3352	6.645898234683282	11018	3341	6.716282446905065	0.291250680704302	0.1202577600290433	540	565	0.0567458881554282	True	False	
ATTTCTGTCGGCCAAC	shared	CD4 T	CD4 T	1.0	0.757	0.837	0.045	False	True	CD4 T	CD4 T	1.0	0.749	0.834	0.057	False	True	13909	3826	6.312459558559207	14557	3861	6.340592154976987	0.2702479906574156	0.1470083121522291	292	296	0.0656897496487427	True	False	
CAAAGAACACATATCG	shared	CD4 T	CD4 T	1.0	0.703	0.784	0.036	False	True	CD4 T	CD4 T	1.0	0.698	0.783	0.073	False	True	9516	3252	5.685161832702816	9957	3264	5.815004519433565	0.4089585216430652	0.1468313749121221	679	686	0.0653491443089945	True	False	
CAAAGAACAGCTGTTA	shared	NK	NK	1.0	0.724	0.794	0.029	False	True	CD8 T	CD8 T	1.0	0.718	0.795	0.021	False	True	10893	3490	7.417607637932617	11432	3510	7.470258922323303	0.3414100769769069	0.1304233729881035	506	510	0.0696702416928805	True	False	
CAAAGAAGTTCTCCCA	shared	CD14 Mono	CD14 Mono	1.0	0.775	0.849	0.027	False	True	CD14 Mono	CD14 Mono	1.0	0.768	0.843	0.034	False	True	12746	3847	4.3935352267378	13184	3844	4.391686893203883	0.3050667475728155	0.132129854368932	355	366	0.0487398217174802	True	False	
CAACAACTCGATACTG	shared	CD8 T	CD8 T	0.875	0.675	0.751	0.034	False	True	CD8 T	CD8 T	1.0	0.665	0.743	0.042	False	True	7680	2968	5.950520833333333	8051	2978	6.073779654701279	0.3907589119364054	0.1491740156502297	933	934	0.0680530226248547	True	False	
CAACAGTCATCCGTTC	shared	CD4 T	CD4 T	1.0	0.704	0.796	0.016	False	True	CD4 T	CD4 T	1.0	0.7	0.794	0.018	False	True	11154	3446	3.899946207638515	11674	3439	3.966078464964879	0.3197704300154189	0.152989549426075	481	483	0.0657320363528837	True	False	
CAACAGTTCGAGCACC	shared	CD4 T	CD4 T	0.923	0.693	0.786	0.019	False	True	CD4 T	CD4 T	0.903	0.685	0.782	0.016	False	True	8720	2747	6.353211009174312	9243	2786	6.350751920372174	0.2735042735042735	0.1572000432759926	805	796	0.0840236876102374	True	False	
CAACCAAGTTAGAAAC	shared	CD14 Mono	CD14 Mono	1.0	0.678	0.755	0.034	False	True	CD14 Mono	CD14 Mono	1.0	0.67	0.752	0.036	False	True	5625	2293	6.915555555555556	5843	2284	7.10251583090878	0.3455416737977066	0.1237378059216156	1074	1075	0.0548466254887986	True	False	
CAACCTCGTATCGGTT	shared	CD4 T	CD4 T	1.0	0.717	0.797	0.062	False	True	CD4 T	CD4 T	1.0	0.712	0.796	0.08	False	True	10064	3291	6.021462639109698	10643	3303	6.116696420182279	0.3305458987127689	0.143756459644837	608	604	0.0806932432135181	True	False	
CAACGATAGACGGAAA	shared	CD14 Mono	CD14 Mono	1.0	0.809	0.867	0.045	False	True	CD14 Mono	CD14 Mono	1.0	0.801	0.864	0.049	False	True	17875	4502	8.46993006993007	18896	4537	8.567950889077053	0.2182472480948349	0.1310330228619813	188	186	0.0801332672114837	True	False	
CAACGATAGCCTAGGA	shared	CD14 Mono	CD14 Mono	1.0	0.816	0.874	0.027	False	True	CD14 Mono	CD14 Mono	1.0	0.809	0.872	0.029	False	True	22821	5217	6.35379694141361	23810	5264	6.409071818563628	0.3939521209575808	0.1210415791684166	90	92	0.061202983946483	True	False	
CAACGATCAAAGCACG	shared	CD4 T	CD4 T	1.0	0.728	0.804	0.034	False	True	CD4 T	CD4 T	1.0	0.723	0.802	0.036	False	True	10787	3517	6.572726429961992	11431	3538	6.692327880325431	0.318169888898609	0.1449566967019508	518	511	0.0836503948602128	True	False	
CAACGATTCAAGCCCG	shared	CD14 Mono	CD14 Mono	1.0	0.797	0.863	0.053	False	True	CD14 Mono	CD14 Mono	1.0	0.79	0.859	0.053	False	True	15499	4297	6.645590038066972	16305	4303	6.617601962588164	0.3011346212818154	0.1220484513952775	251	249	0.0731347046302153	True	False	
CAAGACTAGTGGAAAG	shared	NK	NK	1.0	0.722	0.789	0.007	False	True	CD8 T	CD8 T	1.0	0.715	0.789	0.006	False	True	10980	3279	10.17304189435337	11584	3290	10.082872928176796	0.2161602209944751	0.131042817679558	499	495	0.0772486028515738	True	False	
CAAGACTTCAATCGGT	shared	CD14 Mono	CD14 Mono	1.0	0.821	0.885	0.032	False	True	CD14 Mono	CD14 Mono	1.0	0.815	0.883	0.027	False	True	22671	5064	6.41789069736668	23695	5077	6.4612787507913065	0.263135682633467	0.1193922768516564	91	94	0.0637318823708292	True	False	
CAAGAGGTCTTCACGC	shared	CD14 Mono	CD14 Mono	1.0	0.832	0.894	0.036	False	True	CD14 Mono	CD14 Mono	1.0	0.826	0.892	0.039	False	True	25232	5473	5.6594800253646165	26441	5499	5.725955901819145	0.3336863204871222	0.1222722287356756	52	51	0.0675195611438363	True	False	
CAAGCTAGTGGCTGCT	shared	CD14 Mono	CD14 Mono	0.938	0.865	0.869	0.317	True	True	CD14 Mono	CD14 Mono	0.933	0.858	0.865	0.317	True	True	28658	6337	5.925047107264987	30197	6360	6.00721926019141	0.317514984932278	0.1272974136503626	25	24	0.0754647332245378	True	False	
CAAGGGAAGAGTCGAC	shared	CD4 T	CD4 T	1.0	0.733	0.803	0.024	False	True	CD4 T	CD4 T	1.0	0.725	0.798	0.034	False	True	11265	3730	6.932978251220595	12058	3757	6.966329407862	0.3057721015093714	0.1423950903964173	472	455	0.0981348991335188	True	False	
CAATACGAGGCAGCTA	shared	CD8 T	CD8 T	1.0	0.544	0.622	0.029	False	True	CD8 T	CD8 T	1.0	0.534	0.604	0.045	False	True	4981	2338	5.480827143143947	5130	2331	5.6725146198830405	0.5964912280701754	0.1350877192982456	1095	1094	0.0425150039505793	True	False	
CAATACGTCTCGACCT	shared	Low quality (no markers)	Low quality (no markers)	1.0	0.227	0.877	0.022	False	False	Low quality (no markers)	Low quality (no markers)	1.0	0.21	0.887	0.018	False	False	728	31	97.39010989010988	814	36	92.62899262899263	0.054054054054054	0.0012285012285012	1216	1216	0.1608812447915028	False	True	9.999000099990002e-05
CAATCGAAGAGGATCC	shared	CD4 T	CD4 T	1.0	0.744	0.799	0.088	False	True	CD4 T	CD4 T	0.952	0.736	0.795	0.097	False	True	11003	3345	7.616104698718531	11641	3367	7.593849325659308	0.2302207714113907	0.1389914955759814	496	490	0.0813108779317055	True	False	
CAATCGATCCGTACGG	shared	CD4 T	CD4 T	1.0	0.708	0.787	0.039	False	True	CD4 T	CD4 T	1.0	0.7	0.783	0.08	False	True	9491	3158	5.215467284796123	10030	3187	5.314057826520439	0.3317048853439681	0.1495513459621136	684	674	0.0796814311258019	True	False	
CAATGACTCAAGCCCG	shared	CD4 T	CD4 T	1.0	0.749	0.827	0.073	False	True	CD4 T	CD4 T	1.0	0.744	0.826	0.08	False	True	13336	3715	6.44121175764847	14052	3743	6.554227156276687	0.2648021633931113	0.1253202391118702	319	316	0.0754439604531119	True	False	
CAATTTCAGATTGCGG	shared	B	B	0.81	0.699	0.792	0.021	False	True	B	B	0.905	0.693	0.792	0.026	False	True	9367	3007	6.693711967545639	9975	3002	6.7368421052631575	0.3092731829573935	0.1396491228070175	699	681	0.0907203893284551	True	False	
CACACAACAAGAAACT	shared	CD4 T	CD4 T	1.0	0.72	0.814	0.024	False	True	CD4 T	CD4 T	1.0	0.714	0.811	0.021	False	True	11493	3248	5.011746280344558	12170	3286	5.078060805258834	0.3168447000821692	0.1527526705012325	454	441	0.08256675409202	True	False	
CACACAACACGAGGAT	shared	CD14 Mono	CD14 Mono	1.0	0.711	0.773	0.024	False	True	CD14 Mono	CD14 Mono	1.0	0.707	0.771	0.026	False	True	6277	2474	10.052572885136213	6514	2455	10.178077985876572	0.2674240098249923	0.1341725514276942	1043	1046	0.0534601498733817	True	False	
CACAGATCACTCCGAG	shared	CD14 Mono	CD14 Mono	1.0	0.798	0.856	0.027	False	True	CD14 Mono	CD14 Mono	0.963	0.792	0.852	0.024	False	True	17430	4795	7.831325301204819	18014	4788	8.077051182413678	0.3569445986454979	0.1217941600977017	199	205	0.0475433138755702	True	False	
CACAGATCATCATGAC	shared	CD14 Mono	CD14 Mono	1.0	0.74	0.814	0.032	False	True	CD14 Mono	CD14 Mono	1.0	0.734	0.811	0.053	False	True	9094	3176	7.235539916428414	9509	3187	7.298348932590177	0.3206436007992428	0.1186244610369124	748	757	0.0643717032090771	True	False	
CACAGATGTTCCGTTC	shared	FCGR3A Mono	FCGR3A Mono	1.0	0.763	0.863	0.034	False	True	FCGR3A Mono	FCGR3A Mono	1.0	0.759	0.858	0.034	False	True	16632	4557	2.441077441077441	17399	4551	2.4484165756652683	0.3734122650727053	0.1405253175469854	222	224	0.0650389032465908	True	False	
CACAGGCCAACGATCT	shared	CD14 Mono	CD14 Mono	1.0	0.764	0.837	0.026	False	True	CD14 Mono	CD14 Mono	1.0	0.759	0.834	0.042	False	True	12927	3766	8.03744101492999	13548	3780	8.229997047534692	0.3835990552111012	0.1148509005019191	340	340	0.0676872724890164	True	False	
CACATGAGTTTCGACA	shared	CD4 T	CD4 T	1.0	0.716	0.784	0.045	False	True	CD4 T	CD4 T	1.0	0.71	0.781	0.029	False	True	9908	3286	4.4711344368187325	10431	3309	4.505800019173617	0.3411945163455085	0.1606749113220208	626	632	0.0742043992243962	True	False	
CACCAAAAGGACATCG	shared	CD14 Mono	CD14 Mono	1.0	0.817	0.883	0.045	False	True	CD14 Mono	CD14 Mono	1.0	0.811	0.88	0.042	False	True	21024	5119	5.460426179604262	21975	5135	5.488054607508532	0.3438452787258248	0.1208646188850967	122	122	0.0638230150459871	True	False	
CACCGTTCACCCTAGG	shared	CD4 T	CD4 T	1.0	0.726	0.811	0.045	False	True	CD4 T	CD4 T	1.0	0.721	0.809	0.027	False	True	11736	3439	3.962167689161554	12353	3461	4.0475997733344125	0.3021937990771473	0.1581801991419088	424	428	0.073914535891688	True	False	
CACGAATCACATAGCT	shared	CD4 T	CD4 T	1.0	0.762	0.839	0.062	False	True	CD4 T	CD4 T	1.0	0.755	0.835	0.088	False	True	14834	4131	4.833490629634623	15647	4181	4.8891161244967085	0.3291365757014124	0.139259922029782	265	264	0.0769733485846045	True	False	
CACGAATTCAAGTCGT	shared	CD4 T	CD4 T	1.0	0.739	0.809	0.034	False	True	CD4 T	CD4 T	1.0	0.733	0.807	0.032	False	True	11826	3532	6.046000338237781	12774	3534	6.15312353217473	0.2721935180836073	0.1463911069359637	417	395	0.1112391206128842	True	False	
CACGGGTAGCATTTGC	shared	CD14 Mono	CD14 Mono	1.0	0.823	0.888	0.062	False	True	CD14 Mono	CD14 Mono	1.0	0.818	0.885	0.073	False	True	23123	5208	7.083855901050902	24148	5226	7.217989067417592	0.306319363922478	0.1167384462481365	87	86	0.0625724714316671	True	False	
CACGGGTTCCCGATCT	shared	B	B	1.0	0.676	0.765	0.013	False	True	B	B	1.0	0.669	0.765	0.022	False	True	7857	2832	7.101947308132875	8326	2865	7.134278164785011	0.3081912082632717	0.1211866442469373	910	902	0.0836346561643422	True	False	
CACGTTCCAGCTTCCT	shared	CD14 Mono	CD14 Mono	1.0	0.813	0.876	0.049	False	True	CD14 Mono	CD14 Mono	1.0	0.808	0.873	0.036	False	True	21500	5125	4.102325581395349	22454	5167	4.195243609156497	0.3590896944865057	0.1263917342121671	109	110	0.0626329617682907	True	False	
CACGTTCTCTATCACT	shared	CD4 T	CD4 T	1.0	0.77	0.84	0.034	False	True	CD4 T	CD4 T	1.0	0.764	0.839	0.032	False	True	17447	4365	5.622743165014042	18377	4396	5.642923219241443	0.311802796974479	0.1332644065952005	198	197	0.0749180976793633	True	False	
CACTAAGGTGATAGTA	shared	CD4 T	CD4 T	0.7	0.726	0.796	0.042	False	True	CD4 T	CD4 T	0.824	0.72	0.794	0.053	False	True	10729	3316	7.3259390437133	11386	3336	7.46530827331811	0.3196030212541718	0.1530827331810996	527	515	0.0857376309860375	True	False	
CACTGAAGTCTTTCTA	shared	B	B	1.0	0.7	0.808	0.014	False	True	B	B	1.0	0.694	0.805	0.014	False	True	11013	3392	6.819213656587669	11642	3403	7.034873733035561	0.3870468991582202	0.1273836110633911	494	488	0.0801243253557261	True	False	
CACTGAATCCTGATAG	shared	cDC	cDC	0.75	0.831	0.9	0.073	False	True	cDC	cDC	0.75	0.825	0.899	0.067	False	True	29834	6044	7.511563987396929	31568	6126	7.643816523061328	0.2733464267612772	0.1145146984287886	20	19	0.0815027847434978	True	False	
CACTGGGAGGCGACAT	shared	CD14 Mono	CD14 Mono	1.0	0.811	0.873	0.049	False	True	CD14 Mono	CD14 Mono	1.0	0.805	0.871	0.039	False	True	17745	4667	7.810650887573964	18498	4657	7.963023029516704	0.2836522867337009	0.1252567845172451	189	192	0.0599534115143272	True	False	
CACTGGGAGTTACTCG	shared	CD14 Mono	CD14 Mono	1.0	0.764	0.839	0.017	False	True	CD14 Mono	CD14 Mono	1.0	0.758	0.837	0.016	False	True	11312	3478	6.868811881188119	11760	3482	6.947278911564626	0.3136904761904762	0.1276360544217687	469	476	0.0560291767950298	True	False	
CACTGGGGTCGCACAC	shared	CD14 Mono	CD14 Mono	1.0	0.816	0.864	0.042	False	True	CD14 Mono	CD14 Mono	0.812	0.809	0.861	0.042	False	True	24226	5416	7.343350119706101	25370	5429	7.39850216791486	0.2901852581789515	0.120969649191959	66	65	0.0665646157896825	True	False	
CACTGTCCACATATGC	shared	B	B	1.0	0.711	0.815	0.018	False	True	B	B	1.0	0.706	0.812	0.027	False	True	13729	3926	5.5939981061985575	14437	3944	5.679850384428898	0.3750779247766156	0.1348618133961349	297	297	0.0725392836431528	True	False	
CACTTCGTCACCTACC	shared	CD14 Mono	CD14 Mono	1.0	0.828	0.899	0.036	False	True	CD14 Mono	CD14 Mono	1.0	0.824	0.898	0.045	False	True	33288	5860	5.686733958183129	34846	5929	5.796935085806118	0.3803879928829707	0.1205303334672559	13	13	0.0659889262846755	True	False	
CAGAGCCGTGCCCGTA	shared	CD4 T	CD4 T	1.0	0.694	0.769	0.026	False	True	CD4 T	CD4 T	1.0	0.688	0.766	0.026	False	True	7161	2603	4.356933389191454	7471	2601	4.470619729621202	0.2643555079641279	0.1421496452951412	985	986	0.0611319363891374	True	False	
CAGATACTCGTTCCCA	shared	CD4 T	CD4 T	0.947	0.721	0.797	0.08	False	True	CD4 T	CD4 T	1.0	0.714	0.793	0.067	False	True	11085	3670	5.39467749210645	11658	3720	5.464059015268485	0.3869445874077886	0.1488248413106879	487	485	0.0727051402168736	True	False	
CAGATTGAGAACGTGC	shared	CD4 T	CD4 T	0.867	0.717	0.796	0.097	False	True	CD4 T	CD4 T	0.909	0.706	0.793	0.062	False	True	10563	3184	14.247846255798542	11226	3247	14.216996258685196	0.2729378229110992	0.119722073757349	546	532	0.0878162657930516	True	False	
CAGATTGAGCTGAGCA	shared	CD4 T	CD4 T	1.0	0.725	0.807	0.073	False	True	CD4 T	CD4 T	1.0	0.72	0.805	0.045	False	True	9852	3043	7.967925294356476	10355	3051	7.947851279575085	0.2588121680347658	0.1460164171897634	638	644	0.0718319080642177	True	False	
CAGATTGGTGACTAAA	shared	B	B	1.0	0.734	0.831	0.013	False	True	B	B	1.0	0.728	0.83	0.013	False	True	13356	3702	9.598682240191676	14185	3730	9.643990130419455	0.3046880507578428	0.1178004934790271	317	304	0.0868718397386877	True	False	
CAGCAATGTATCGTTG	shared	FCGR3A Mono	FCGR3A Mono	0.6	0.799	0.878	0.08	False	True	FCGR3A Mono	FCGR3A Mono	0.8	0.794	0.875	0.073	False	True	19531	4825	6.2925605447749735	20481	4853	6.405937210097163	0.3633123382647332	0.1248474195595918	154	152	0.0685169135586274	True	False	
CAGCAGCTCAGAGTTC	shared	CD8 T	CD8 T	1.0	0.678	0.75	0.026	False	True	CD8 T	CD8 T	1.0	0.672	0.748	0.021	False	True	7247	2849	6.126673106112874	7668	2850	6.142410015649452	0.2998174230568596	0.1482785602503912	974	969	0.0814555142479744	True	False	
CAGCCAGGTGGGTTGA	shared	FCGR3A Mono	CD14 Mono	0.6	0.803	0.87	0.057	False	True	FCGR3A Mono	FCGR3A Mono	0.706	0.798	0.869	0.053	False	True	17658	4651	7.900101936799184	18415	4654	8.107521042628292	0.3203366820526744	0.1206625033939723	193	195	0.0605560907203453	True	False	
CAGCGTGTCCATCACC	shared	B	B	1.0	0.677	0.783	0.014	False	True	B	B	1.0	0.671	0.781	0.024	False	True	8584	2926	9.529356943150049	9037	2931	9.726679207701672	0.3161447382981078	0.1157463760097377	821	817	0.0741854227815069	True	False	
CAGGCCAGTTCAATCG	shared	CD4 T	CD4 T	1.0	0.776	0.846	0.032	False	True	CD4 T	CD4 T	1.0	0.77	0.845	0.034	False	True	16382	4245	5.786839213771212	17225	4297	5.834542815674891	0.2624673439767779	0.1459506531204644	227	228	0.072388173732918	True	False	
CAGGCCATCACTCACC	shared	NK	NK	0.812	0.595	0.672	0.019	False	True	CD8 T	CD8 T	1.0	0.588	0.672	0.012	False	True	6323	2585	7.59133322789815	6605	2599	7.554882664647994	0.5563966691900075	0.1386828160484481	1039	1039	0.0629396019271544	True	False	
CAGGCCATCCACTAGA	shared	CD14 Mono	CD14 Mono	0.944	0.778	0.845	0.039	False	True	CD14 Mono	CD14 Mono	0.964	0.772	0.842	0.036	False	True	13596	4058	5.48690791409238	14062	4067	5.58242070829185	0.3622528801024036	0.1259422557246479	303	315	0.0486160164243031	True	False	
CAGGGCTAGATTGGGC	shared	CD8 T	CD8 T	0.81	0.706	0.778	0.053	False	True	CD8 T	CD8 T	1.0	0.698	0.778	0.053	False	True	8430	3053	10.379596678529063	8905	3064	10.398652442448062	0.2791690061763054	0.146771476698484	840	831	0.0790738525614358	True	False	
CAGGGCTTCGACGAGA	shared	B	B	1.0	0.713	0.732	0.053	False	True	B	B	1.0	0.704	0.728	0.088	False	True	22330	4255	2.445141065830721	23700	4293	2.4683544303797467	0.1726582278481012	0.0985654008438818	94	93	0.0859000734056472	True	False	
CAGGTATGTCAGTCTA	shared	cDC	cDC	0.929	0.797	0.886	0.073	False	True	cDC	cDC	0.812	0.793	0.885	0.08	False	True	35532	6141	6.042440616908702	37340	6190	6.156936261381896	0.3115961435457954	0.1256025709694697	7	7	0.071601065289284	True	False	
CAGGTATGTGTAAATG	shared	B	B	1.0	0.686	0.788	0.018	False	True	B	B	1.0	0.678	0.785	0.022	False	True	9497	3039	9.897862482889334	10047	3043	9.96317308649348	0.3295511097840151	0.1218274111675127	681	673	0.0812127080332897	True	False	
CAGTTAGTCGGCCCAA	shared	CD8 T	CD8 T	1.0	0.602	0.68	0.036	False	True	CD8 T	CD8 T	1.0	0.595	0.668	0.036	False	True	4206	1848	13.19543509272468	4406	1848	13.458919655015888	0.4042215161143894	0.1305038583749432	1115	1116	0.0670050785086464	True	False	
CAGTTCCCAATCGTCA	shared	NK	NK	1.0	0.685	0.754	0.027	False	True	CD8 T	CD8 T	1.0	0.679	0.752	0.018	False	True	8650	3265	7.190751445086705	9066	3286	7.302007500551511	0.3728215309949261	0.1519964703287006	811	812	0.0677583762625143	True	False	
CATAAGCGTAGCGCTC	shared	CD4 T	CD4 T	1.0	0.727	0.812	0.026	False	True	CD4 T	CD4 T	1.0	0.721	0.809	0.042	False	True	11196	3364	5.877098963915684	11785	3411	5.905812473483241	0.2642341960118795	0.147051336444633	477	474	0.0739619269550329	True	False	
CATAAGCTCCGTGTGG	shared	CD14 Mono	CD14 Mono	1.0	0.805	0.868	0.053	False	True	CD14 Mono	CD14 Mono	1.0	0.798	0.863	0.057	False	True	16473	4559	5.530261640259819	17126	4560	5.652224687609483	0.320682003970571	0.1261824127058274	226	230	0.0560815743342881	True	False	
CATACTTTCAACGAGG	shared	CD4 T	CD4 T	1.0	0.722	0.791	0.053	False	True	CD4 T	CD4 T	1.0	0.716	0.788	0.045	False	True	9996	3386	3.761504601840736	10458	3372	3.863071332950851	0.3355326066169439	0.1615987760566073	614	625	0.0651777934818857	True	False	
CATAGACCATCTCAAG	shared	Low quality (no markers)	Low quality (no markers)	0.933	0.245	0.768	0.022	False	False	Low quality (no markers)	Low quality (no markers)	0.933	0.234	0.78	0.021	False	False	1209	86	92.55583126550869	1331	90	89.4815927873779	0.0570999248685199	0.0090157776108189	1185	1182	0.1385870349093053	False	True	9.999000099990002e-05
CATAGACGTACCTTCC	shared	CD4 T	CD4 T	1.0	0.427	0.478	0.034	False	True	CD4 T	CD4 T	1.0	0.418	0.471	0.029	False	True	4902	1914	9.628722970216238	5019	1915	10.221159593544533	0.6905758119147241	0.1077903964933253	1097	1098	0.0340226025524491	True	False	
CATCAAGAGCGCCGTT	shared	FCGR3A Mono	FCGR3A Mono	1.0	0.641	0.744	0.034	False	True	FCGR3A Mono	FCGR3A Mono	1.0	0.636	0.739	0.034	False	True	5010	2274	12.874251497005988	5039	2235	13.49474102004366	0.3288350863266521	0.1240325461401071	1093	1097	0.0083251959577012	True	False	
CATCAAGGTATGGTTC	shared	B	B	1.0	0.72	0.817	0.022	False	True	B	B	1.0	0.715	0.815	0.034	False	True	13200	3715	6.787878787878788	13880	3738	6.894812680115273	0.3713976945244956	0.128386167146974	327	325	0.0724642842141746	True	False	
CATCAAGGTCTAACTG	shared	B	B	1.0	0.571	0.675	0.011	False	True	B	B	1.0	0.566	0.671	0.016	False	True	3400	1676	1.588235294117647	3616	1698	1.6316371681415929	0.4792588495575221	0.1308075221238938	1136	1136	0.0888345919479321	False	True	9.999000099990002e-05
CATCAAGGTTGTCCCT	shared	B	B	1.0	0.671	0.778	0.01	False	True	B	B	1.0	0.665	0.774	0.016	False	True	8331	2977	5.641579642299844	8735	3005	5.735546651402404	0.4161419576416714	0.1263880938752146	855	854	0.0683100168792056	True	False	
CATCCGTGTATCGCTA	shared	CD8 T	CD8 T	1.0	0.718	0.795	0.024	False	True	CD8 T	CD8 T	1.0	0.712	0.787	0.042	False	True	10245	3122	7.818448023426061	10672	3119	7.7867316341829085	0.2653673163418291	0.1499250374812593	592	602	0.0589049534643331	True	False	
CATCGCTTCTTTGCAT	shared	Low quality (no markers)	Low quality (no markers)	0.895	0.224	0.534	0.021	False	False	Low quality (no markers)	Low quality (no markers)	0.944	0.22	0.556	0.017	False	False	726	211	68.59504132231405	816	215	66.42156862745098	0.1789215686274509	0.0404411764705882	1217	1215	0.1683807142260889	False	True	9.999000099990002e-05
CATCGGGTCGCTACAA	shared	B	B	1.0	0.668	0.762	0.022	False	True	B	B	1.0	0.662	0.761	0.026	False	True	7012	2746	5.519110096976611	7459	2737	5.63078160611342	0.3635876122804665	0.1386244804933637	997	988	0.0891439024695743	True	False	
CATCGTCTCCGTTGAA	shared	CD8 T	CD8 T	1.0	0.801	0.87	0.121	False	True	CD8 T	CD8 T	1.0	0.795	0.864	0.108	False	True	21335	5308	6.088586829153972	22398	5393	6.170193767300652	0.3248950799178498	0.1484507545316546	112	112	0.0701445948151141	True	False	
CATGAGTCACCATTCC	shared	CD8 T	CD8 T	1.0	0.71	0.77	0.032	False	True	CD8 T	CD8 T	1.0	0.705	0.766	0.042	False	True	10380	3705	4.836223506743738	10867	3725	4.877151007637803	0.3453575043710316	0.1642587650685562	578	577	0.0661410457097403	True	False	
CATGCCTCAATTGCTG	shared	B	B	1.0	0.715	0.819	0.022	False	True	B	B	1.0	0.709	0.816	0.021	False	True	12566	3663	5.339805825242719	13145	3675	5.401293267402054	0.4072270825408901	0.1192848992012172	366	371	0.064983600123699	True	False	
CATGCCTCAGGCTATT	shared	CD14 Mono	CD14 Mono	1.0	0.719	0.796	0.042	False	True	CD14 Mono	CD14 Mono	1.0	0.715	0.794	0.053	False	True	9689	3324	13.014759005057282	10156	3350	13.223710122095314	0.354864119732178	0.1139228042536431	661	662	0.0679057758219052	True	False	
CATGCCTGTTCCGCAG	shared	CD14 Mono	CD14 Mono	1.0	0.807	0.879	0.049	False	True	CD14 Mono	CD14 Mono	1.0	0.804	0.877	0.062	False	True	20799	4932	5.00985624308861	21505	4972	5.077888863055104	0.355033713089979	0.1292722622645896	126	128	0.0481556878498702	True	False	
CATGCGGTCGGTCGAC	shared	CD4 T	CD4 T	1.0	0.565	0.644	0.045	False	True	CD4 T	CD4 T	1.0	0.56	0.643	0.034	False	True	2867	1565	7.0108126961981165	3041	1568	7.1686945083854	0.4195988161788885	0.1226570207168694	1148	1146	0.0849751290225919	False	True	9.999000099990002e-05
CATGCTCGTCTCTCAC	shared	B	B	1.0	0.525	0.624	0.011	False	True	B	B	1.0	0.517	0.617	0.027	False	True	6109	2316	9.330495989523651	6442	2340	9.46910897236883	0.6319466004346477	0.1341198385594535	1052	1049	0.0765602147153391	True	False	
CATTCTAGTAGCTTGT	shared	NK	NK	1.0	0.735	0.801	0.011	False	True	CD8 T	CD8 T	1.0	0.727	0.801	0.014	False	True	11424	3577	8.280812324929972	12073	3581	8.266379524558934	0.2714321212623208	0.1297109252050029	461	453	0.0797095409799302	True	False	
CATTCTATCAGTAGGG	shared	CD14 Mono	CD14 Mono	1.0	0.805	0.871	0.045	False	True	CD14 Mono	CD14 Mono	1.0	0.798	0.868	0.045	False	True	17391	4626	6.716117532056811	18132	4626	6.822192808294727	0.3207588793293625	0.1229318332230311	200	202	0.0601937849034165	True	False	
CATTGAGAGGGACCAT	shared	CD14 Mono	CD14 Mono	1.0	0.814	0.867	0.029	False	True	CD14 Mono	CD14 Mono	1.0	0.808	0.864	0.029	False	True	20666	5179	6.053421078099293	21451	5202	6.1488974872966295	0.3282830637266328	0.1226982425061768	128	129	0.0537831746085941	True	False	
CATTTCATCTCTCTTC	shared	CD14 Mono	CD14 Mono	1.0	0.811	0.879	0.049	False	True	CD14 Mono	CD14 Mono	1.0	0.807	0.879	0.045	False	True	24392	5236	5.255821580846179	25368	5235	5.32560706401766	0.3414143803216651	0.1244875433617155	63	66	0.0565994516128774	True	False	
CCAAGCGAGCTAATCC	shared	CD4 T	CD4 T	1.0	0.672	0.761	0.018	False	True	CD4 T	CD4 T	1.0	0.667	0.761	0.013	False	True	8106	2858	5.748828028620775	8514	2900	5.872680291284943	0.3590556730091613	0.1437632135306553	883	886	0.0708383868335377	True	False	
CCAAGCGAGGTTCATC	shared	CD14 Mono	CD14 Mono	1.0	0.77	0.845	0.022	False	True	CD14 Mono	CD14 Mono	1.0	0.763	0.842	0.018	False	True	11562	3534	8.372253935305311	12049	3528	8.506930035687608	0.2866627935928292	0.1189310316208814	442	457	0.0595173953625733	True	False	
CCAATGAAGGTCACTT	shared	B	B	1.0	0.674	0.784	0.018	False	True	B	B	1.0	0.665	0.779	0.026	False	True	8095	2712	7.646695491043854	8504	2727	7.843367826904986	0.3547742238946378	0.1300564440263405	885	888	0.0711019458564373	True	False	
CCAATTTCAAAGGCTG	shared	NK	NK	1.0	0.736	0.803	0.011	False	True	CD8 T	CD8 T	1.0	0.729	0.804	0.013	False	True	10783	3450	7.038857460817955	11403	3462	7.068315355608173	0.2637902306410594	0.1432956239586073	519	513	0.0806475427560942	True	False	
CCAATTTCATTCGATG	shared	CD8 T	CD8 T	1.0	0.687	0.745	0.024	False	True	CD8 T	CD8 T	1.0	0.679	0.741	0.026	False	True	8171	3191	6.168155672500306	8652	3190	6.287563569116967	0.3114886731391585	0.1576514100785945	875	866	0.0825111985928075	True	False	
CCACACTCAGGACTTT	shared	FCGR3A Mono	FCGR3A Mono	1.0	0.804	0.894	0.045	False	True	FCGR3A Mono	FCGR3A Mono	1.0	0.798	0.891	0.049	False	True	24456	5363	6.4851161269218185	25815	5416	6.558202595390277	0.347394925430951	0.126128220027116	62	59	0.0780180353503005	True	False	
CCACCATAGGTCATCT	shared	CD8 T	CD8 T	0.938	0.676	0.758	0.062	False	True	CD8 T	CD8 T	1.0	0.669	0.75	0.073	False	True	9122	3351	8.890594167945626	9561	3367	8.984415856082	0.4286162535299654	0.1395251542725656	740	742	0.0678040885957406	True	False	
CCACGAGGTAATCAAG	shared	CD8 T	CD4 T	0.571	0.336	0.391	0.018	False	True	CD8 T	CD4 T	0.5	0.327	0.376	0.014	False	True	1657	1097	0.9656004828002414	1709	1091	0.9362200117027502	0.6255119953188999	0.1989467524868344	1176	1177	0.0445523182775096	False	True	9.999000099990002e-05
CCACGAGTCTTCCTAA	shared	CD14 Mono	CD14 Mono	1.0	0.806	0.87	0.039	False	True	CD14 Mono	CD14 Mono	0.957	0.801	0.866	0.036	False	True	20289	4916	5.978609098526295	21216	4949	6.023755656108597	0.3608597285067873	0.129854826546003	134	134	0.0644518141979116	True	False	
CCACGTTTCATCAGTG	shared	B	B	1.0	0.739	0.83	0.014	False	True	B	B	1.0	0.732	0.828	0.014	False	True	13286	3885	10.070751166641578	14025	3890	10.310160427807489	0.3397504456327985	0.1291978609625668	322	318	0.0780882300665535	True	False	
CCACGTTTCGTGAGAG	shared	CD4 T	CD4 T	1.0	0.721	0.805	0.088	False	True	CD4 T	CD4 T	1.0	0.715	0.803	0.08	False	True	9624	3099	4.842061512884456	10226	3133	4.821044396636026	0.2929786817915118	0.1444357520046939	666	654	0.0875245595041139	True	False	
CCACGTTTCTGCTGAA	shared	B	B	1.0	0.756	0.843	0.011	False	True	B	B	1.0	0.749	0.84	0.012	False	True	17305	4243	8.991620918809593	18174	4252	9.034885000550236	0.3314625288874216	0.1316716187960823	203	201	0.0706830563682844	True	False	
CCACTTGCAGCTATTG	shared	NK	NK	0.9	0.651	0.725	0.088	False	True	CD8 T	CD8 T	1.0	0.643	0.723	0.136	False	True	6787	2772	14.01208192132017	7097	2759	14.13273214034099	0.3562068479639284	0.1454135550232492	1012	1011	0.0644260095182812	True	False	
CCACTTGTCGCAGAGA	shared	FCGR3A Mono	FCGR3A Mono	0.895	0.801	0.882	0.034	False	True	FCGR3A Mono	FCGR3A Mono	1.0	0.795	0.879	0.034	False	True	21660	4939	7.520775623268698	22762	4991	7.547667164572533	0.304938054652491	0.1379492136016167	107	107	0.0715908591972103	True	False	
CCATAAGGTGAGGAAA	shared	CD14 Mono	CD14 Mono	1.0	0.799	0.855	0.034	False	True	CD14 Mono	CD14 Mono	1.0	0.791	0.852	0.042	False	True	14042	4089	4.913829938755163	14576	4094	4.898463227222832	0.2686608122941822	0.139201427003293	289	294	0.0538426674053315	True	False	
CCATCACCATTAAAGG	shared	B	B	1.0	0.72	0.815	0.012	False	True	B	B	1.0	0.713	0.813	0.01	False	True	12474	3775	5.459355459355459	13155	3794	5.458000760167237	0.3570505511212467	0.1344735841885214	374	368	0.076681097723417	True	False	
CCATCACTCTAACACG	shared	CD14 Mono	CD14 Mono	1.0	0.764	0.841	0.017	False	True	CD14 Mono	CD14 Mono	1.0	0.759	0.84	0.016	False	True	12972	3731	6.275053962380512	13530	3745	6.274944567627495	0.3202512934220251	0.1229859571322986	336	342	0.0607563240156462	True	False	
CCCGGAATCAAACCCA	shared	CD4 T	CD4 T	1.0	0.679	0.765	0.017	False	True	CD4 T	CD4 T	1.0	0.673	0.763	0.017	False	True	9152	3126	6.381118881118881	9577	3130	6.411193484389684	0.3637882426647175	0.1469144826145974	734	740	0.0654797549361887	True	False	
CCCTAACCAGGTTCGC	shared	CD4 T	CD4 T	1.0	0.72	0.809	0.024	False	True	CD4 T	CD4 T	1.0	0.715	0.806	0.027	False	True	11310	3447	4.305923961096375	11934	3481	4.256745433216022	0.3082788671023965	0.150997150997151	470	467	0.0774720834876211	True	False	
CCCTAACGTAACTGCT	shared	CD14 Mono	CD14 Mono	0.952	0.825	0.874	0.032	False	True	CD14 Mono	CD14 Mono	0.9	0.819	0.871	0.032	False	True	22669	5085	7.905068595879836	23836	5086	7.97533143144823	0.3146920624265816	0.1279157576774626	92	90	0.0724182861028227	True	False	
CCCTTAGGTTTCCAAG	shared	CD4 T	CD4 T	1.0	0.711	0.789	0.097	False	True	CD4 T	CD4 T	1.0	0.706	0.786	0.073	False	True	9974	3449	3.3186284339282133	10418	3456	3.455557688615857	0.3994048761758494	0.1488769437511998	616	634	0.0628280701061773	True	False	
CCGAACGAGCTAAGTA	shared	CD8 T	CD8 T	1.0	0.666	0.741	0.057	False	True	CD8 T	CD8 T	0.8	0.66	0.736	0.049	False	True	5964	2159	7.511737089201878	6285	2174	7.637231503579952	0.2693715194908512	0.1463802704852824	1058	1058	0.0756201342161606	True	False	
CCGAACGAGGAACGCT	shared	CD14 Mono	CD14 Mono	0.714	0.836	0.873	0.045	False	True	CD14 Mono	CD14 Mono	0.682	0.832	0.871	0.039	False	True	26320	5670	6.447568389057751	27409	5699	6.589076580685177	0.316647816410668	0.1233901273304389	39	41	0.0584880264904288	True	False	
CCGATCTGTGGAGGTT	shared	CD14 Mono	CD14 Mono	1.0	0.784	0.851	0.026	False	True	CD14 Mono	CD14 Mono	1.0	0.776	0.848	0.029	False	True	13314	3949	8.667567973561665	13908	3957	8.829450675870003	0.2929249352890423	0.1162640207075064	320	324	0.0629662712092975	True	False	
CCGATGGGTTCTCGCT	shared	cDC	cDC	0.545	0.827	0.895	0.08	False	True	cDC	cDC	0.545	0.822	0.893	0.073	False	True	33909	6185	5.157922675395913	35498	6240	5.186207673671756	0.2756775029579131	0.1256127105752436	12	12	0.0660676003846541	True	False	
CCGATGGTCACCTCTG	shared	CD14 Mono	CD14 Mono	1.0	0.702	0.777	0.029	False	True	CD14 Mono	CD14 Mono	1.0	0.699	0.778	0.029	False	True	7214	2618	14.735237039090658	7468	2601	15.077664702731656	0.3312801285484735	0.1229244777718264	979	987	0.0499157035034685	True	False	
CCGATGGTCTGTCGCT	shared	B	B	1.0	0.742	0.812	0.022	False	True	B	B	1.0	0.735	0.809	0.017	False	True	12707	3708	8.318249783583852	13380	3721	8.325859491778774	0.2993273542600896	0.13101644245142	359	355	0.0744489415276777	True	False	
CCGCAAGCATTCAGGT	shared	CD8 T	CD8 T	0.933	0.71	0.788	0.017	False	True	CD8 T	CD8 T	1.0	0.704	0.779	0.011	False	True	10349	3218	6.947531162431153	10849	3219	7.0144713798506775	0.3078624758042216	0.1448981472946815	580	582	0.068064274945154	True	False	
CCGCAAGGTACCAGAG	shared	CD4 T	CD4 T	0.955	0.697	0.777	0.057	False	True	CD4 T	CD4 T	0.96	0.689	0.773	0.108	False	True	10716	3396	10.638297872340424	11198	3421	10.939453473834613	0.4287372745133059	0.1279692802286122	528	536	0.0634688044668339	True	False	
CCGGACAGTGATACCT	shared	CD14 Mono	CD14 Mono	1.0	0.814	0.863	0.021	False	True	CD14 Mono	CD14 Mono	1.0	0.808	0.86	0.029	False	True	19488	4869	5.895935960591133	20278	4883	5.932537725613966	0.3149718907190058	0.1254068448564947	156	160	0.057326445403038	True	False	
CCGGGTACACTCCGAG	shared	CD14 Mono	CD14 Mono	1.0	0.821	0.88	0.029	False	True	CD14 Mono	CD14 Mono	1.0	0.817	0.878	0.032	False	True	23706	5296	4.758289040749178	24776	5323	4.766709719082984	0.3439618986115595	0.1275427833387148	72	72	0.0636884078211677	True	False	
CCGGGTACATACCAGT	shared	CD4 T	CD4 T	0.933	0.449	0.502	0.011	False	True	CD4 T	CD4 T	1.0	0.445	0.496	0.016	False	True	5933	2327	9.236473959211192	6160	2330	9.415584415584416	0.7301948051948052	0.097077922077922	1059	1063	0.0541596088344141	True	False	
CCGGTAGGTAGTACGG	shared	NK	NK	1.0	0.655	0.728	0.01	False	True	NK	NK	1.0	0.647	0.744	0.01	False	True	6300	2819	7.888888888888889	6650	2832	7.879699248120301	0.3557894736842105	0.1160902255639097	1040	1036	0.0779904612736001	True	False	
CCGTAGGGTTCCCACT	shared	NK	NK	1.0	0.664	0.744	0.007	False	True	NK	NK	1.0	0.66	0.773	0.007	False	True	8450	3331	8.402366863905325	8808	3342	8.503633060853769	0.3883969118982743	0.1446412352406902	837	849	0.059856188885883	True	False	
CCGTAGGTCATACAGC	shared	B	B	1.0	0.673	0.789	0.018	False	True	B	B	1.0	0.669	0.788	0.018	False	True	9575	2970	5.618798955613577	9962	2979	5.641437462356956	0.4121662316803854	0.1154386669343505	674	684	0.0571570712803627	True	False	
CCGTGAGAGAGGTCAC	shared	CD8 T	CD8 T	0.5	0.716	0.763	0.042	False	True	CD8 T	NK	0.714	0.71	0.765	0.034	False	True	9103	3377	5.591563220916181	9418	3384	5.691229560416224	0.2949670843066468	0.1501380335527712	745	766	0.0490733417240861	True	False	
CCGTGAGTCGCCTTTG	shared	B	B	1.0	0.632	0.739	0.017	False	True	B	B	1.0	0.625	0.734	0.017	False	True	6295	2571	7.577442414614773	6572	2590	7.699330493000609	0.4141813755325624	0.1224893487522824	1041	1043	0.0621164442038922	True	False	
CCGTTCACAGAAGCTG	shared	CD8 T	CD8 T	0.833	0.622	0.705	0.042	False	True	CD8 T	CD8 T	0.895	0.616	0.697	0.045	False	True	5090	2365	8.899803536345775	5388	2404	8.890126206384558	0.4318856718634001	0.122308834446919	1089	1088	0.082068521125927	True	False	
CCTAAGAAGACTCTAC	shared	CD4 T	CD4 T	0.643	0.802	0.871	0.317	True	True	CD4 T	CD4 T	0.643	0.796	0.869	0.255	True	True	26728	5887	6.001197246333433	28024	5944	6.09834427633457	0.3782829003711104	0.1372038252926063	37	37	0.0683085093377767	True	False	
CCTATCGAGACAGCGT	shared	CD14 Mono	CD14 Mono	1.0	0.808	0.88	0.053	False	True	CD14 Mono	CD14 Mono	1.0	0.802	0.877	0.057	False	True	19022	4767	5.961518242035538	19722	4782	6.089646080519217	0.3117837947469831	0.1208802352702565	170	173	0.0521342292789385	True	False	
CCTCAACTCTTAGCCC	shared	CD4 T	CD4 T	1.0	0.719	0.812	0.045	False	True	CD4 T	CD4 T	1.0	0.714	0.809	0.032	False	True	11659	3400	4.391457243331332	12155	3379	4.3603455368161255	0.3656108597285067	0.1489921842863019	432	444	0.0601007914344356	True	False	
CCTCAGTAGCAAGGAA	shared	CD14 Mono	CD14 Mono	0.933	0.564	0.638	0.012	False	True	CD14 Mono	CD14 Mono	1.0	0.559	0.635	0.016	False	True	2686	1443	9.940431868950112	2745	1425	10.273224043715848	0.3591985428051001	0.1300546448087431	1153	1153	0.0313353041339346	False	True	9.999000099990002e-05
CCTCAGTCATGATGCT	shared	CD4 T	CD4 T	1.0	0.715	0.81	0.024	False	True	CD4 T	CD4 T	1.0	0.713	0.808	0.021	False	True	11514	3396	4.307799200972729	12098	3413	4.3478260869565215	0.3427839312283022	0.1466358075714994	449	450	0.0713734004468243	True	False	
CCTCAGTTCCGAGCTG	shared	B	B	1.0	0.7	0.798	0.029	False	True	B	B	1.0	0.693	0.795	0.034	False	True	10469	3366	6.2661190180533	11051	3404	6.334268392000724	0.3713691068681567	0.1393539046240159	567	558	0.078046024994321	True	False	
CCTCATGCACTATGTG	shared	NK	NK	1.0	0.706	0.779	0.008	False	True	NK	NK	1.0	0.698	0.794	0.007	False	True	9355	3672	7.044361304115446	9782	3676	7.053772234716827	0.3412390104273154	0.1325904722960539	701	708	0.064385080117194	True	False	
CCTCATGGTTTCGCTC	shared	CD4 T	CD4 T	1.0	0.747	0.837	0.067	False	True	CD4 T	CD4 T	1.0	0.74	0.833	0.062	False	True	14825	3890	4.903878583473862	15563	3929	4.947632204587804	0.343057251172653	0.1427745293323909	267	266	0.0700834689229149	True	False	
CCTCATGTCTCTCAAT	shared	CD14 Mono	CD14 Mono	1.0	0.786	0.863	0.027	False	True	CD14 Mono	CD14 Mono	1.0	0.78	0.861	0.029	False	True	16908	4278	7.570380884788266	17526	4266	7.65148921602191	0.3212940773707634	0.119194339837955	217	220	0.0517877379314282	True	False	
CCTCCAAAGGCCCGTT	shared	CD14 Mono	CD14 Mono	1.0	0.847	0.901	0.026	False	True	CD14 Mono	CD14 Mono	1.0	0.842	0.899	0.029	False	True	35258	6308	5.505133586703727	36923	6378	5.527719849416353	0.3398152912818568	0.1204398342496546	8	8	0.0665672913389106	True	False	
CCTCCAAAGTATGATG	shared	B	B	1.0	0.574	0.683	0.018	False	True	B	B	1.0	0.569	0.684	0.017	False	True	3211	1528	4.26658361881034	3378	1523	4.262877442273535	0.3869153345174659	0.1456483126110124	1139	1139	0.0731244576464872	False	True	9.999000099990002e-05
CCTCCAACAACCCTCT	shared	CD8 T	CD8 T	1.0	0.69	0.751	0.029	False	True	CD8 T	CD8 T	0.929	0.683	0.747	0.029	False	True	9055	3364	4.549972390944229	9468	3373	4.562737642585551	0.4447613012251795	0.1432192648922687	756	761	0.0643381157584889	True	False	
CCTCCAACACAATGAA	shared	B	B	1.0	0.699	0.815	0.016	False	True	B	B	1.0	0.692	0.812	0.022	False	True	12548	3862	7.132610774625438	13203	3902	7.14231614027115	0.4264182382791789	0.1115655532833446	369	363	0.0734026398573447	True	False	
CCTCCTCAGTCCCGAC	shared	B	B	1.0	0.684	0.782	0.014	False	True	B	B	1.0	0.679	0.78	0.017	False	True	10582	3395	4.2241542241542245	11033	3414	4.241819994561769	0.4662376506843107	0.1311519985498051	544	562	0.0602072343494766	True	False	
CCTCCTCCATTCAGGT	shared	CD4 T	CD4 T	1.0	0.723	0.803	0.029	False	True	CD4 T	CD4 T	1.0	0.716	0.799	0.032	False	True	10626	3355	3.792584227366836	11102	3374	3.855161232210413	0.3316519546027743	0.1542965231489821	538	547	0.0632151596522018	True	False	
CCTCCTCTCAAGCGTT	shared	CD4 T	CD4 T	1.0	0.718	0.806	0.026	False	True	CD4 T	CD4 T	1.0	0.713	0.804	0.021	False	True	11013	3258	4.885135748660674	11465	3265	4.997819450501527	0.3356301788050588	0.1450501526384648	494	507	0.0580236705477344	True	False	
CCTCTAGCAGACCTAT	shared	CD14 Mono	CD14 Mono	1.0	0.793	0.858	0.034	False	True	CD14 Mono	CD14 Mono	1.0	0.788	0.853	0.036	False	True	16987	4652	4.668275740271973	17547	4654	4.684561463498034	0.3700347637772839	0.1274861799737847	216	219	0.0467905976718287	True	False	
CCTCTCCGTGTGCTTA	shared	NK	NK	1.0	0.431	0.507	0.026	False	False	CD8 T	CD8 T	1.0	0.422	0.505	0.029	False	False	2208	988	36.63949275362319	2330	984	36.86695278969957	0.4120171673819742	0.0708154506437768	1160	1160	0.0775555857735914	False	True	9.999000099990002e-05
CCTCTCCTCGTTCCTG	shared	CD14 Mono	CD14 Mono	1.0	0.815	0.893	0.039	False	True	CD14 Mono	CD14 Mono	1.0	0.811	0.891	0.049	False	True	25812	5487	5.233999690066636	26510	5498	5.265937382119954	0.3999622783855149	0.1250848736325914	42	50	0.0384932680368518	True	False	
CCTGCATAGTGGTGAC	shared	cDC	cDC	0.875	0.819	0.893	0.057	False	True	cDC	cDC	0.75	0.813	0.891	0.062	False	True	25238	5509	6.6090815437039385	26620	5561	6.679188580015026	0.2692712246431255	0.1251690458302028	51	49	0.0769100160251453	True	False	
CCTGCATCAACGGGTA	shared	CD4 T	CD4 T	1.0	0.699	0.788	0.027	False	True	CD4 T	CD4 T	1.0	0.693	0.785	0.027	False	True	9576	2943	3.7698412698412698	10087	2977	3.8762763953603647	0.3290373748389015	0.1472191930207197	673	669	0.0749944738737064	True	False	
CCTGCATGTTCTTAGG	shared	CD4 T	CD4 T	0.938	0.728	0.802	0.049	False	True	CD4 T	CD4 T	0.938	0.72	0.8	0.049	False	True	12406	3707	5.223279058520071	13116	3746	5.260750228728271	0.3687099725526075	0.1379993900579444	377	372	0.0802834822574332	True	False	
CCTGTTGGTGTGCCTG	shared	CD14 Mono	CD14 Mono	1.0	0.805	0.872	0.026	False	True	CD14 Mono	CD14 Mono	1.0	0.799	0.869	0.026	False	True	19419	4849	6.076522992945054	20074	4854	6.157218292318422	0.3030786091461592	0.1093454219388263	157	165	0.0478567869854844	True	False	
CCTGTTGTCAAGAGTA	shared	B	B	1.0	0.664	0.769	0.027	False	True	B	B	1.0	0.657	0.765	0.042	False	True	7899	2805	8.684643625775415	8269	2824	8.63465957189503	0.4354819204256863	0.1268593542145362	906	909	0.0660346761068094	True	False	
CCTTCAGAGGAACGTC	shared	Platelet	Platelet	0.933	0.384	0.812	0.067	False	True	Platelet	Platelet	0.933	0.379	0.813	0.073	False	True	3957	1079	8.541824614607025	4374	1086	8.116140832190215	0.0610425240054869	0.1063100137174211	1122	1117	0.1445114045595414	True	False	
CCTTCAGCACAGAGCA	shared	B	B	1.0	0.762	0.845	0.014	False	True	B	B	1.0	0.756	0.843	0.01	False	True	19955	4602	5.677774993735905	20921	4647	5.74064337268773	0.308350461259022	0.1258066058027818	144	144	0.0681981954894353	True	False	
CGAAGGATCGACGCGT	shared	CD4 T	CD4 T	1.0	0.736	0.805	0.053	False	True	CD4 T	CD4 T	1.0	0.73	0.8	0.08	False	True	10197	3448	5.462390899284103	10531	3441	5.602506884436425	0.2950337099990504	0.1409172918051467	598	614	0.0464931834175035	True	False	
CGAATTGGTCTGTTAG	shared	CD8 T	CD8 T	1.0	0.712	0.792	0.022	False	True	CD8 T	CD8 T	0.971	0.706	0.786	0.026	False	True	10638	3049	7.811618725324309	11293	3053	7.810147879217214	0.2606924643584521	0.1415921367218631	536	526	0.0861939836041057	True	False	
CGAGAAGTCAAGTTGC	shared	B	B	1.0	0.783	0.79	0.108	False	True	B	B	1.0	0.778	0.793	0.108	False	True	70021	7551	6.817954613615915	73454	7617	6.9322296947749615	0.1621831350232798	0.1065020284804095	1	2	0.0690524275053527	True	False	
CGAGAAGTCCAATGCA	shared	CD14 Mono	CD14 Mono	0.579	0.851	0.885	0.073	False	True	CD14 Mono	CD14 Mono	0.55	0.845	0.883	0.057	False	True	32288	6139	7.346382556987116	34074	6199	7.477842343135529	0.2883136702471092	0.1173328637670951	15	14	0.0776708960841966	True	False	
CGAGGAAAGTCGCGAA	shared	CD4 T	CD4 T	1.0	0.693	0.787	0.032	False	True	CD4 T	CD4 T	1.0	0.687	0.786	0.018	False	True	8279	2346	3.5873897813745623	8711	2341	3.639077029043738	0.2114567787854437	0.1437263230398346	866	857	0.0733731863302191	True	False	
CGAGGAACACTGATTG	shared	B	B	1.0	0.736	0.833	0.019	False	True	B	B	1.0	0.73	0.831	0.024	False	True	11808	3383	7.613482384823849	12357	3404	7.671764991502792	0.3051711580480699	0.1289147851420247	421	427	0.065558477757832	True	False	
CGAGGAAGTCCTGGGT	shared	FCGR3A Mono	CD14 Mono	0.5	0.505	0.564	0.027	False	False	FCGR3A Mono	Low quality (no markers)	0.571	0.484	0.557	0.017	False	False	3861	1331	48.458948458948456	4070	1298	48.746928746928745	0.2788697788697789	0.0717444717444717	1128	1127	0.0760350571893601	True	False	
CGAGGCTCAGATCACT	shared	B	B	1.0	0.653	0.767	0.017	False	True	B	B	1.0	0.646	0.764	0.019	False	True	8426	2978	7.298836933301685	8840	2968	7.273755656108597	0.4038461538461538	0.1179864253393665	841	840	0.0691904359976019	True	False	
CGAGGCTCAGCATGCC	shared	CD14 Mono	CD14 Mono	1.0	0.755	0.825	0.045	False	True	CD14 Mono	CD14 Mono	1.0	0.75	0.822	0.034	False	True	11158	3665	5.529664814482882	11493	3648	5.646915513791003	0.3286348211955103	0.1317323588271121	480	504	0.0426732066602233	True	False	
CGAGTGCGTTCCGCGA	shared	CD4 T	CD4 T	1.0	0.741	0.816	0.057	False	True	CD4 T	CD4 T	1.0	0.735	0.815	0.062	False	True	12179	3352	6.757533459233106	12803	3347	6.795282355697883	0.2347106146996797	0.1400453018823713	395	393	0.0720804487518864	True	False	
CGAGTTAGTCGAGTTT	shared	CD14 Mono	CD14 Mono	1.0	0.76	0.828	0.049	False	True	CD14 Mono	CD14 Mono	1.0	0.752	0.824	0.036	False	True	10536	3370	9.329916476841309	11093	3378	9.465428648697376	0.2813485982150906	0.1176417560623816	553	551	0.0743154563133901	True	False	
CGATCGGCAATTGGTC	shared	CD14 Mono	CD14 Mono	1.0	0.743	0.809	0.049	False	True	CD14 Mono	CD14 Mono	1.0	0.736	0.805	0.027	False	True	8935	3127	7.644096250699496	9369	3087	7.802326822499733	0.2557370050165439	0.1164478599637101	772	774	0.0684198620632342	True	False	
CGATCGGCAGCGTGAA	shared	CD8 T	CD8 T	1.0	0.687	0.761	0.032	False	True	CD8 T	CD8 T	1.0	0.679	0.755	0.026	False	True	7514	2400	9.648655842427468	7916	2414	9.714502273875697	0.2235977766548762	0.1399696816574027	949	944	0.0751807472436977	True	False	
CGATGCGAGCAGAAAG	shared	CD4 T	CD4 T	1.0	0.702	0.794	0.018	False	True	CD4 T	CD4 T	1.0	0.696	0.792	0.019	False	True	8830	2778	7.2706681766704415	9313	2779	7.258670675399978	0.2727370342531944	0.1414152260281327	789	785	0.0768240679136904	True	False	
CGATGCGTCGAACCAT	shared	B	B	1.0	0.662	0.757	0.024	False	True	B	B	1.0	0.657	0.755	0.027	False	True	6473	2416	6.6893248879962925	6595	2365	6.747536012130402	0.2843062926459438	0.1437452615617892	1027	1041	0.026934033228294	True	False	
CGATGGCCACTCGATA	shared	CD4 T	CD4 T	0.806	0.762	0.835	0.032	False	True	CD4 T	CD4 T	0.783	0.757	0.833	0.042	False	True	13827	3902	5.467563462790193	14567	3964	5.62916180407771	0.2601771126518844	0.1451911855563946	295	295	0.0752103187144396	True	False	
CGATGGCGTAGCGTCC	shared	CD4 T	CD4 T	1.0	0.741	0.808	0.034	False	True	CD4 T	CD4 T	1.0	0.735	0.805	0.036	False	True	11434	3735	6.751792898373273	11950	3732	6.853556485355648	0.2702092050209205	0.1380753138075313	458	466	0.0636749750238396	True	False	
CGCAGGTGTGCTTCAA	shared	B	B	1.0	0.647	0.749	0.011	False	True	B	B	1.0	0.642	0.746	0.011	False	True	6189	2512	5.558248505412829	6496	2524	5.695812807881773	0.3505233990147783	0.1420874384236453	1048	1047	0.0698342957447878	True	False	
CGCATAAAGTGATGGC	shared	CD14 Mono	CD14 Mono	1.0	0.816	0.876	0.027	False	True	CD14 Mono	CD14 Mono	1.0	0.812	0.873	0.027	False	True	21888	5212	4.728618421052632	22813	5253	4.742909744443957	0.3435760312102748	0.1224301933108315	104	106	0.0597133714678784	True	False	
CGCATGGAGGCCACTC	shared	cDC	cDC	0.667	0.544	0.648	0.053	False	True	cDC	cDC	0.583	0.539	0.648	0.057	False	True	1680	993	1.3095238095238095	1762	985	1.3053348467650396	0.2525539160045403	0.1299659477866061	1174	1175	0.0687127500840143	False	True	9.999000099990002e-05
CGCGTGAGTACAATAG	shared	B	B	1.0	0.664	0.771	0.011	False	True	B	B	1.0	0.659	0.768	0.017	False	True	7348	2762	7.471420794774088	7698	2775	7.5084437516237985	0.3732138217718888	0.1250974279033515	964	966	0.0671231190922441	True	False	
CGGAACCGTATCACGT	shared	CD14 Mono	CD14 Mono	1.0	0.743	0.809	0.027	False	True	CD14 Mono	CD14 Mono	1.0	0.736	0.806	0.032	False	True	9827	3406	6.86883077236186	10293	3387	6.965899154765374	0.2941805110269115	0.1280481880889925	645	648	0.0668339248443695	True	False	
CGGAACCGTTTGCAGT	shared	B	B	1.0	0.714	0.799	0.012	False	True	B	B	1.0	0.706	0.796	0.012	False	True	10754	3378	8.303886925795053	11502	3364	8.294209702660407	0.294470526864893	0.1334550512954268	522	503	0.097002642555458	True	False	
CGGACACAGGACAGCT	shared	CD14 Mono	CD14 Mono	1.0	0.799	0.864	0.062	False	True	CD14 Mono	CD14 Mono	1.0	0.793	0.862	0.039	False	True	15379	4193	6.736458807464724	16056	4218	6.73891380169407	0.3012580966616841	0.1163428001993024	255	255	0.0621468696666281	True	False	
CGGGACTGTTTCACTT	shared	NK	NK	0.9	0.714	0.785	0.022	False	True	NK	NK	0.95	0.706	0.791	0.019	False	True	9563	3560	7.696329603680853	10073	3582	7.683907475429366	0.2897845726198749	0.1412687382110592	675	671	0.0749506009465582	True	False	
CGGGTGTTCCGTGACG	shared	CD14 Mono	CD14 Mono	1.0	0.801	0.871	0.029	False	True	CD14 Mono	CD14 Mono	1.0	0.793	0.867	0.032	False	True	16787	4318	6.838625126586049	17441	4328	6.909007511037212	0.2596754773235479	0.1198325784072014	220	222	0.0551351089714838	True	False	
CGTAAGTGTGATAGTA	shared	CD8 T	CD8 T	0.889	0.73	0.803	0.088	False	True	CD8 T	CD8 T	0.941	0.723	0.797	0.097	False	True	11024	3366	7.256894049346879	11696	3390	7.310191518467852	0.2660738714090287	0.1210670314637483	491	480	0.0853599047865466	True	False	
CGTAGTATCAGCCCAG	shared	CD8 T	CD8 T	0.955	0.638	0.707	0.021	False	True	CD8 T	CD8 T	1.0	0.631	0.701	0.026	False	True	5704	2617	7.11781206171108	5998	2619	7.135711903967989	0.3559519839946649	0.1425475158386128	1070	1069	0.0724951449940598	True	False	
CGTCAAACAGAATGTA	shared	NK	NK	0.909	0.718	0.794	0.024	False	True	NK	NK	0.923	0.714	0.799	0.024	False	True	9583	3493	6.918501513096108	10175	3498	7.027027027027027	0.3138083538083538	0.141031941031941	671	659	0.0864707624955696	True	False	
CGTCCATGTTTGGAAA	shared	CD4 T	CD4 T	1.0	0.699	0.792	0.021	False	True	CD4 T	CD4 T	0.92	0.694	0.793	0.022	False	True	8765	2666	6.126640045636052	9219	2669	6.150341685649202	0.2904870376396572	0.1439418592038182	800	800	0.0728480717920457	True	False	
CGTGAATAGTCGGCCT	shared	CD4 T	CD4 T	1.0	0.697	0.78	0.057	False	True	CD4 T	CD4 T	1.0	0.689	0.778	0.049	False	True	9133	2911	5.036680170809154	9513	2938	5.234941658782718	0.3086302953852622	0.1505308525176074	738	752	0.0588052355841003	True	False	
CGTGATATCTGGTGGC	shared	CD4 T	CD4 T	0.95	0.458	0.526	0.01	False	True	CD4 T	CD4 T	0.941	0.451	0.523	0.017	False	True	2592	1428	11.882716049382717	2667	1420	12.29846269216348	0.6119235095613048	0.1162354705661792	1154	1156	0.0411364603312902	False	True	9.999000099990002e-05
CGTGCTTAGCTTTGTG	shared	CD14 Mono	CD14 Mono	1.0	0.774	0.849	0.026	False	True	CD14 Mono	CD14 Mono	1.0	0.768	0.845	0.027	False	True	12830	3813	5.798908807482463	13158	3798	6.003951968384253	0.3316613467092263	0.1238790089679282	350	367	0.0364162445769904	True	False	
CGTGCTTCAAGCGCTC	shared	CD14 Mono	CD14 Mono	1.0	0.821	0.88	0.039	False	True	CD14 Mono	CD14 Mono	1.0	0.816	0.878	0.034	False	True	19404	4843	7.555143269428983	19999	4852	7.705385269263463	0.2890144507225361	0.1260563028151407	158	166	0.0435715668766388	True	False	
CGTGCTTGTTTAGACC	shared	CD4 T	CD4 T	0.958	0.721	0.793	0.08	False	True	CD4 T	CD4 T	1.0	0.714	0.791	0.067	False	True	9260	3156	7.084233261339093	9615	3171	7.1658866354654185	0.2880915236609464	0.1408216328653146	719	734	0.0542689123749046	True	False	
CGTGTCTCACAGTACT	shared	CD4 T	CD4 T	1.0	0.716	0.79	0.032	False	True	CD4 T	CD4 T	1.0	0.714	0.79	0.039	False	True	9180	3031	5.130718954248366	9294	3003	5.3044975252851305	0.2500537981493436	0.1577361738756186	733	789	0.0178035637422276	True	False	
CGTGTCTCATGGGTTT	shared	CD4 T	CD4 T	1.0	0.709	0.796	0.029	False	True	CD4 T	CD4 T	1.0	0.704	0.795	0.026	False	True	8481	2758	5.482844004244782	8623	2724	5.775252232401717	0.2734547141366114	0.159573234373188	833	872	0.0239526951560709	True	False	
CGTGTCTGTCAGTTTG	shared	CD14 Mono	CD14 Mono	1.0	0.772	0.83	0.027	False	True	CD14 Mono	CD14 Mono	1.0	0.766	0.827	0.024	False	True	12278	3844	6.181788564912853	12551	3818	6.350091626165246	0.3077842402995777	0.1382359971317026	387	411	0.0317241848038566	True	False	
CGTTAGATCAGCCTCT	shared	FCGR3A Mono	FCGR3A Mono	0.947	0.783	0.877	0.039	False	True	FCGR3A Mono	FCGR3A Mono	1.0	0.778	0.874	0.032	False	True	19821	4842	6.503203672872206	20487	4846	6.609069165812467	0.358324791331088	0.1378923219602675	149	151	0.0476766231466325	True	False	
CGTTAGATCATTATCC	shared	CD14 Mono	CD14 Mono	0.789	0.841	0.907	0.034	False	True	CD14 Mono	CD14 Mono	0.778	0.836	0.906	0.036	False	True	28128	5915	5.272326507394767	29310	5936	5.329239167519618	0.2815421357898328	0.1290685772773797	28	30	0.0593839240921451	True	False	
CGTTAGATCCAAGAGG	shared	CD14 Mono	CD14 Mono	1.0	0.675	0.74	0.024	False	True	CD14 Mono	CD14 Mono	1.0	0.669	0.739	0.013	False	True	5033	2137	9.537055434134713	5211	2118	9.55670696603339	0.2796008443676837	0.1195547879485703	1091	1092	0.0501318674071549	True	False	
CGTTCTGTCAGCGCAC	shared	CD4 T	CD4 T	1.0	0.686	0.77	0.088	False	True	CD4 T	CD4 T	1.0	0.68	0.769	0.057	False	True	8294	2827	6.956836267181095	8664	2836	7.029085872576177	0.3140581717451524	0.1501615881809787	864	864	0.0629577682043065	True	False	
CGTTCTGTCCCGAACG	shared	NK	NK	1.0	0.643	0.727	0.008	False	True	NK	NK	1.0	0.637	0.753	0.007	False	True	7299	3025	5.699410878202493	7545	3026	5.924453280318091	0.36779324055666	0.1473823724320742	970	977	0.0478156361553677	True	False	
CTAACCCAGCCGCTTG	shared	CD4 T	CD4 T	1.0	0.651	0.727	0.026	False	True	CD4 T	CD4 T	1.0	0.647	0.725	0.021	False	True	6460	2556	3.839009287925697	7073	2576	3.817333521843631	0.3986992789481125	0.168104057684151	1028	1014	0.1307687439975405	True	False	
CTAACCCCACTTCAAG	shared	CD4 T	CD4 T	1.0	0.732	0.791	0.036	False	True	CD4 T	CD4 T	1.0	0.728	0.788	0.036	False	True	12351	3845	3.465306452918792	12929	3887	3.5810967592234517	0.4067599969061799	0.1488127465387887	381	387	0.0659776174295363	True	False	
CTAACTTAGCCTCACG	shared	CD4 T	CD4 T	0.952	0.543	0.617	0.021	False	True	CD4 T	CD4 T	1.0	0.537	0.613	0.032	False	True	5015	2381	12.7617148554337	5272	2400	12.936267071320184	0.5068285280728376	0.1599013657056145	1092	1091	0.0720866485777933	True	False	
CTAAGTGCACAATGCT	shared	B	B	1.0	0.724	0.81	0.011	False	True	B	B	1.0	0.718	0.809	0.012	False	True	10884	3391	7.800441014332966	11458	3411	7.863501483679525	0.2804154302670623	0.1281200907662768	509	508	0.0741397414561886	True	False	
CTAAGTGGTCCACTCT	shared	NK	NK	1.0	0.716	0.794	0.007	False	True	CD8 T	CD8 T	1.0	0.709	0.791	0.009	False	True	9586	3239	8.136866263300647	10120	3244	8.320158102766799	0.291600790513834	0.1484189723320158	670	666	0.0782005043548133	True	False	
CTACAGACAACAAAGT	shared	B	B	0.929	0.769	0.789	0.062	False	True	B	B	1.0	0.762	0.79	0.088	False	True	55234	6332	5.322808415106637	59177	6406	5.326393700255167	0.1812697500718184	0.1013400476536492	3	3	0.0994782101255474	True	False	
CTACAGACAGGAATAT	shared	CD4 T	CD4 T	1.0	0.493	0.55	0.049	False	True	CD4 T	CD4 T	1.0	0.488	0.546	0.039	False	True	5966	2386	13.610459269192088	6219	2378	13.908988583373532	0.6338639652677279	0.1173822157903199	1057	1060	0.0599088034630647	True	False	
CTACAGATCAGGAGAC	shared	NK	NK	0.941	0.596	0.669	0.021	False	True	CD8 T	CD8 T	1.0	0.588	0.67	0.012	False	True	5036	2156	15.925337569499602	5287	2170	16.28522791753357	0.4340836012861736	0.1288065065254397	1090	1090	0.0701574458495054	True	False	
CTACCTGTCTCGAACA	shared	CD14 Mono	CD14 Mono	1.0	0.77	0.85	0.057	False	True	CD14 Mono	CD14 Mono	1.0	0.765	0.848	0.049	False	True	14638	4032	6.6470829348271625	15294	4031	6.819667843598797	0.3957761213547796	0.1188701451549627	272	276	0.0632431013831426	True	False	
CTACGGGTCACCATAG	shared	Low quality (no markers)	Low quality (no markers)	0.963	0.214	0.874	0.024	False	False	Low quality (no markers)	Low quality (no markers)	0.963	0.199	0.891	0.021	False	False	947	32	97.04329461457232	1069	40	92.60991580916745	0.0551917680074836	0.0046772684752104	1197	1195	0.1746518323902503	False	True	9.999000099990002e-05
CTACGGGTCGTTCAGA	shared	CD8 T	CD8 T	0.944	0.702	0.77	0.045	False	True	CD8 T	CD8 T	1.0	0.696	0.769	0.042	False	True	8433	3145	6.130677101861734	8977	3154	6.360699565556422	0.3242731424752144	0.1581820207196168	839	825	0.0901770746364113	True	False	
CTAGACAGTCGTGGTC	shared	FCGR3A Mono	FCGR3A Mono	1.0	0.715	0.812	0.034	False	True	FCGR3A Mono	FCGR3A Mono	1.0	0.709	0.806	0.034	False	True	10155	3211	13.1068439192516	10798	3223	13.335802926467863	0.3690498240414891	0.1215039822189294	602	590	0.0885654232317572	True	False	
CTAGACAGTCTAACTG	shared	CD14 Mono	CD14 Mono	0.9	0.804	0.853	0.027	False	True	CD14 Mono	CD14 Mono	0.889	0.798	0.849	0.029	False	True	18226	4768	5.536047404806321	19110	4783	5.604395604395604	0.3656200941915227	0.125484039769754	180	180	0.0683261442768748	True	False	
CTAGGTATCTAACGCA	shared	B	B	1.0	0.679	0.789	0.019	False	True	B	B	1.0	0.675	0.789	0.021	False	True	9199	2929	8.544407000760952	9699	2963	8.598824621094959	0.366017115166512	0.1221775440767089	727	720	0.0763508861301148	True	False	
CTATCCGAGCTGTTAC	shared	CD4 T	CD4 T	1.0	0.722	0.815	0.067	False	True	CD4 T	CD4 T	1.0	0.716	0.812	0.088	False	True	11648	3475	4.850618131868132	12276	3510	4.797979797979798	0.3062072336265884	0.1388888888888889	433	437	0.0757519546406376	True	False	
CTCAACCGTGGATGAC	shared	B	B	1.0	0.751	0.829	0.012	False	True	B	B	1.0	0.745	0.828	0.014	False	True	14505	4157	5.384350224060669	15361	4165	5.481413970444632	0.3186641494694356	0.1263589610051429	280	273	0.0827163007270013	True	False	
CTCAACCGTGTGTCGC	shared	B	B	1.0	0.636	0.728	0.014	False	True	B	B	1.0	0.633	0.728	0.017	False	True	5472	2319	5.793128654970761	5747	2326	5.9683313032886725	0.3955107012354272	0.1233687141117104	1078	1079	0.070728205249848	True	False	
CTCAAGAAGATTACCC	shared	CD8 T	CD8 T	0.933	0.734	0.814	0.088	False	True	CD8 T	CD8 T	0.867	0.728	0.807	0.073	False	True	12663	3753	6.459764668719893	13203	3774	6.506097099144134	0.3568128455654018	0.1455729758388245	360	363	0.0602418830853548	True	False	
CTCAAGACATCCTGTC	shared	FCGR3A Mono	CD14 Mono	0.714	0.532	0.632	0.017	False	True	FCGR3A Mono	CD14 Mono	0.714	0.525	0.627	0.018	False	True	8591	2798	14.7247119078105	9054	2830	14.86635741108902	0.6385023194168323	0.1043737574552683	820	815	0.0757206478521177	True	False	
CTCAAGAGTCAAAGAT	shared	NK	NK	1.0	0.702	0.773	0.008	False	True	NK	NK	1.0	0.694	0.799	0.008	False	True	11120	3895	7.5	11791	3906	7.497243660418963	0.350606394707828	0.1345941820032228	482	473	0.0845219085547578	True	False	
CTCAATTTCGGAAGGT	shared	CD14 Mono	CD14 Mono	1.0	0.793	0.857	0.045	False	True	CD14 Mono	CD14 Mono	1.0	0.787	0.854	0.053	False	True	14810	4101	5.523295070898042	15405	4085	5.5826030509574815	0.2555663745537163	0.1178188899707887	268	272	0.056823279514923	True	False	
CTCACTGCACCTTCCA	shared	CD4 T	CD4 T	1.0	0.713	0.806	0.053	False	True	CD4 T	CD4 T	1.0	0.707	0.805	0.057	False	True	11351	3302	9.02123160954982	11956	3330	9.108397457343592	0.3148210103713617	0.1398461023753763	464	464	0.0749089696040551	True	False	
CTCAGAACAATTGTGC	shared	B	B	1.0	0.566	0.667	0.034	False	True	B	B	1.0	0.556	0.664	0.039	False	True	8631	3073	12.941721700845788	8985	3074	13.18864774624374	0.6041179744017807	0.1275459098497496	816	824	0.0579841970354212	True	False	
CTCAGGGGTCATCGCG	shared	CD14 Mono	CD14 Mono	1.0	0.77	0.847	0.012	False	True	CD14 Mono	CD14 Mono	1.0	0.765	0.845	0.01	False	True	13498	3778	9.757001037190696	14087	3782	9.91694470078796	0.3417335131681692	0.1178391424717825	308	312	0.0616142772631843	True	False	
CTCAGGGTCTCACCCA	shared	FCGR3A Mono	FCGR3A Mono	1.0	0.78	0.871	0.039	False	True	FCGR3A Mono	FCGR3A Mono	1.0	0.775	0.868	0.034	False	True	19262	4934	6.115668154916416	20166	4947	6.3026876921551125	0.368541108796985	0.1377070316374095	163	164	0.0661640831325828	True	False	
CTCAGTCAGGGACAGG	shared	NK	NK	1.0	0.655	0.733	0.007	False	True	NK	NK	1.0	0.651	0.758	0.007	False	True	6999	3025	6.872410344334905	7330	3022	7.025920873124147	0.3290586630286494	0.1429740791268758	998	996	0.0666550834828659	True	False	
CTCATCGAGAGGCGTT	shared	CD4 T	CD4 T	1.0	0.74	0.827	0.021	False	True	CD4 T	CD4 T	1.0	0.734	0.826	0.026	False	True	11638	3295	7.612991923010827	12305	3267	7.752945956928078	0.2298252742787484	0.1388866314506298	435	435	0.0803947876026019	True	False	
CTCATCGTCGTACCTC	shared	B	B	1.0	0.677	0.783	0.021	False	True	B	B	1.0	0.671	0.781	0.045	False	True	8517	2892	12.128683808852882	8894	2868	12.311670789296157	0.3000899482797391	0.1349224196087249	829	833	0.0624798756041846	True	False	
CTCATTAAGGAAGTGA	shared	CD14 Mono	CD14 Mono	1.0	0.761	0.828	0.032	False	True	CD14 Mono	CD14 Mono	1.0	0.755	0.825	0.032	False	True	11523	3694	10.101536058318146	12082	3688	10.2300943552392	0.293908293328919	0.122413507697401	446	452	0.0683371297631536	True	False	
CTCATTATCGTACACA	shared	cDC	cDC	0.65	0.777	0.867	0.062	False	True	cDC	cDC	0.619	0.771	0.865	0.073	False	True	21978	5343	3.585403585403585	23186	5359	3.584059346157164	0.3181661347364789	0.1271456913654791	102	96	0.0771904239940565	True	False	
CTCCAACCAATCTCTT	shared	NK	NK	0.969	0.728	0.798	0.042	False	True	CD8 T	CD8 T	0.963	0.723	0.801	0.027	False	True	11217	3610	9.09334046536507	11852	3631	9.306446169422882	0.3477050286871414	0.1373607829902126	476	472	0.0794367640170417	True	False	
CTCCAACGTAGTGTGG	shared	CD4 T	CD4 T	1.0	0.742	0.818	0.039	False	True	CD4 T	CD4 T	1.0	0.736	0.816	0.045	False	True	11314	3371	6.284249602262683	11955	3419	6.390631534922626	0.2903387703889586	0.1399414470932664	467	465	0.0794982175238395	True	False	
CTCCATGAGACAGCTG	shared	B	B	1.0	0.704	0.815	0.021	False	True	B	B	1.0	0.698	0.811	0.032	False	True	10677	3337	6.771565046361338	11166	3324	6.994447429697296	0.3422890918860827	0.1363066451728461	529	538	0.0646002056150441	True	False	
CTCCATGGTGTTGACT	shared	CD14 Mono	CD14 Mono	1.0	0.705	0.775	0.014	False	True	CD14 Mono	CD14 Mono	1.0	0.699	0.773	0.014	False	True	6015	2441	8.661679135494596	6243	2427	8.88995675156175	0.3145923434246356	0.1143680922633349	1054	1059	0.0536659703002713	True	False	
CTCCATGTCATCGTAG	shared	CD4 T	CD4 T	1.0	0.717	0.815	0.024	False	True	CD4 T	CD4 T	1.0	0.71	0.813	0.026	False	True	11601	3287	6.723558313938454	12215	3312	6.844044207941056	0.2748260335652885	0.1354891526811297	438	439	0.0743984428109476	True	False	
CTCCATGTCGTCGATA	shared	CD14 Mono	CD14 Mono	1.0	0.832	0.895	0.045	False	True	CD14 Mono	CD14 Mono	1.0	0.826	0.892	0.036	False	True	23890	5390	6.048555881121808	25093	5419	6.037540349898378	0.3172996453194118	0.1235802813533654	71	69	0.0708752140028016	True	False	
CTCCCAATCAATCAGC	shared	NK	NK	1.0	0.7	0.777	0.008	False	True	NK	NK	1.0	0.696	0.801	0.007	False	True	11504	4087	5.093880389429764	12033	4090	5.119255381035486	0.4098728496634256	0.1335494058007147	452	459	0.0648552783184019	True	False	
CTCCCTCAGCGCGTTC	shared	CD14 Mono	CD14 Mono	0.5	0.796	0.845	0.121	False	True	CD14 Mono	CD14 Mono	0.519	0.791	0.842	0.108	False	True	19955	5192	3.8987722375344527	20296	5154	3.956444619629484	0.303655892786756	0.1310603074497437	144	158	0.0244439310320951	True	False	
CTCCCTCCACCGGAAA	shared	CD14 Mono	CD14 Mono	1.0	0.827	0.854	0.317	True	True	CD14 Mono	CD14 Mono	1.0	0.823	0.852	0.317	True	True	27062	6161	4.944202202350159	28201	6222	5.056558278075245	0.4022906989113861	0.1338250416651892	35	36	0.0594757033262745	True	False	
CTCCCTCGTTTACGAC	shared	NK	NK	0.688	0.659	0.738	0.045	False	True	CD8 T	CD8 T	1.0	0.653	0.735	0.045	False	True	8434	3265	6.426369456959924	8832	3316	6.510416666666667	0.4585597826086957	0.1538722826086956	838	842	0.0665154429796837	True	False	
CTCCCTCTCATCGCTC	shared	CD8 T	CD8 T	0.688	0.664	0.742	0.026	False	True	CD8 T	CD8 T	1.0	0.656	0.734	0.042	False	True	9577	3466	6.160593087605722	10028	3519	6.152772237734344	0.516952532907858	0.1317311527722377	672	675	0.0663814201025584	True	False	
CTCCGATTCCTTTAGT	shared	NK	NK	1.0	0.723	0.789	0.008	False	True	CD8 T	CD8 T	1.0	0.716	0.789	0.014	False	True	11003	3525	9.597382532036717	11585	3545	9.693569270608544	0.3265429434613724	0.1284419507984462	496	494	0.0743545253555959	True	False	
CTCCGATTCTTTCTAG	shared	CD4 T	CD4 T	1.0	0.669	0.767	0.022	False	True	CD4 T	CD4 T	1.0	0.665	0.765	0.029	False	True	9366	3094	5.872304078582106	9847	3109	6.032294099725805	0.408449273890525	0.1375038082664771	700	702	0.0722436966629603	True	False	
CTCCTCCTCACCTCTG	shared	CD4 T	CD4 T	1.0	0.73	0.828	0.036	False	True	CD4 T	CD4 T	1.0	0.725	0.825	0.027	False	True	13532	3696	5.372450487732782	14108	3743	5.514601644457046	0.3554011908137227	0.1388573858803515	306	310	0.0601340461386286	True	False	
CTCCTTTAGATGCTGG	shared	CD14 Mono	CD14 Mono	1.0	0.805	0.85	0.034	False	True	CD14 Mono	CD14 Mono	0.81	0.8	0.848	0.036	False	True	25696	5583	6.8843399750934	26837	5618	6.990349144837351	0.386481350374483	0.123299921749823	44	46	0.0626772225686031	True	False	
CTCCTTTTCTACACTT	shared	CD4 T	CD4 T	1.0	0.73	0.823	0.022	False	True	CD4 T	CD4 T	0.857	0.722	0.818	0.018	False	True	13659	3681	6.479244454206018	14400	3711	6.513888888888889	0.3614583333333333	0.1349305555555555	300	298	0.0762115117166419	True	False	
CTCGAGGAGCCTATTG	shared	B	B	1.0	0.646	0.75	0.014	False	True	B	B	1.0	0.641	0.747	0.026	False	True	6578	2517	7.661903314077227	6873	2532	7.85683107813182	0.3715990106212716	0.1243998254037538	1024	1024	0.0632815389775475	True	False	
CTCGAGGAGGAAAGGT	shared	NK	NK	1.0	0.714	0.793	0.011	False	True	CD8 T	CD8 T	1.0	0.709	0.79	0.01	False	True	9906	3251	7.783161720169594	10444	3252	7.784373803140559	0.2454998085024894	0.1330907698199923	628	630	0.0762923351645409	True	False	
CTCTCAGGTTAAGCAA	shared	CD4 T	CD4 T	0.952	0.706	0.8	0.018	False	True	CD4 T	CD4 T	1.0	0.701	0.798	0.016	False	True	10138	3008	5.385677648451371	10642	3024	5.34673933471152	0.307648938169517	0.1578650629580905	605	605	0.0699895007136495	True	False	
CTCTCGATCCATAGGT	shared	B	B	1.0	0.671	0.775	0.016	False	True	B	B	1.0	0.665	0.771	0.017	False	True	8499	3020	4.941757853865161	8846	3027	5.087044992086819	0.4303640063305449	0.1202803527017861	831	839	0.0577254818704665	True	False	
CTCTGGTAGTAGGATT	shared	CD14 Mono	CD14 Mono	1.0	0.564	0.59	0.022	False	True	CD14 Mono	CD14 Mono	1.0	0.56	0.588	0.016	False	True	2347	1124	0.0426075841499786	2458	1117	0.0406834825061025	0.0122050447518307	0.1550040683482506	1159	1159	0.0666393264860301	False	True	9.999000099990002e-05
CTGAATGAGCTCTATG	shared	CD14 Mono	CD14 Mono	1.0	0.779	0.837	0.022	False	True	CD14 Mono	CD14 Mono	1.0	0.771	0.833	0.026	False	True	12458	3758	6.903194734307273	12965	3758	6.957192441187813	0.248052448900887	0.1138449672194369	375	384	0.0575452004347123	True	False	
CTGAATGAGGCGAACT	shared	CD4 T	CD4 T	0.8	0.684	0.776	0.062	False	True	CD4 T	CD4 T	1.0	0.677	0.774	0.067	False	True	8401	2539	8.570408284728009	8833	2544	8.705988905241707	0.2557454998301822	0.1357409713574097	847	841	0.0723340465536357	True	False	
CTGAGGCGTTCAGCGC	shared	B	B	1.0	0.677	0.776	0.013	False	True	B	B	1.0	0.672	0.775	0.017	False	True	6826	2393	9.214767067096396	7164	2395	9.198771635957566	0.275963149078727	0.1372138470128419	1007	1005	0.0697149526092791	True	False	
CTGATCCGTCGCGTCA	shared	CD4 T	CD4 T	0.857	0.686	0.748	0.067	False	True	CD4 T	CD4 T	0.875	0.681	0.746	0.062	False	True	6457	2398	7.433792783026173	6562	2369	7.604388905821396	0.2333130143249009	0.1703748857055775	1029	1044	0.0232679921491904	True	False	
CTGATCCTCCCTCTAG	shared	NK	NK	1.0	0.708	0.783	0.01	False	True	CD8 T	CD8 T	1.0	0.702	0.778	0.008	False	True	9502	3363	8.071984845295727	9933	3369	8.24524312896406	0.3151112453438034	0.1463807510319138	680	687	0.0639917173437087	True	False	
CTGATCCTCTCTCCGA	shared	Platelet	Platelet	0.933	0.252	0.715	0.067	False	True	Platelet	Platelet	0.933	0.249	0.72	0.08	False	True	1067	505	8.153701968134957	1171	512	8.198121263877027	0.0597779675491033	0.125533731853117	1189	1188	0.1340609227346939	False	True	9.999000099990002e-05
CTGCAGGAGCCATTGT	shared	CD4 T	CD4 T	1.0	0.716	0.808	0.062	False	True	CD4 T	CD4 T	1.0	0.711	0.807	0.057	False	True	9689	2942	5.72814531943441	10161	2928	5.806515106780829	0.2403306761145556	0.1552012597185316	661	660	0.0686157984952692	True	False	
CTGCATCAGCGTCAAG	shared	CD14 Mono	CD14 Mono	0.938	0.647	0.713	0.036	False	True	CD14 Mono	CD14 Mono	1.0	0.64	0.71	0.026	False	True	3920	1811	11.071428571428571	4030	1791	11.141439205955336	0.3233250620347394	0.1287841191066997	1126	1128	0.0399161413344903	True	False	
CTGCATCGTAAGCTCT	shared	CD8 T	CD8 T	0.789	0.689	0.768	0.062	False	True	CD8 T	CD8 T	0.6	0.682	0.761	0.045	False	True	8360	2727	6.662679425837321	8814	2748	6.625822555026095	0.2726344452008168	0.1542999773088268	852	848	0.0762850663825787	True	False	
CTGCCATTCAGTGTTG	shared	CD4 T	CD4 T	1.0	0.75	0.822	0.049	False	True	CD4 T	CD4 T	1.0	0.744	0.821	0.039	False	True	13214	3888	5.327682760708339	13942	3911	5.3650839190933866	0.2756419452015493	0.1449576818247023	326	322	0.0773645823868337	True	False	
CTGCCATTCGGAACTT	shared	CD14 Mono	CD14 Mono	1.0	0.811	0.878	0.024	False	True	CD14 Mono	CD14 Mono	1.0	0.806	0.875	0.024	False	True	22007	5124	5.375562321079657	22974	5147	5.458344215199791	0.3545747366588317	0.1248802994689649	100	101	0.0620368167475485	True	False	
CTGCCTACAAGACTGG	shared	CD14 Mono	CD14 Mono	1.0	0.688	0.761	0.022	False	True	CD14 Mono	CD14 Mono	0.933	0.681	0.758	0.021	False	True	6667	2616	9.04454777261137	6902	2620	9.069834830483918	0.3623587365980875	0.1318458417849898	1017	1023	0.049969379958829	True	False	
CTGCCTATCTTGATTC	shared	B	B	1.0	0.697	0.802	0.019	False	True	B	B	1.0	0.69	0.797	0.034	False	True	10263	3439	5.953424924486018	10851	3490	5.93493687217768	0.4192240346511842	0.1186987374435536	591	581	0.0803678771921834	True	False	
CTGCGAGAGATTAGAC	shared	CD14 Mono	CD14 Mono	1.0	0.745	0.806	0.036	False	True	CD14 Mono	CD14 Mono	1.0	0.74	0.803	0.036	False	True	8400	2951	8.19047619047619	8782	2967	8.244135732179458	0.2289911181963106	0.1326577089501252	848	853	0.0641527366761387	True	False	
CTGCGAGAGTGCACTT	shared	CD14 Mono	CD14 Mono	1.0	0.809	0.873	0.049	False	True	CD14 Mono	CD14 Mono	1.0	0.802	0.87	0.049	False	True	16605	4399	7.841011743450768	17274	4380	7.930994558295705	0.269132800740998	0.1123075141831654	224	226	0.0569811072187994	True	False	
CTGCGAGCAGATTCGT	shared	B	B	1.0	0.712	0.805	0.017	False	True	B	B	1.0	0.706	0.803	0.021	False	True	10505	3208	6.606377915278439	11119	3233	6.592319453188236	0.3475132655814372	0.1360733878945948	558	543	0.0819432984561557	True	False	
CTGCGAGGTAGGTTTC	shared	CD14 Mono	CD14 Mono	0.947	0.69	0.765	0.013	False	True	CD14 Mono	CD14 Mono	1.0	0.685	0.763	0.013	False	True	6590	2504	12.36722306525038	6840	2488	12.646198830409356	0.3453216374269006	0.1347953216374269	1023	1026	0.0537098595397929	True	False	
CTGCTCACAGCGTTTA	shared	CD14 Mono	CD14 Mono	0.529	0.823	0.863	0.088	False	True	FCGR3A Mono	FCGR3A Mono	0.588	0.817	0.883	0.073	False	True	23304	5265	6.840027463096464	24270	5243	6.88504326328801	0.3350226617222909	0.1266172229089411	84	84	0.0585940379409875	True	False	
CTGGACGCAACGATTC	shared	CD4 T	CD4 T	1.0	0.763	0.834	0.032	False	True	CD4 T	CD4 T	1.0	0.758	0.833	0.036	False	True	15146	4105	6.483560015845768	15991	4142	6.428616096554312	0.2845350509661685	0.1246951410168219	260	256	0.0783182939723662	True	False	
CTGGACGCACACGGTC	shared	CD14 Mono	CD14 Mono	1.0	0.781	0.849	0.024	False	True	CD14 Mono	CD14 Mono	1.0	0.773	0.846	0.021	False	True	13360	3936	8.547904191616766	14103	3947	8.572644118272708	0.2889456144082819	0.1210380770048925	315	311	0.0780763898442081	True	False	
CTGGACGGTTCCCAAA	shared	CD8 T	CD8 T	0.727	0.75	0.816	0.088	False	True	CD8 T	CD8 T	0.75	0.744	0.815	0.121	False	True	12752	3891	9.872961104140527	13384	3915	10.071727435744172	0.3053646144650329	0.140017931858936	354	354	0.0697804741678093	True	False	
CTGGACGTCTCATTTG	shared	CD14 Mono	CD14 Mono	1.0	0.806	0.866	0.029	False	True	CD14 Mono	CD14 Mono	1.0	0.8	0.863	0.034	False	True	19780	4933	5.288169868554095	20469	4942	5.38375103815526	0.3486736039865162	0.1243832136401387	150	153	0.0493957410482439	True	False	
CTGGCAGGTTGCAAGG	shared	CD14 Mono	CD14 Mono	1.0	0.605	0.675	0.008	False	True	CD14 Mono	CD14 Mono	1.0	0.601	0.675	0.01	False	True	2852	1427	11.185133239831696	2937	1406	11.508341845420498	0.2849846782431052	0.1096356826693905	1150	1151	0.0423546489745602	False	True	9.999000099990002e-05
CTGGCAGTCGTCTCAC	shared	CD4 T	CD4 T	1.0	0.723	0.793	0.097	False	True	CD4 T	CD4 T	0.962	0.716	0.789	0.088	False	True	9254	3336	6.883509833585476	9746	3331	6.895136466242561	0.3039195567412271	0.140365278062795	722	712	0.074725254292703	True	False	
CTGTCGTAGCTGGCCT	shared	CD8 T	CD8 T	1.0	0.717	0.802	0.018	False	True	CD8 T	CD8 T	1.0	0.71	0.793	0.019	False	True	10660	3071	9.831144465290809	11070	3063	9.96386630532972	0.2879855465221319	0.1549232158988256	534	554	0.0544427719932537	True	False	
CTGTGAAAGGAACGCT	shared	CD14 Mono	CD14 Mono	1.0	0.775	0.843	0.029	False	True	CD14 Mono	CD14 Mono	1.0	0.769	0.839	0.034	False	True	13382	4119	5.933343296966074	13835	4119	6.042645464401879	0.3256234188651969	0.1249006143838091	314	326	0.048025364878197	True	False	
CTGTGAATCATCGCTC	shared	CD14 Mono	CD14 Mono	1.0	0.76	0.831	0.032	False	True	CD14 Mono	CD14 Mono	1.0	0.755	0.828	0.042	False	True	10337	3403	6.520267002031537	10614	3392	6.56679856792915	0.2866968155266629	0.1319012624835123	582	607	0.0381472638466357	True	False	
CTGTGGGGTCGTGATT	shared	B	B	1.0	0.725	0.745	0.062	False	True	B	B	1.0	0.717	0.743	0.088	False	True	20935	4015	5.684260807260569	22415	4043	5.674771358465313	0.1834485835378095	0.1121570376979701	124	111	0.0985430313827832	True	False	
CTTAGGAGTCTGTGGC	shared	B	B	1.0	0.652	0.758	0.011	False	True	B	B	1.0	0.646	0.756	0.017	False	True	6488	2429	6.55055487053021	6783	2425	6.678460858027422	0.3844906383606074	0.1233967271118973	1026	1028	0.0641400038800643	True	False	
CTTCAATGTTGGACTT	shared	CD4 T	CD4 T	1.0	0.73	0.815	0.014	False	True	CD4 T	CD4 T	1.0	0.726	0.814	0.016	False	True	12328	3611	5.743024010382868	13036	3672	5.8223381405339065	0.3401350107394906	0.1444461491254986	383	377	0.0805561349165686	True	False	
CTTCAATTCGAGAGCA	SA_only	cDC	cDC	0.692	0.504	0.556	0.045	False	True	cDC	cDC	0.692	0.499	0.556	0.049	False	True	1200	753	4.75	1262	750	4.754358161648177	0.2297939778129952	0.1275752773375594	1186	1186	0.0726184880819181	False	True	9.999000099990002e-05
CTTCGGTCACGTTCGG	shared	B	B	1.0	0.69	0.807	0.019	False	True	B	B	1.0	0.687	0.806	0.022	False	True	9037	2859	8.077901958614584	9514	2885	8.114357788522177	0.3666176161446289	0.121820475089342	759	751	0.0742000994903809	True	False	
CTTCGGTTCCAAGAGG	shared	B	B	1.0	0.676	0.773	0.019	False	True	B	B	1.0	0.672	0.772	0.029	False	True	7652	2747	6.2467328802927335	7991	2733	6.369665874108372	0.3560255287198098	0.1340257790013765	935	939	0.0625311834687899	True	False	
CTTCTCTTCCTACAAG	shared	CD8 T	CD8 T	0.957	0.732	0.81	0.062	False	True	CD8 T	CD8 T	1.0	0.726	0.8	0.049	False	True	12220	3852	5.253682487725041	12813	3896	5.314914539920394	0.3702489658940139	0.1506282681651447	391	391	0.0683585551378704	True	False	
CTTGAGAAGAATTGCA	shared	CD8 T	CD8 T	1.0	0.722	0.805	0.019	False	True	CD8 T	CD8 T	1.0	0.717	0.798	0.039	False	True	11608	3224	7.977257064093728	12289	3254	8.047847668646757	0.2627553096264952	0.1360566360159492	437	436	0.0822412119977088	True	False	
CTTGAGATCCCGAGGT	shared	Low quality (no markers)	Low quality (no markers)	1.0	0.323	0.574	0.018	False	False	Low quality (no markers)	Low quality (no markers)	0.824	0.319	0.602	0.019	False	False	869	204	75.25891829689299	929	199	74.27341227125942	0.1119483315392895	0.0409041980624327	1203	1204	0.0962153152593029	False	True	9.999000099990002e-05
CTTGATTAGGTAGGCT	shared	CD4 T	CD4 T	0.917	0.682	0.763	0.045	False	True	CD4 T	CD4 T	0.909	0.675	0.76	0.042	False	True	7105	2648	7.614356087262491	7406	2680	7.655954631379962	0.3150148528220362	0.1290845260599513	989	992	0.0598516485327157	True	False	
GAAACCTAGGAGGTTC	shared	CD14 Mono	CD14 Mono	0.933	0.593	0.674	0.021	False	True	CD14 Mono	CD14 Mono	0.933	0.583	0.668	0.016	False	True	5732	2192	15.230286113049546	5970	2178	15.544388609715243	0.4772194304857621	0.1269681742043551	1068	1070	0.0586822896772816	True	False	
GAACACTGTTGGACTT	shared	B	B	1.0	0.672	0.787	0.011	False	True	B	B	1.0	0.668	0.785	0.01	False	True	9304	3211	5.631986242476354	9778	3228	5.635099202290857	0.4079566373491511	0.1175086929842503	714	709	0.0716807925205534	True	False	
GAACGTTGTCAGGAGT	shared	CD14 Mono	CD14 Mono	1.0	0.756	0.822	0.022	False	True	CD14 Mono	CD14 Mono	1.0	0.749	0.82	0.027	False	True	9300	3156	7.043010752688172	9667	3141	7.096307023895728	0.2788869349332781	0.1340643426088755	715	727	0.0558316367234504	True	False	
GAACTGTCATCGAACT	shared	CD4 T	CD4 T	1.0	0.726	0.821	0.053	False	True	CD4 T	CD4 T	1.0	0.721	0.82	0.045	False	True	12090	3450	6.641852770885029	12731	3462	6.723745188908962	0.313565313015474	0.145550231717854	399	399	0.0745254928195864	True	False	
GAACTGTTCTCAAAGC	shared	CD4 T	CD4 T	1.0	0.745	0.816	0.049	False	True	CD4 T	CD4 T	1.0	0.739	0.813	0.08	False	True	12503	3781	5.214748460369512	13150	3800	5.262357414448669	0.3222813688212927	0.1413688212927756	373	369	0.0727828225455638	True	False	
GAAGAATAGGTACAAT	shared	CD14 Mono	CD14 Mono	1.0	0.786	0.858	0.032	False	True	CD14 Mono	CD14 Mono	1.0	0.78	0.856	0.022	False	True	15898	4482	6.340420178638823	16622	4492	6.449284081337986	0.3177114667308386	0.1244735892191072	240	241	0.0642447457562716	True	False	
GAAGCCCCAGGAACCA	shared	CD14 Mono	CD14 Mono	0.778	0.827	0.877	0.067	False	True	CD14 Mono	CD14 Mono	0.667	0.823	0.875	0.062	False	True	28781	5663	6.424377193287238	30099	5682	6.4952323997475	0.3454599820592046	0.1220970796371972	24	25	0.0645966416117824	True	False	
GAAGCGATCAGTAGGG	shared	NK	NK	1.0	0.587	0.664	0.009	False	True	CD8 T	CD8 T	1.0	0.578	0.657	0.006	False	True	3774	1895	8.770535241123476	3949	1891	9.090909090909092	0.3927576601671309	0.1564953152696885	1131	1131	0.065376008852024	True	False	
GAAGGACGTCTGCCTT	shared	CD14 Mono	CD14 Mono	1.0	0.807	0.871	0.036	False	True	CD14 Mono	CD14 Mono	1.0	0.8	0.867	0.042	False	True	16298	4376	9.03178304086391	17022	4374	9.158735753730468	0.2939137586652567	0.1165550464105275	230	232	0.062701855845144	True	False	
GAAGGGTTCGCAGATT	shared	CD4 T	CD4 T	0.733	0.625	0.706	0.042	False	True	CD4 T	CD4 T	0.938	0.619	0.704	0.034	False	True	3924	1630	9.607543323139652	4166	1640	9.601536245799329	0.2604416706673068	0.1389822371579452	1125	1123	0.086316446036197	True	False	
GAAGTAAGTCTAGATC	shared	CD4 T	CD4 T	1.0	0.727	0.797	0.024	False	True	CD4 T	CD4 T	1.0	0.72	0.795	0.036	False	True	10891	3355	5.261224864567073	11599	3392	5.207345460815588	0.2690749202517458	0.1385464264160703	507	493	0.0908559178585007	True	False	
GAATCACCAGTGGTGA	shared	CD4 T	CD4 T	1.0	0.742	0.813	0.032	False	True	CD4 T	CD4 T	1.0	0.736	0.809	0.045	False	True	12086	3718	3.524739367863644	12717	3708	3.522843437917748	0.3508689156247542	0.1498781159078399	400	401	0.0734156026239441	True	False	
GACACGCCAGTCCGTG	shared	B	B	1.0	0.666	0.778	0.013	False	True	B	B	1.0	0.662	0.778	0.014	False	True	8301	2818	8.252017829177207	8732	2819	8.279890059551077	0.3380668804397618	0.1274622079706825	862	855	0.0730184082403143	True	False	
GACACGCGTTCCAAAC	shared	B	B	1.0	0.705	0.79	0.01	False	True	B	B	1.0	0.699	0.789	0.01	False	True	9907	3167	7.489653780155446	10461	3174	7.504062709110028	0.3091482649842271	0.1364114329414014	627	624	0.0784929014316331	True	False	
GACAGCCGTATCGTGT	shared	NK	NK	0.944	0.718	0.789	0.018	False	True	CD8 T	CD8 T	1.0	0.71	0.784	0.021	False	True	8870	3207	7.643742953776775	9326	3210	7.741797126313532	0.3040960754878833	0.1437915505039674	783	779	0.0723163732207397	True	False	
GACATCAGTAACGATA	shared	CD14 Mono	CD14 Mono	1.0	0.465	0.525	0.009	False	True	CD14 Mono	CD14 Mono	1.0	0.462	0.523	0.01	False	True	1074	690	4.189944134078212	1132	679	4.328621908127208	0.2411660777385159	0.1369257950530035	1188	1191	0.0758112013436931	False	True	9.999000099990002e-05
GACCCTTCAGCGTATT	shared	FCGR3A Mono	FCGR3A Mono	1.0	0.793	0.881	0.049	False	True	FCGR3A Mono	FCGR3A Mono	1.0	0.786	0.877	0.049	False	True	21188	5245	7.154993392486313	22280	5303	7.208258527827648	0.4008078994614004	0.1323159784560143	118	118	0.0724984818084075	True	False	
GACCCTTCATCATCTT	shared	CD4 T	CD4 T	1.0	0.691	0.777	0.045	False	True	CD4 T	CD4 T	1.0	0.688	0.775	0.049	False	True	10535	3412	4.081632653061225	11045	3447	4.200995925758262	0.4236306020823902	0.1624264373019465	554	559	0.0681967818145483	True	False	
GACCTTCCACCTGCGA	shared	CD14 Mono	CD14 Mono	1.0	0.779	0.853	0.036	False	True	CD14 Mono	CD14 Mono	1.0	0.772	0.852	0.029	False	True	12873	3800	6.338848753204381	13472	3820	6.4058788598574825	0.3115350356294536	0.1221793349168646	347	347	0.0656107539910184	True	False	
GACCTTCGTCGAGCTC	shared	CD4 T	CD4 T	1.0	0.681	0.77	0.021	False	True	CD4 T	CD4 T	1.0	0.676	0.769	0.018	False	True	8019	2713	6.546950991395436	8421	2753	6.5669160432252704	0.2823892649329058	0.1638760242251514	896	896	0.0705606388268114	True	False	
GACTATGCAGTCCCGA	shared	CD4 T	CD4 T	0.857	0.336	0.393	0.017	False	False	CD4 T	CD4 T	0.929	0.32	0.382	0.016	False	False	1704	827	32.68779342723005	1731	804	34.37319468515309	0.5072212593876372	0.0647024841132293	1173	1176	0.0226671908151901	False	True	9.999000099990002e-05
GACTATGCATCATTGG	shared	CD14 Mono	CD14 Mono	1.0	0.814	0.879	0.073	False	True	CD14 Mono	CD14 Mono	1.0	0.809	0.878	0.049	False	True	19731	4757	5.803051036440119	20625	4773	5.861818181818182	0.3024	0.122230303030303	152	149	0.0639268740682028	True	False	
GACTATGTCCAAGGGA	shared	CD4 T	CD4 T	1.0	0.754	0.831	0.067	False	True	CD4 T	CD4 T	1.0	0.749	0.829	0.062	False	True	13190	3745	5.322213798332069	13910	3744	5.434938892882818	0.2877785765636232	0.1358734723220704	329	323	0.0766721941618783	True	False	
GACTCAATCTAGTGAC	shared	Low quality (no markers)	Low quality (no markers)	1.0	0.255	0.856	0.024	False	False	Low quality (no markers)	Low quality (no markers)	1.0	0.23	0.872	0.021	False	False	940	42	96.59574468085108	1035	46	93.33333333333331	0.0434782608695652	0.0096618357487922	1198	1197	0.138757374958017	False	True	9.999000099990002e-05
GACTCAATCTCCCAAC	shared	CD14 Mono	CD14 Mono	1.0	0.797	0.866	0.042	False	True	CD14 Mono	CD14 Mono	1.0	0.793	0.866	0.032	False	True	17215	4217	6.5117629973860005	17949	4218	6.568611064683269	0.3116608167585938	0.1211209538135829	207	210	0.0602338610411519	True	False	
GACTGATTCATCCTAT	shared	CD4 T	CD4 T	1.0	0.728	0.816	0.027	False	True	CD4 T	CD4 T	1.0	0.721	0.813	0.022	False	True	12451	3581	4.883141916311943	13077	3605	4.901735872141929	0.3410568173128393	0.1500344115622849	376	374	0.0707644464774397	True	False	
GACTTCCTCCTCTAGC	shared	CD4 T	CD4 T	1.0	0.724	0.807	0.088	False	True	CD4 T	CD4 T	1.0	0.718	0.803	0.097	False	True	12306	3651	3.4698521046643918	12636	3648	3.584995251661918	0.3799461855017411	0.1399968344412789	384	408	0.0381748830962108	True	False	
GAGAAATCATTGGATC	shared	CD4 T	CD4 T	1.0	0.701	0.781	0.067	False	True	CD4 T	CD4 T	0.944	0.693	0.776	0.057	False	True	9333	3293	8.936033429765349	9854	3307	8.899939111020906	0.3595494215546986	0.1417698396590217	707	700	0.0783604039667046	True	False	
GAGACCCAGTAGGATT	shared	CD14 Mono	CD14 Mono	1.0	0.818	0.882	0.034	False	True	CD14 Mono	CD14 Mono	1.0	0.811	0.879	0.045	False	True	19367	4800	6.924149326173388	20340	4806	7.064896755162242	0.3031956735496559	0.1141592920353982	159	155	0.0707156219621288	True	False	
GAGACTTAGTCACTCA	shared	NK	NK	1.0	0.707	0.77	0.019	False	True	NK	NK	0.938	0.7	0.78	0.019	False	True	11088	4277	4.554473304473304	11693	4273	4.541178482852989	0.3621825023518344	0.1234926879329513	486	482	0.0766392265196639	True	False	
GAGACTTCAGGCTATT	shared	CD14 Mono	CD14 Mono	1.0	0.806	0.867	0.034	False	True	CD14 Mono	CD14 Mono	1.0	0.799	0.864	0.029	False	True	17067	4610	6.064334680963262	17805	4608	6.11625947767481	0.305700645885987	0.1264813254703735	211	214	0.06106944529664	True	False	
GAGAGGTTCATAGACC	shared	CD4 T	CD4 T	1.0	0.727	0.823	0.029	False	True	CD4 T	CD4 T	1.0	0.721	0.821	0.026	False	True	11597	3126	5.811847891696129	12313	3157	5.79874928936896	0.2587509136684804	0.1508974254852594	439	433	0.0864234302826956	True	False	
GAGATGGCATGTAACC	shared	CD8 T	CD8 T	0.964	0.7	0.784	0.021	False	True	CD8 T	CD8 T	1.0	0.693	0.775	0.021	False	True	9877	2951	10.154905335628229	10494	2991	10.129597865446922	0.2756813417190775	0.1393177053554412	633	620	0.0874112928010725	True	False	
GAGCCTGAGCGCACAA	shared	Low quality (no markers)	Low quality (no markers)	1.0	0.23	0.696	0.014	False	False	Low quality (no markers)	Low quality (no markers)	1.0	0.221	0.717	0.012	False	False	874	104	87.07093821510297	953	106	84.78488982161595	0.055613850996852	0.0283315844700944	1201	1202	0.1247062492858204	False	True	9.999000099990002e-05
GAGCCTGAGGCAGCTA	shared	pDC	pDC	0.538	0.731	0.898	0.088	False	True	pDC	pDC	0.5	0.725	0.896	0.088	False	True	21152	5283	4.481845688350983	22259	5295	4.577923536547015	0.3301136618895727	0.1290713868547554	120	120	0.0735913062521274	True	False	
GAGCCTGCAGTCTCTC	shared	CD8 T	CD8 T	0.55	0.696	0.768	0.156	False	True	CD8 T	CD8 T	0.833	0.689	0.764	0.097	False	True	8644	3255	9.09301249421564	9097	3250	9.222820710124216	0.3440694734527866	0.1478509398702869	812	808	0.0736834707620101	True	False	
GAGCCTGGTCCACGCA	shared	CD4 T	CD4 T	1.0	0.699	0.775	0.042	False	True	CD4 T	CD4 T	1.0	0.692	0.77	0.039	False	True	9697	3403	4.424048674847891	10239	3422	4.473093075495654	0.3676140248071101	0.1382947553472018	660	653	0.0784565564910323	True	False	
GAGCTGCGTCGGATTT	shared	CD14 Mono	CD14 Mono	1.0	0.805	0.868	0.029	False	True	CD14 Mono	CD14 Mono	1.0	0.799	0.865	0.036	False	True	18058	4573	5.122383431166242	18660	4578	5.171489817792069	0.3117363344051447	0.1253483386923901	184	189	0.0473082918041134	True	False	
GAGGCAAAGTCACGAG	shared	CD4 T	CD4 T	0.812	0.688	0.755	0.121	False	True	CD4 T	CD4 T	0.941	0.68	0.754	0.073	False	True	7098	2549	8.875739644970414	7518	2559	9.018355945730248	0.2821229050279329	0.1342112263899973	990	984	0.0829249875794163	True	False	
GAGGGATCACTTGGCG	shared	CD4 T	CD4 T	0.963	0.728	0.822	0.062	False	True	CD4 T	CD4 T	1.0	0.722	0.819	0.045	False	True	11914	3298	4.960550612724526	12640	3341	5.0395569620253164	0.2621044303797468	0.147626582278481	412	406	0.0853316447380397	True	False	
GAGGGTACAGTTTCAG	shared	CD4 T	CD4 T	1.0	0.752	0.834	0.034	False	True	CD4 T	CD4 T	1.0	0.745	0.831	0.067	False	True	13045	3706	6.178612495208892	13783	3725	6.196038598273235	0.3037800188638177	0.1357469346296162	334	329	0.0793870730416471	True	False	
GAGGGTAGTCAACACT	shared	CD8 T	CD8 T	1.0	0.717	0.79	0.017	False	True	CD8 T	CD8 T	1.0	0.709	0.783	0.026	False	True	9951	2964	7.948949854286002	10476	2957	8.171057655593739	0.231672394043528	0.1432798778159603	618	623	0.0741672819508182	True	False	
GAGGGTATCTGTCCCA	shared	CD4 T	CD4 T	1.0	0.744	0.827	0.08	False	True	CD4 T	CD4 T	1.0	0.738	0.822	0.097	False	True	12211	3438	5.486856113340431	12929	3469	5.445123366076262	0.2677701291669889	0.1444813984066826	392	387	0.0824227804908368	True	False	
GAGTCATAGGGTTGCA	shared	B	B	1.0	0.641	0.754	0.018	False	True	B	B	1.0	0.634	0.752	0.022	False	True	6618	2445	13.04019341190692	6922	2449	13.262062987575844	0.3838485986709044	0.1038717133776365	1020	1021	0.0647840773482294	True	False	
GAGTGAGGTCGGCTAC	shared	B	B	1.0	0.679	0.792	0.012	False	True	B	B	1.0	0.673	0.789	0.017	False	True	8407	2881	7.2915427619840605	8831	2895	7.337787340052089	0.3261238817800928	0.1256935794360774	845	843	0.0709775028159906	True	False	
GAGTGTTCACAAGCTT	shared	B	B	1.0	0.655	0.771	0.011	False	True	B	B	1.0	0.648	0.769	0.017	False	True	7574	2600	9.321362556113018	7995	2644	9.393370856785491	0.3360850531582239	0.1104440275171982	941	938	0.0780325834969519	True	False	
GAGTGTTGTACGTAGG	shared	CD8 T	CD8 T	1.0	0.69	0.764	0.088	False	True	CD8 T	CD8 T	1.0	0.685	0.759	0.088	False	True	7725	3025	4.724919093851133	8064	3017	4.910714285714286	0.3311011904761904	0.1602182539682539	928	931	0.0619528558110738	True	False	
GAGTTACAGACGACGT	shared	CD4 T	CD4 T	1.0	0.741	0.819	0.067	False	True	CD4 T	CD4 T	1.0	0.735	0.817	0.057	False	True	11313	3396	6.673738177318129	11874	3426	6.75425298972545	0.2731177362304194	0.1426646454438268	468	471	0.0698184373492602	True	False	
GAGTTGTAGCGTTACT	shared	CD14 Mono	CD14 Mono	1.0	0.826	0.888	0.045	False	True	CD14 Mono	CD14 Mono	1.0	0.819	0.885	0.034	False	True	22148	5171	6.731984829329962	23164	5152	6.786392678293904	0.2878604731479882	0.117855292695562	96	97	0.0647051180201616	True	False	
GAGTTGTAGTGCGTCC	shared	CD14 Mono	CD14 Mono	1.0	0.712	0.778	0.032	False	True	CD14 Mono	CD14 Mono	1.0	0.704	0.774	0.034	False	True	7226	2786	9.88098533075007	7527	2768	9.964129135113591	0.2960010628404411	0.1238209113856782	977	981	0.0588697337689099	True	False	
GAGTTGTCACGGTGCT	shared	CD8 T	CD8 T	1.0	0.687	0.748	0.032	False	True	CD8 T	CD8 T	1.0	0.682	0.749	0.034	False	True	7732	2972	8.341955509570615	8165	3009	8.364972443355787	0.3240661359461114	0.1513778322106552	925	922	0.0786013545153182	True	False	
GATAGCTGTCGGAAAC	shared	CD14 Mono	CD14 Mono	1.0	0.813	0.871	0.032	False	True	CD14 Mono	CD14 Mono	1.0	0.807	0.868	0.045	False	True	19853	4782	7.33390419583942	20994	4819	7.344955701629037	0.262170143850624	0.1309898066114128	148	140	0.0806160906886844	True	False	
GATAGCTGTCTGTTAG	shared	CD4 T	CD4 T	1.0	0.701	0.754	0.021	False	True	CD4 T	CD4 T	1.0	0.694	0.751	0.019	False	True	8673	3231	5.246166263115415	9119	3246	5.3185656321965125	0.3360017545783529	0.1545125562013378	808	807	0.0723363811890011	True	False	
GATAGCTTCGTGCAGC	shared	B	B	1.0	0.618	0.709	0.014	False	True	B	B	1.0	0.613	0.707	0.017	False	True	4524	1937	6.05658709106985	4574	1900	6.209007433318758	0.2470485351989506	0.1493222562308701	1105	1110	0.015853951200837	True	False	
GATCACACACCCTGTT	shared	CD4 T	CD4 T	0.875	0.812	0.846	0.019	False	True	CD4 T	CD4 T	1.0	0.806	0.845	0.029	False	True	69324	8132	9.735445156078702	73739	8240	9.757387542548718	0.2310175076960631	0.113806805082792	2	1	0.0890717051669769	True	False	
GATCAGTAGGAACATT	shared	B	B	1.0	0.691	0.801	0.012	False	True	B	B	1.0	0.685	0.8	0.013	False	True	8983	2805	7.35834353779361	9395	2802	7.376263970196913	0.3312400212879191	0.1247472059606173	764	770	0.0646887856115958	True	False	
GATCAGTAGTGCGCTC	shared	CD4 T	CD4 T	1.0	0.743	0.817	0.073	False	True	CD4 T	CD4 T	1.0	0.737	0.815	0.045	False	True	11433	3572	4.644450275518237	12026	3571	4.814568435057375	0.2518709462830534	0.1446865125561283	459	461	0.0729466279381731	True	False	
GATCAGTGTTACAGCT	shared	CD14 Mono	CD14 Mono	0.733	0.546	0.594	0.034	False	False	FCGR3A Mono	CD14 Mono	0.714	0.524	0.605	0.032	False	False	5409	1938	41.72675171011277	5795	1955	41.087144089732526	0.3304572907679033	0.0954270923209663	1080	1077	0.0994290008427518	True	False	
GATCATGAGGCCTAAG	shared	CD4 T	CD4 T	1.0	0.745	0.822	0.027	False	True	CD4 T	CD4 T	1.0	0.737	0.819	0.027	False	True	12827	3669	7.000857566071568	13399	3667	7.082618105828793	0.2990521680722442	0.1358310321665796	352	351	0.0629367417908502	True	False	
GATCCCTAGAGGATGA	shared	CD4 T	CD4 T	1.0	0.707	0.802	0.029	False	True	CD4 T	CD4 T	0.964	0.699	0.797	0.024	False	True	9842	2964	5.710221499695184	10364	2982	5.827865688923196	0.2871478193747588	0.139521420301042	642	642	0.0745501167572011	True	False	
GATCCCTGTAATTAGG	shared	CD4 T	CD4 T	1.0	0.692	0.788	0.017	False	True	CD4 T	CD4 T	1.0	0.687	0.787	0.019	False	True	9813	3100	6.165290940589014	10382	3108	6.154883452128685	0.3149682142169139	0.1397611250240801	647	639	0.0813101708183764	True	False	
GATCGTACAGCGCGTT	shared	CD4 T	CD4 T	1.0	0.737	0.805	0.024	False	True	CD4 T	CD4 T	0.905	0.733	0.803	0.029	False	True	11264	3540	7.901278409090909	11735	3542	7.933532168726034	0.2851299531316574	0.1492117596932254	473	478	0.0590934625505995	True	False	
GATCGTATCTCTGGTC	shared	NK	NK	1.0	0.67	0.741	0.08	False	True	NK	NK	1.0	0.665	0.746	0.073	False	True	6415	2739	8.38659392049883	6741	2737	8.381545764723334	0.3223557335706868	0.1390001483459427	1033	1031	0.0715024855292899	True	False	
GATGACTAGAGGTTAT	shared	B	B	1.0	0.546	0.645	0.012	False	True	B	B	1.0	0.541	0.643	0.016	False	True	2470	1351	5.425101214574899	2596	1347	5.392912172573189	0.3855932203389831	0.1267334360554699	1158	1158	0.071751003349623	False	True	9.999000099990002e-05
GATGACTTCGTGGCGT	shared	CD4 T	CD4 T	1.0	0.719	0.796	0.022	False	True	CD4 T	CD4 T	0.933	0.712	0.792	0.018	False	True	9923	3408	4.766703617857503	10441	3410	4.903744852025668	0.3011205823197012	0.1461545828943588	624	631	0.073404423455497	True	False	
GATGACTTCTCTAGGA	shared	B	B	1.0	0.656	0.764	0.022	False	True	B	B	1.0	0.65	0.762	0.029	False	True	9198	3029	6.370950206566645	9644	3030	6.428867689755288	0.5055993363749481	0.1253629199502281	728	729	0.0683042003062401	True	False	
GATGAGGCAAATGCGG	shared	CD4 T	CD4 T	1.0	0.688	0.775	0.021	False	True	CD4 T	CD4 T	1.0	0.681	0.774	0.018	False	True	7335	2343	7.825494205862304	7728	2349	8.00983436853002	0.2094979296066252	0.1354813664596273	965	964	0.0752881273042372	True	False	
GATGATCGTATGGAAT	shared	NK	NK	1.0	0.682	0.748	0.007	False	True	CD8 T	CD8 T	1.0	0.676	0.752	0.007	False	True	7053	2700	7.287679001843188	7415	2695	7.349966284558327	0.2954821308159137	0.1428186109238031	993	990	0.072199668199279	True	False	
GATGATCGTGTAACGG	shared	B	B	1.0	0.686	0.781	0.016	False	True	B	B	1.0	0.681	0.778	0.022	False	True	8793	3076	3.8325941089503015	9130	3057	3.855421686746988	0.3512595837897043	0.1198247535596933	796	805	0.0542533359873235	True	False	
GATGCTAGTACAGGTG	shared	CD8 T	CD8 T	0.905	0.691	0.772	0.08	False	True	CD8 T	CD8 T	0.828	0.686	0.764	0.136	False	True	8192	2769	7.2265625	8611	2790	7.223319010567878	0.3013587272093833	0.1408663337591452	872	874	0.0719565046807912	True	False	
GATGCTATCCTACGAA	shared	CD8 T	CD8 T	0.875	0.553	0.635	0.022	False	True	CD8 T	CD8 T	0.8	0.543	0.621	0.024	False	True	4589	2150	12.747875354107649	4775	2157	12.942408376963352	0.5082722513089005	0.1442931937172774	1103	1104	0.0573086829636348	True	False	
GATGGAGAGCCAGACA	shared	B	B	1.0	0.774	0.833	0.036	False	True	B	B	1.0	0.765	0.832	0.042	False	True	16894	4205	11.29395051497573	17962	4263	11.268232936198642	0.2906691905133058	0.1188063690012248	218	208	0.0884319641478283	True	False	
GATGGAGCACTTGAAC	shared	CD4 T	CD4 T	1.0	0.755	0.825	0.067	False	True	CD4 T	CD4 T	1.0	0.748	0.82	0.067	False	True	12360	3764	4.757281553398058	13009	3759	4.781305250211392	0.2877238834652932	0.145514643708202	379	380	0.0738255006352179	True	False	
GATGGAGTCTGCGGCA	shared	CD4 T	CD4 T	0.842	0.697	0.783	0.039	False	True	CD4 T	CD4 T	0.955	0.692	0.783	0.036	False	True	8969	2893	7.024194447541532	9426	2901	7.023127519626565	0.2711648631444939	0.1354763420326755	766	765	0.0716907429431735	True	False	
GATGGAGTCTTCCAGC	shared	CD14 Mono	CD14 Mono	1.0	0.749	0.812	0.049	False	True	CD14 Mono	CD14 Mono	1.0	0.744	0.811	0.045	False	True	8793	3247	7.676560900716479	9049	3234	7.8240689578959	0.3195933252293071	0.1225549784506575	796	816	0.0413982596452829	True	False	
GATTCGAGTCGCACGT	shared	Low quality (no markers)	Low quality (no markers)	0.895	0.254	0.5	0.013	False	False	Low quality (no markers)	Low quality (no markers)	0.9	0.241	0.536	0.013	False	False	872	291	59.74770642201835	929	284	59.09580193756727	0.2142088266953713	0.092572658772874	1202	1204	0.0912490623659536	False	True	9.999000099990002e-05
GATTCTTGTACAGTCT	shared	CD8 T	CD8 T	0.714	0.723	0.799	0.108	False	True	CD8 T	CD8 T	0.833	0.719	0.797	0.097	False	True	11043	3423	5.958525762926741	11661	3444	6.157276391390104	0.3390789812194494	0.1550467369865363	490	484	0.0785524348350824	True	False	
GATTGGTAGGCTGGAT	shared	NK	NK	1.0	0.43	0.505	0.019	False	True	CD8 T	CD8 T	0.929	0.423	0.495	0.013	False	True	3946	1660	18.525088697415104	4147	1676	18.56763925729443	0.6047745358090185	0.1157463226428743	1123	1124	0.0716593749201223	True	False	
GATTGGTGTTGAGAGC	shared	CD4 T	CD4 T	1.0	0.731	0.796	0.027	False	True	CD4 T	CD4 T	1.0	0.724	0.793	0.042	False	True	9880	3239	8.714574898785425	10375	3245	8.828915662650603	0.2618795180722891	0.1286746987951807	632	640	0.0705214234036541	True	False	
GATTTCTCAAGTGGGT	shared	CD8 T	CD8 T	0.952	0.715	0.779	0.042	False	True	CD8 T	CD8 T	1.0	0.709	0.776	0.057	False	True	9137	3262	5.548867243077597	9581	3283	5.563093622795115	0.3060223358730821	0.1592735622586369	737	739	0.0684483709239403	True	False	
GATTTCTGTCGTCGGT	shared	CD8 T	CD8 T	0.8	0.387	0.456	0.027	False	False	CD8 T	CD8 T	1.0	0.379	0.451	0.034	False	False	2001	983	34.682658670664665	2115	983	35.69739952718676	0.3933806146572104	0.0936170212765957	1165	1166	0.0798976532780321	False	True	9.999000099990002e-05
GATTTCTTCCTTCAGC	shared	B	B	1.0	0.676	0.785	0.018	False	True	B	B	1.0	0.672	0.783	0.017	False	True	9637	3316	5.302480024904016	10003	3321	5.378386484054784	0.4663600919724083	0.1251624512646206	663	678	0.0537712564409807	True	False	
GCAACCGTCATTTCCA	shared	CD8 T	CD8 T	1.0	0.693	0.74	0.021	False	True	CD8 T	CD8 T	1.0	0.687	0.738	0.022	False	True	8453	3404	4.081391222051343	8878	3404	4.212660509123676	0.3472628970488849	0.1355034917774273	836	835	0.0707630894003899	True	False	
GCAACCGTCGAACGGA	shared	B	B	1.0	0.694	0.786	0.029	False	True	B	B	1.0	0.687	0.783	0.026	False	True	8344	2833	8.269415148609779	8896	2858	8.363309352517986	0.2810251798561151	0.1378147482014388	853	832	0.092406902812602	True	False	
GCACGGTAGTAGTCTC	shared	CD4 T	CD4 T	1.0	0.737	0.82	0.053	False	True	CD4 T	CD4 T	1.0	0.73	0.816	0.042	False	True	11639	3483	4.2443508892516535	12257	3503	4.421962959941258	0.2890593130456066	0.141551766337603	434	438	0.0746325516587373	True	False	
GCACGGTCACCCAACG	shared	B	B	1.0	0.675	0.765	0.034	False	True	B	B	1.0	0.669	0.763	0.027	False	True	7783	2826	12.077605036618271	8203	2815	12.154089967085213	0.3379251493356089	0.1280019505059124	919	914	0.0758157816987405	True	False	
GCACGTGTCAGACATC	shared	NK	NK	1.0	0.667	0.749	0.007	False	True	NK	NK	1.0	0.659	0.773	0.007	False	True	8245	3371	5.554881746513038	8637	3395	5.673266180386708	0.3890239666550886	0.1338427694801435	869	868	0.0670028553189572	True	False	
GCAGCCAAGAGGTCAC	shared	B	B	1.0	0.713	0.808	0.022	False	True	B	B	1.0	0.705	0.805	0.018	False	True	10067	3221	7.59908612297606	10560	3201	7.566287878787879	0.3452651515151515	0.124810606060606	607	611	0.0689693254651183	True	False	
GCAGCCACATACATCG	shared	B	B	1.0	0.678	0.789	0.017	False	True	B	B	1.0	0.673	0.786	0.021	False	True	9048	2932	6.21131741821397	9513	2953	6.223063176705561	0.3870493009565857	0.1258278145695364	758	752	0.0722936557292393	True	False	
GCAGCCAGTTGCGTAT	shared	B	B	1.0	0.729	0.813	0.01	False	True	B	B	1.0	0.722	0.809	0.011	False	True	11882	3638	8.129944453795657	12564	3666	8.150270614453996	0.3195638331741484	0.131168417701369	415	410	0.080511564142242	True	False	
GCAGCCATCACCGGGT	shared	NK	NK	1.0	0.706	0.772	0.01	False	True	CD8 T	CD8 T	1.0	0.699	0.769	0.01	False	True	8737	2989	7.451070161382626	9166	3000	7.538730089461052	0.2638010037093606	0.1455378572987126	803	804	0.0691465677053986	True	False	
GCAGCTGGTAAGTTAG	shared	CD14 Mono	CD14 Mono	1.0	0.825	0.888	0.034	False	True	CD14 Mono	CD14 Mono	1.0	0.82	0.886	0.042	False	True	24678	5368	5.462355134127563	25697	5391	5.529828384636339	0.3561505234074016	0.1223489123243958	59	60	0.0583721457986636	True	False	
GCAGCTGGTGGGTCAA	shared	B	B	1.0	0.691	0.794	0.021	False	True	B	B	1.0	0.685	0.792	0.027	False	True	8468	2952	7.900330656589514	8892	2963	7.973459289248763	0.3476158344579397	0.1333783175888439	834	834	0.0704785561395155	True	False	
GCAGCTGTCAAAGCCT	shared	pDC	pDC	0.538	0.731	0.9	0.088	False	True	pDC	pDC	0.5	0.726	0.897	0.088	False	True	23291	5497	2.524580309990984	24433	5552	2.5416444971964145	0.3978635452052552	0.1310522653787909	85	82	0.069055537336713	True	False	
GCAGCTGTCCTTCTGG	shared	NK	NK	1.0	0.728	0.798	0.009	False	True	CD8 T	CD8 T	1.0	0.721	0.8	0.009	False	True	10399	3267	9.116261178959515	11008	3296	9.038880813953488	0.2935138081395348	0.1353561046511628	576	567	0.0820998996129041	True	False	
GCAGTTACACATTCTT	shared	CD14 Mono	CD14 Mono	1.0	0.719	0.784	0.039	False	True	CD14 Mono	CD14 Mono	1.0	0.71	0.779	0.049	False	True	7329	2840	7.995633783599399	7597	2829	8.187442411478216	0.3061734895353429	0.1264973015664078	966	972	0.0518065136438482	True	False	
GCAGTTATCTCTCTTC	shared	FCGR3A Mono	FCGR3A Mono	1.0	0.781	0.88	0.034	False	True	FCGR3A Mono	FCGR3A Mono	1.0	0.776	0.877	0.034	False	True	21778	4837	4.830562953439251	22868	4874	4.919538219345811	0.3763337414728004	0.1343361903096029	106	104	0.0704555688538232	True	False	
GCATCGGGTAACGATA	shared	CD14 Mono	CD14 Mono	1.0	0.756	0.833	0.034	False	True	CD14 Mono	CD14 Mono	1.0	0.75	0.83	0.032	False	True	17966	4685	10.603361905822108	18503	4698	10.814462519591418	0.4299302815759606	0.1104685726638923	186	191	0.0424876329366475	True	False	
GCCAACGTCTAACGCA	shared	NK	NK	1.0	0.701	0.776	0.01	False	True	NK	NK	1.0	0.696	0.798	0.01	False	True	10048	3690	5.692675159235669	10520	3707	5.70342205323194	0.3612167300380228	0.1461026615969581	610	617	0.066219893908029	True	False	
GCCAACGTCTGCATAG	shared	CD14 Mono	CD14 Mono	1.0	0.799	0.868	0.053	False	True	CD14 Mono	CD14 Mono	1.0	0.793	0.865	0.045	False	True	17018	4571	5.564696204019274	17733	4566	5.588450910731405	0.3120735352168274	0.134833361529352	214	216	0.0593717107988963	True	False	
GCCAGGTGTTAGAAAC	shared	CD4 T	CD4 T	1.0	0.744	0.833	0.049	False	True	CD4 T	CD4 T	1.0	0.74	0.832	0.049	False	True	12545	3491	5.555998405739339	13272	3527	5.537974683544304	0.2588908981314045	0.1403707052441229	370	360	0.0812670217081582	True	False	
GCCAGTGAGTCCTACA	shared	B	B	1.0	0.658	0.759	0.017	False	True	B	B	1.0	0.652	0.756	0.019	False	True	7079	2673	5.735273343692612	7402	2670	5.782221021345582	0.3149148878681437	0.1395568765198594	991	993	0.0643606682772546	True	False	
GCCGATGAGGCGAAGG	shared	Low quality (no markers)	Low quality (no markers)	1.0	0.234	0.894	0.024	False	False	Low quality (no markers)	Low quality (no markers)	1.0	0.218	0.897	0.021	False	False	1833	43	97.87234042553192	2059	51	92.61777561923265	0.0539096648858669	0.0029140359397765	1171	1168	0.1676506984755263	False	True	9.999000099990002e-05
GCCGATGAGTAACCTC	shared	CD4 T	CD4 T	1.0	0.688	0.773	0.022	False	True	CD4 T	CD4 T	1.0	0.683	0.771	0.016	False	True	7913	2755	5.472008087956527	8266	2746	5.516573917251392	0.3014759254778611	0.1497701427534478	904	910	0.0629568214820605	True	False	
GCCGATGCATCTTTCA	shared	B	B	1.0	0.675	0.779	0.014	False	True	B	B	1.0	0.669	0.775	0.014	False	True	8774	3070	6.302712559835879	9299	3116	6.258737498655769	0.4196150123669211	0.1406602860522637	799	788	0.0838315908034707	True	False	
GCCGTGACAACGACTT	shared	CD14 Mono	CD14 Mono	1.0	0.754	0.82	0.029	False	True	CD14 Mono	CD14 Mono	1.0	0.747	0.817	0.019	False	True	9335	3269	6.26673808248527	9696	3275	6.229372937293729	0.2940387788778877	0.1240717821782178	705	721	0.0547339228986062	True	False	
GCCGTGACATGCCGGT	shared	NK	NK	0.882	0.73	0.79	0.088	False	True	CD8 T	CD8 T	1.0	0.723	0.794	0.053	False	True	10292	3128	7.063738826272833	10688	3103	7.138847305389222	0.2153817365269461	0.1467065868263473	587	601	0.0544633575756449	True	False	
GCCGTGAGTCAGTCCG	shared	Platelet	Platelet	0.929	0.308	0.743	0.08	False	True	Platelet	Platelet	0.929	0.306	0.74	0.073	False	True	3098	1088	1.3234344738540995	3245	1093	1.3559322033898304	0.0314329738058551	0.122342064714946	1141	1141	0.0668602449617557	False	True	9.999000099990002e-05
GCCTGTTCACAGTCAT	shared	CD14 Mono	CD14 Mono	1.0	0.817	0.867	0.029	False	True	CD14 Mono	CD14 Mono	1.0	0.811	0.864	0.032	False	True	19179	4771	6.7730330048490535	19983	4771	6.925887003953361	0.3303307811639894	0.1237051493769704	166	167	0.0592426617024641	True	False	
GCGAGAAAGTTGTAGA	shared	FCGR3A Mono	FCGR3A Mono	0.643	0.786	0.861	0.042	False	True	FCGR3A Mono	FCGR3A Mono	0.857	0.781	0.859	0.036	False	True	15523	4207	7.266636603749276	16303	4234	7.329939274980065	0.2968165368337115	0.1322455989695148	250	250	0.0707256183803657	True	False	
GCGAGAATCCTCAGAA	shared	CD4 T	CD4 T	1.0	0.694	0.784	0.039	False	True	CD4 T	CD4 T	1.0	0.687	0.78	0.027	False	True	8795	3031	5.980670835702104	9302	3049	5.987959578585251	0.3155235433240163	0.1488927112448935	794	787	0.0808484224788104	True	False	
GCGGAAAGTGTGTCCG	shared	CD8 T	CD8 T	1.0	0.699	0.764	0.032	False	True	CD8 T	CD8 T	1.0	0.692	0.765	0.032	False	True	7999	2951	6.1632704088011	8436	2954	6.187766714082503	0.2795163584637269	0.1442626837363679	899	895	0.0767301014781435	True	False	
GCGGATCAGCAACTTC	shared	CD14 Mono	CD14 Mono	1.0	0.743	0.811	0.036	False	True	CD14 Mono	CD14 Mono	1.0	0.737	0.808	0.019	False	True	9071	3127	8.896483298423547	9448	3101	8.943691786621507	0.2941363251481795	0.125	751	763	0.058741014833532	True	False	
GCGTTTCAGTCTAGCT	shared	CD8 T	CD8 T	0.75	0.575	0.657	0.045	False	True	CD8 T	CD8 T	0.824	0.568	0.65	0.032	False	True	3157	1660	2.565726955970858	3357	1688	2.5022341376228776	0.419124218051832	0.1590705987488829	1140	1140	0.088591059076793	False	True	9.999000099990002e-05
GCTACAAGTCAGCTTA	shared	B	B	1.0	0.42	0.521	0.011	False	True	B	B	1.0	0.414	0.519	0.012	False	True	4205	1700	19.14387633769322	4471	1688	19.39163498098859	0.5732498322522925	0.1234623126817266	1116	1115	0.0884713381114108	True	False	
GCTACCTCACGCACCA	shared	CD14 Mono	CD14 Mono	1.0	0.812	0.875	0.034	False	True	CD14 Mono	CD14 Mono	1.0	0.807	0.872	0.042	False	True	19112	4886	4.055043951444119	19745	4919	4.087110660926817	0.3349202329703722	0.1247404406178779	168	172	0.047006189018148	True	False	
GCTACCTGTCCTACAA	shared	CD14 Mono	CD14 Mono	1.0	0.809	0.882	0.039	False	True	CD14 Mono	CD14 Mono	1.0	0.805	0.88	0.042	False	True	20427	4809	5.174523914426984	21352	4843	5.17515923566879	0.3130854252529037	0.123267141251405	132	132	0.063890812056112	True	False	
GCTGAATAGCACTCTA	shared	B	B	1.0	0.735	0.819	0.014	False	True	B	B	1.0	0.729	0.818	0.018	False	True	12712	3517	5.601006922592826	13378	3508	5.6361190013454925	0.25272835999402	0.1441919569442368	358	356	0.0736657710736816	True	False	
GCTGAATCACACGGAA	shared	B	B	1.0	0.703	0.801	0.036	False	True	B	B	1.0	0.696	0.797	0.029	False	True	10923	3257	7.955689828801611	11484	3272	7.985022640195054	0.3336816440264716	0.1259143155694879	503	505	0.0722496374999997	True	False	
GCTGAATTCGTTAGTG	shared	CD14 Mono	CD14 Mono	1.0	0.796	0.858	0.029	False	True	CD14 Mono	CD14 Mono	1.0	0.788	0.855	0.034	False	True	15461	4270	6.7718776275790695	16285	4311	6.791525944120356	0.2839422781700951	0.132330365366902	253	251	0.0749053644057437	True	False	
GCTGCAGAGGGCAGAG	shared	B	B	1.0	0.74	0.816	0.008	False	True	B	B	1.0	0.734	0.813	0.014	False	True	13345	4066	6.099662795054328	14066	4075	6.057159107066686	0.352907720745059	0.120716621640836	318	314	0.0759072759289595	True	False	
GCTGCAGGTGCTGATT	shared	CD4 T	CD4 T	1.0	0.73	0.815	0.073	False	True	CD4 T	CD4 T	1.0	0.724	0.813	0.097	False	True	11590	3389	4.408973252804142	12213	3423	4.396954065340212	0.2869892737247195	0.1497584541062802	440	440	0.0755307117487542	True	False	
GCTGCAGGTTGACGGA	shared	CD14 Mono	CD14 Mono	1.0	0.795	0.865	0.049	False	True	CD14 Mono	CD14 Mono	1.0	0.79	0.862	0.049	False	True	14700	4016	6.374149659863946	15359	4043	6.393645419623674	0.2912950061852985	0.1257243310111335	271	275	0.0632639218156705	True	False	
GCTGGGTAGTACAACA	shared	NK	NK	1.0	0.638	0.724	0.009	False	True	NK	NK	1.0	0.629	0.746	0.007	False	True	7267	3072	6.192376496490986	7635	3088	6.260641781270465	0.3836280288146693	0.1548133595284872	972	970	0.0712586831698219	True	False	
GCTTCACCAACACGAG	shared	CD14 Mono	cDC	0.591	0.839	0.873	0.062	False	True	CD14 Mono	cDC	0.524	0.834	0.871	0.057	False	True	29623	6015	5.9683354150491175	31174	6052	6.040289985244113	0.3156476550971964	0.1209020337460704	21	21	0.073623105432765	True	False	
GCTTGGGAGAAGGTAG	shared	CD14 Mono	CD14 Mono	0.909	0.837	0.877	0.027	False	True	CD14 Mono	CD14 Mono	0.889	0.831	0.876	0.036	False	True	24323	5472	8.304896599925996	25616	5495	8.389287945034354	0.2970799500312305	0.1169971892567145	64	61	0.0747210373039037	True	False	
GCTTTCGAGTGCAAAT	shared	CD14 Mono	CD14 Mono	1.0	0.794	0.861	0.053	False	True	CD14 Mono	CD14 Mono	1.0	0.789	0.858	0.073	False	True	15883	4392	7.083044764842914	16588	4412	7.161803713527852	0.288280684832409	0.1204485170002411	241	242	0.0626526559713491	True	False	
GCTTTCGGTTCGGGTC	shared	CD4 T	CD4 T	1.0	0.706	0.792	0.062	False	True	CD4 T	CD4 T	1.0	0.7	0.787	0.062	False	True	8895	2978	7.240022484541877	9347	2987	7.403444955600728	0.3381833743447095	0.1380121964266609	776	776	0.0715009460593178	True	False	
GCTTTCGTCCGGTAGC	shared	CD4 T	CD4 T	0.737	0.743	0.815	0.053	False	True	CD4 T	CD4 T	0.81	0.738	0.813	0.053	False	True	10803	3152	8.988244006294547	11312	3168	9.07001414427157	0.2534476661951909	0.1371994342291372	514	523	0.0664160113538532	True	False	
GCTTTCGTCTGGGTCG	shared	CD14 Mono	CD14 Mono	1.0	0.828	0.878	0.026	False	True	CD14 Mono	CD14 Mono	0.955	0.824	0.876	0.026	False	True	25152	5451	5.79675572519084	26405	5507	5.794357129331566	0.3166067032758947	0.1209619390266995	56	53	0.0701352969387544	True	False	
GGAACCCAGCCATTTG	shared	CD14 Mono	CD14 Mono	1.0	0.81	0.878	0.036	False	True	CD14 Mono	CD14 Mono	1.0	0.804	0.876	0.029	False	True	21450	5020	5.533799533799534	22155	5014	5.642067253441661	0.3227713834348905	0.1155044008124576	110	121	0.0466525389467343	True	False	
GGAACCCTCTAATTCC	shared	B	B	1.0	0.686	0.795	0.014	False	True	B	B	1.0	0.681	0.79	0.014	False	True	9274	3189	8.022428294155704	9705	3203	8.119526017516744	0.4061823802163833	0.117774343122102	718	718	0.0655295783686699	True	False	
GGAAGTGCAACCCTCT	shared	CD14 Mono	CD14 Mono	1.0	0.732	0.803	0.027	False	True	CD14 Mono	CD14 Mono	1.0	0.725	0.8	0.029	False	True	8387	2912	7.821628711100512	8595	2897	8.051192553810354	0.3072716695753344	0.1187899941826643	850	875	0.035338621331191	True	False	
GGAATCTCAAACTGCT	shared	CD4 T	CD4 T	0.95	0.735	0.815	0.042	False	True	CD4 T	CD4 T	0.957	0.73	0.813	0.036	False	True	11703	3372	5.5797658719986325	12335	3364	5.707336846372112	0.2859343331982165	0.1582488852857722	427	430	0.0758729957765474	True	False	
GGAATCTTCAATCTCT	shared	CD4 T	CD4 T	1.0	0.765	0.84	0.036	False	True	CD4 T	CD4 T	1.0	0.76	0.836	0.053	False	True	16086	4183	5.023001367648887	16991	4202	5.032075804837856	0.317462185863104	0.1430757459831675	238	233	0.0789603625122502	True	False	
GGAATGGAGGACTAAT	shared	CD14 Mono	CD14 Mono	1.0	0.799	0.851	0.026	False	True	CD14 Mono	CD14 Mono	1.0	0.793	0.846	0.024	False	True	18154	4844	5.50291946678418	18922	4845	5.543811436423211	0.2921995560722968	0.1306944297642955	182	185	0.0597738975467579	True	False	
GGAATGGCACGACGCT	shared	CD8 T	CD8 T	0.867	0.611	0.69	0.013	False	True	CD8 T	CD8 T	0.733	0.601	0.681	0.012	False	True	4319	1746	13.89210465385506	4597	1760	13.878616489014576	0.2817054600826626	0.1531433543615401	1111	1108	0.089975153667349	True	False	
GGACGTCGTTCAACGT	shared	CD14 Mono	CD14 Mono	1.0	0.814	0.877	0.039	False	True	CD14 Mono	CD14 Mono	1.0	0.808	0.874	0.045	False	True	17697	4512	8.317793976380177	18387	4534	8.440746179365856	0.2764453146244629	0.1209550225702942	191	196	0.055178236558542	True	False	
GGAGAACGTGCCCACA	shared	CD14 Mono	CD14 Mono	1.0	0.638	0.719	0.013	False	True	CD14 Mono	CD14 Mono	1.0	0.631	0.717	0.012	False	True	4312	1861	9.346011131725415	4510	1860	9.534368070953438	0.3368070953436807	0.1374722838137472	1112	1112	0.0647555699848527	True	False	
GGAGGATGTATGAAAC	shared	CD14 Mono	CD14 Mono	1.0	0.778	0.837	0.042	False	True	CD14 Mono	CD14 Mono	1.0	0.77	0.834	0.039	False	True	12057	3749	7.6718918470598	12696	3761	7.742596093257719	0.2335381222432262	0.126339004410838	404	402	0.0744970281473643	True	False	
GGAGGTAAGGCGTTGA	shared	CD14 Mono	CD14 Mono	1.0	0.776	0.847	0.045	False	True	CD14 Mono	CD14 Mono	1.0	0.77	0.844	0.036	False	True	13558	3831	7.545360672665585	14149	3845	7.668386458406955	0.2834829316559474	0.1187363064527528	304	308	0.0615512719457491	True	False	
GGAGGTATCTGGTGCG	shared	CD14 Mono	CD14 Mono	1.0	0.673	0.749	0.016	False	True	CD14 Mono	CD14 Mono	1.0	0.668	0.748	0.01	False	True	5314	2183	10.350018818216034	5529	2160	10.526315789473683	0.2971604268402966	0.107433532284319	1081	1082	0.0572097887036022	True	False	
GGATCTAAGCAATTCC	shared	Low quality (no markers)	Low quality (no markers)	0.933	0.256	0.46	0.013	False	False	Low quality (no markers)	Low quality (no markers)	1.0	0.247	0.477	0.018	False	False	780	321	47.69230769230769	828	324	46.98067632850242	0.1944444444444444	0.1533816425120772	1213	1214	0.0860495533537711	False	True	9.999000099990002e-05
GGATCTAGTGCCTGCA	shared	Platelet	Platelet	0.857	0.217	0.653	0.088	False	True	Platelet	Platelet	0.917	0.215	0.658	0.088	False	True	846	453	3.4278959810874703	911	457	3.512623490669594	0.0559824368825466	0.1350164654226125	1207	1208	0.1066718548325429	False	True	9.999000099990002e-05
GGATCTATCACCTACC	shared	CD8 T	CD4 T	0.609	0.708	0.78	0.088	False	True	CD4 T	CD4 T	0.727	0.703	0.776	0.08	False	True	9730	3159	7.399794450154163	10240	3179	7.6171875	0.31982421875	0.1666015625	656	651	0.0736966212748387	True	False	
GGATCTATCATAAGGA	shared	NK	NK	1.0	0.709	0.78	0.006	False	True	CD8 T	CD8 T	1.0	0.701	0.778	0.008	False	True	9278	3069	7.512394912696702	9778	3072	7.578236858253222	0.2602781754960114	0.1555532828799345	716	709	0.0757176086566464	True	False	
GGATGTTAGCCGGATA	shared	CD4 T	CD4 T	1.0	0.676	0.73	0.019	False	True	CD4 T	CD4 T	1.0	0.669	0.726	0.024	False	True	7454	2766	5.178427689830963	7799	2761	5.3981279651237335	0.3628670342351583	0.1654058212591357	957	957	0.0652657714661683	True	False	
GGCACGTAGGCCCGTT	shared	Low quality (no markers)	Low quality (no markers)	1.0	0.196	0.888	0.022	False	False	Low quality (no markers)	Low quality (no markers)	1.0	0.184	0.888	0.018	False	False	713	28	97.47545582047684	788	33	92.89340101522842	0.049492385786802	0.0025380710659898	1218	1219	0.1441012259843589	False	True	9.999000099990002e-05
GGCGTCACATTGTGCA	shared	CD8 T	CD8 T	1.0	0.615	0.699	0.022	False	True	CD8 T	CD8 T	1.0	0.606	0.685	0.019	False	True	5989	2669	10.869928201703122	6288	2686	10.973282442748092	0.4312977099236641	0.1442430025445292	1056	1057	0.0702746325746552	True	False	
GGCTGTGCAAAGCTAA	shared	NK	NK	1.0	0.565	0.642	0.007	False	True	NK	NK	1.0	0.556	0.662	0.008	False	True	3480	1960	3.5919540229885056	3686	1978	3.4725990233315245	0.4015192620727075	0.1446011937059142	1134	1134	0.0829456023701352	False	True	9.999000099990002e-05
GGCTGTGCACGGTGAA	shared	B	B	1.0	0.701	0.793	0.027	False	True	B	B	1.0	0.695	0.79	0.029	False	True	8965	3103	9.369771332961516	9388	3097	9.490839369407755	0.3292501065189603	0.1309118023008095	768	771	0.0665070086643394	True	False	
GGCTGTGGTCCACATA	shared	CD14 Mono	CD14 Mono	1.0	0.748	0.81	0.022	False	True	CD14 Mono	CD14 Mono	0.938	0.741	0.807	0.034	False	True	8967	3103	9.601873536299763	9403	3082	9.730936935020738	0.2793789216207593	0.1267680527491226	767	768	0.0684882608475946	True	False	
GGCTTGGCACCGAATT	shared	B	B	1.0	0.665	0.76	0.013	False	True	B	B	1.0	0.661	0.758	0.018	False	True	7716	2729	6.920684292379471	8082	2777	6.904231625835189	0.3574610244988864	0.1300420687948527	930	929	0.0668507419143053	True	False	
GGCTTGGGTAGATCGG	shared	B	B	1.0	0.71	0.799	0.018	False	True	B	B	1.0	0.703	0.798	0.019	False	True	9494	3010	7.899726142827049	10024	3003	7.950917797286512	0.264365522745411	0.1312849162011173	683	676	0.078362331192785	True	False	
GGCTTGGTCTTCTTCC	shared	CD14 Mono	CD14 Mono	0.875	0.662	0.722	0.026	False	True	CD14 Mono	CD14 Mono	1.0	0.655	0.721	0.034	False	True	4408	1884	13.067150635208712	4597	1866	13.291276919730258	0.2899717206874048	0.1261692408092234	1108	1108	0.0605549891024323	True	False	
GGGACAATCCGATCTC	shared	CD14 Mono	CD14 Mono	1.0	0.824	0.885	0.062	False	True	CD14 Mono	CD14 Mono	1.0	0.818	0.883	0.062	False	True	24024	5523	5.502830502830503	25036	5517	5.59993609202748	0.3419475954625339	0.1277760025563189	70	70	0.0595252740664875	True	False	
GGGACCTGTTAGGGAC	shared	CD8 T	CD8 T	0.571	0.421	0.494	0.019	False	True	CD8 T	CD8 T	0.857	0.418	0.483	0.021	False	True	4567	1924	12.393255966717758	4762	1924	12.725745485090298	0.6669466610667787	0.120327593448131	1104	1105	0.0603078980011793	True	False	
GGGACCTGTTCTTGTT	shared	CD8 T	CD8 T	1.0	0.746	0.829	0.053	False	True	CD8 T	CD8 T	1.0	0.74	0.819	0.053	False	True	15073	3958	5.652491209447356	15951	4007	5.773932668798195	0.3389129208200113	0.1330324117610181	261	258	0.0816750170612694	True	False	
GGGACTCCACATATCG	shared	CD8 T	CD8 T	0.815	0.7	0.778	0.032	False	True	CD8 T	CD8 T	0.65	0.694	0.77	0.027	False	True	8984	2853	7.602404274265361	9474	2862	7.652522693687988	0.2915347266202238	0.1436563225670255	763	759	0.0766074395485121	True	False	
GGGACTCCACGGGCTT	shared	CD14 Mono	CD14 Mono	0.938	0.832	0.879	0.062	False	True	CD14 Mono	CD14 Mono	0.889	0.826	0.877	0.053	False	True	23674	5373	6.61907577933598	24724	5407	6.714123928166964	0.2824785633392654	0.1146254651350914	74	74	0.0626060952907259	True	False	
GGGAGATCACGGGTAA	shared	CD8 T	CD8 T	0.92	0.703	0.779	0.073	False	True	CD8 T	CD8 T	0.895	0.699	0.776	0.067	False	True	8824	2718	7.717588395285585	9289	2716	7.923350199160297	0.2033588114974701	0.1409193669932177	790	792	0.0740823182241103	True	False	
GGGAGATTCACGGACC	shared	B	B	1.0	0.678	0.785	0.013	False	True	B	B	1.0	0.672	0.784	0.013	False	True	7712	2710	8.739626556016598	8169	2710	8.936222303831558	0.3390867915289509	0.1322071244950422	932	920	0.0830439674782334	True	False	
GGGAGTAAGCAGGCAT	shared	CD14 Mono	CD14 Mono	1.0	0.776	0.836	0.022	False	True	CD14 Mono	CD14 Mono	1.0	0.77	0.832	0.027	False	True	12588	3757	5.830950111217032	13148	3754	5.825981137815638	0.2810313355643444	0.1199421965317919	364	370	0.0627893967418303	True	False	
GGGAGTATCACCTCGT	shared	cDC	cDC	0.778	0.624	0.713	0.062	False	True	cDC	cDC	0.765	0.618	0.71	0.062	False	True	3276	1704	7.142857142857143	3447	1693	7.25268349289237	0.2738613286916159	0.116913257905425	1138	1138	0.0733841015463384	False	True	9.999000099990002e-05
GGGAGTATCTTAGCCC	shared	CD14 Mono	CD14 Mono	1.0	0.762	0.827	0.024	False	True	CD14 Mono	CD14 Mono	1.0	0.755	0.824	0.019	False	True	10437	3391	7.5883874676631216	10815	3372	7.720758206195099	0.2661118816458622	0.1223300970873786	571	585	0.0513217496616655	True	False	
GGGATCCAGGGCAATC	shared	NK	NK	1.0	0.649	0.722	0.019	False	True	NK	NK	1.0	0.641	0.732	0.019	False	True	6209	2738	10.275406667740375	6518	2741	10.309911015648971	0.3335378950598343	0.1554157717091132	1047	1045	0.0700574067945951	True	False	
GGGATGAAGGGAGGGT	shared	CD4 T	CD4 T	1.0	0.71	0.803	0.026	False	True	CD4 T	CD4 T	1.0	0.704	0.802	0.034	False	True	9334	2676	6.288836511677737	9855	2698	6.341958396752918	0.2310502283105023	0.1371892440385591	706	699	0.078352233581337	True	False	
GGGATGAAGTCCCGAC	shared	CD4 T	CD4 T	1.0	0.765	0.832	0.045	False	True	CD4 T	CD4 T	1.0	0.761	0.831	0.057	False	True	16361	4233	4.956909724344477	17254	4260	4.897415092152545	0.2242378578880259	0.1464008345890808	228	227	0.0766653676864586	True	False	
GGGCCATTCAGACCGC	shared	CD14 Mono	CD14 Mono	1.0	0.811	0.882	0.053	False	True	CD14 Mono	CD14 Mono	1.0	0.805	0.878	0.067	False	True	20037	4720	6.742526326296352	20915	4757	6.827635668180732	0.3146545541477408	0.1183361224001912	142	145	0.0618684554904629	True	False	
GGGCTACAGACCAAAT	shared	CD4 T	CD4 T	1.0	0.718	0.808	0.026	False	True	CD4 T	CD4 T	1.0	0.713	0.807	0.022	False	True	10433	3124	6.7286494776190935	10999	3144	6.836985180470952	0.2972088371670152	0.1436494226747886	572	568	0.0762111852716408	True	False	
GGGCTACAGGCAGTCA	shared	CD4 T	CD4 T	1.0	0.678	0.774	0.018	False	True	CD4 T	CD4 T	1.0	0.672	0.771	0.022	False	True	8254	2694	4.628059122849527	8699	2727	4.5637429589608	0.2773882055408667	0.1574893665938613	868	860	0.0757471858228327	True	False	
GGGCTCATCGCAATTG	shared	CD8 T	CD8 T	0.9	0.732	0.811	0.073	False	True	CD8 T	CD8 T	0.64	0.726	0.806	0.08	False	True	11850	3597	5.805907172995781	12533	3616	5.896433415782335	0.3165243756482885	0.1406686348041171	416	412	0.0808380978350186	True	False	
GGGTAGAAGTAGGGTC	shared	CD4 T	CD4 T	1.0	0.684	0.778	0.016	False	True	CD4 T	CD4 T	1.0	0.678	0.776	0.016	False	True	8109	2573	6.646935503761253	8590	2604	6.70547147846333	0.2763678696158324	0.1286379511059371	882	876	0.0831241576746411	True	False	
GGGTCACCAGGAGGTT	shared	CD4 T	CD4 T	1.0	0.7	0.771	0.034	False	True	CD4 T	CD4 T	1.0	0.695	0.77	0.034	False	True	8190	2892	6.459096459096459	8663	2935	6.475816691677248	0.2839662934318365	0.1328639039593674	873	865	0.0809936485926011	True	False	
GGGTCACGTCCTTAAG	shared	CD14 Mono	CD14 Mono	1.0	0.818	0.883	0.042	False	True	CD14 Mono	CD14 Mono	1.0	0.812	0.88	0.053	False	True	22302	5202	4.739485247959824	23262	5210	4.784627289141088	0.3365574757114608	0.1322328260682658	95	95	0.0607993773530776	True	False	
GGGTCACTCAATCTCT	SA_only	cDC	cDC	0.684	0.504	0.562	0.045	False	True	cDC	cDC	1.0	0.498	0.559	0.053	False	True	1309	815	7.257448433919022	1366	804	7.101024890190336	0.2737920937042459	0.1134699853587115	1180	1180	0.0614464311812473	False	True	9.999000099990002e-05
GGGTCACTCACAAGGG	shared	CD14 Mono	CD14 Mono	1.0	0.791	0.862	0.036	False	True	CD14 Mono	CD14 Mono	1.0	0.783	0.856	0.042	False	True	14196	4009	6.170752324598478	14834	4023	6.262639881353647	0.2983011999460698	0.1270055278414453	286	288	0.0634188240163323	True	False	
GGGTCTGAGTCAACAA	shared	CD14 Mono	CD14 Mono	1.0	0.516	0.589	0.01	False	True	CD14 Mono	CD14 Mono	1.0	0.512	0.59	0.009	False	True	1923	1058	15.080603224128966	2020	1051	15.445544554455443	0.2792079207920792	0.1193069306930693	1168	1170	0.0709605226096933	False	True	9.999000099990002e-05
GGGTCTGGTTTGAAAG	shared	CD4 T	CD4 T	1.0	0.698	0.772	0.042	False	True	CD4 T	CD4 T	1.0	0.692	0.768	0.045	False	True	8055	2931	7.163252638112973	8512	2962	7.272086466165414	0.3300046992481203	0.1463815789473684	893	887	0.0796039470882433	True	False	
GGGTCTGTCCCGTTCA	shared	CD14 Mono	CD14 Mono	1.0	0.746	0.812	0.036	False	True	CD14 Mono	CD14 Mono	1.0	0.739	0.808	0.053	False	True	8853	3126	9.623856319891562	9199	3090	9.7836721382759	0.2849222741602348	0.1107729100989238	787	802	0.0553044877338718	True	False	
GGGTGAACATAAGCAA	shared	CD4 T	CD4 T	0.978	0.735	0.814	0.045	False	True	CD4 T	CD4 T	0.957	0.729	0.813	0.067	False	True	11415	3541	8.9706526500219	12056	3601	8.89183808891838	0.3122096881220969	0.1341240875912408	462	456	0.0788137433041378	True	False	
GGGTTATCAGCCATTA	shared	CD4 T	CD4 T	0.88	0.746	0.81	0.088	False	True	CD4 T	CD4 T	0.81	0.739	0.809	0.067	False	True	11939	3527	8.233520395342994	12639	3538	8.402563493947307	0.2478835350898014	0.1378273597594746	411	407	0.0821936269122979	True	False	
GGGTTTACACAGAGCA	shared	CD14 Mono	CD14 Mono	1.0	0.787	0.857	0.053	False	True	CD14 Mono	CD14 Mono	1.0	0.781	0.853	0.062	False	True	13200	3855	6.666666666666667	13749	3864	6.771401556476834	0.2753654811259001	0.1209542512182704	327	331	0.0587843981144692	True	False	
GGGTTTACACTAAACC	shared	B	B	1.0	0.719	0.797	0.013	False	True	B	B	1.0	0.712	0.796	0.012	False	True	9787	2969	7.642791458056606	10418	3001	7.583029372240353	0.2654060280284123	0.1398540986753695	649	634	0.0901308100238582	True	False	
GGTAATCCAAAGGAGA	shared	NK	NK	1.0	0.666	0.737	0.007	False	True	CD8 T	CD8 T	1.0	0.658	0.736	0.009	False	True	6382	2567	13.616421184581636	6803	2556	13.729237101278848	0.2572394531824195	0.147287961193591	1036	1027	0.0921484932075996	True	False	
GGTAATCCACAGCATT	shared	CD14 Mono	CD14 Mono	1.0	0.779	0.835	0.027	False	True	CD14 Mono	CD14 Mono	1.0	0.772	0.831	0.029	False	True	11948	3782	6.796116504854369	12348	3769	6.818918043407839	0.3097667638483965	0.1311953352769679	409	429	0.0475043341321372	True	False	
GGTAATCCATACCACA	shared	CD14 Mono	CD14 Mono	1.0	0.758	0.825	0.024	False	True	CD14 Mono	CD14 Mono	0.952	0.751	0.82	0.024	False	True	10542	3285	9.466894327452096	10922	3278	9.613623878410548	0.313953488372093	0.1182017945431239	552	574	0.0510837038073061	True	False	
GGTAATCTCAAGTTGC	shared	CD14 Mono	CD14 Mono	1.0	0.804	0.868	0.032	False	True	CD14 Mono	CD14 Mono	1.0	0.797	0.863	0.022	False	True	19738	4982	5.664201033539365	20674	5013	5.630260230240882	0.3795104962755151	0.1234400696527038	151	147	0.0668384263086501	True	False	
GGTAGAGAGACCAGCA	shared	CD14 Mono	CD14 Mono	1.0	0.77	0.837	0.042	False	True	CD14 Mono	CD14 Mono	1.0	0.764	0.835	0.053	False	True	10790	3431	7.099165894346617	11200	3398	7.223214285714286	0.2764285714285714	0.1258928571428571	517	535	0.0537989732828191	True	False	
GGTCACGCAATGGCCC	shared	CD4 T	CD4 T	1.0	0.756	0.839	0.067	False	True	CD4 T	CD4 T	1.0	0.751	0.838	0.088	False	True	14180	3841	4.894217207334274	14898	3874	4.920123506510941	0.2797019734192509	0.1496173983084978	288	285	0.0712562317372388	True	False	
GGTCACGGTCGTGATT	shared	CD4 T	CD4 T	0.955	0.718	0.8	0.032	False	True	CD4 T	CD4 T	1.0	0.711	0.797	0.029	False	True	9325	2957	7.431635388739946	10147	2964	7.558884399329851	0.2648073322164186	0.1426037252389869	708	663	0.1218650897240446	True	False	
GGTCTGGTCAGACATC	shared	B	B	1.0	0.68	0.785	0.017	False	True	B	B	1.0	0.674	0.783	0.026	False	True	9092	3115	5.345358556973164	9530	3111	5.519412381951732	0.4108079748163694	0.1269674711437565	749	748	0.0678712379291637	True	False	
GGTCTGGTCTCCCAAC	shared	NK	NK	1.0	0.74	0.813	0.01	False	True	CD8 T	CD8 T	1.0	0.734	0.815	0.01	False	True	13256	3873	9.226010863005431	13973	3877	9.310813712159163	0.2513418736133972	0.1427753524654691	323	319	0.0759907084538607	True	False	
GGTGATTAGCTGTACT	shared	B	B	1.0	0.676	0.783	0.014	False	True	B	B	1.0	0.67	0.782	0.016	False	True	8170	2764	5.826193390452876	8582	2772	5.849452342111396	0.3439757632253554	0.1258447914239105	876	878	0.0709693463569649	True	False	
GGTGATTCAGCTCGGT	shared	CD14 Mono	CD14 Mono	1.0	0.801	0.867	0.067	False	True	CD14 Mono	CD14 Mono	1.0	0.795	0.862	0.057	False	True	15774	4355	5.490046912641055	16310	4355	5.530349478847333	0.2866339668914776	0.126241569589209	245	248	0.0482052287619841	True	False	
GGTGGCTGTGCGCTCA	shared	NK	NK	1.0	0.645	0.722	0.007	False	True	NK	NK	1.0	0.64	0.745	0.008	False	True	7252	3080	5.929398786541643	7579	3067	6.174957118353345	0.3691779918195012	0.1490961868320358	973	973	0.0636199994889704	True	False	
GGTGTCGCAACGATCT	shared	CD14 Mono	CD14 Mono	1.0	0.801	0.874	0.042	False	True	CD14 Mono	CD14 Mono	1.0	0.795	0.871	0.042	False	True	17339	4426	6.032643174346848	18035	4439	6.099251455503188	0.2780704186304408	0.1250901025783199	201	204	0.0567755165283233	True	False	
GGTGTCGGTGTTATCG	shared	B	B	1.0	0.692	0.789	0.032	False	True	B	B	1.0	0.687	0.786	0.045	False	True	9117	2974	11.98859273883953	9596	2992	11.942476031679869	0.2534389328887036	0.133597332221759	741	737	0.0738660839720648	True	False	
GGTGTTAGTGGATTTC	shared	B	B	1.0	0.788	0.855	0.016	False	True	B	B	1.0	0.782	0.854	0.013	False	True	27608	5673	12.941900898290353	29271	5710	13.00946329131222	0.3102729664172731	0.1163267397765706	31	31	0.0843826864372822	True	False	
GGTTAACTCACTCACC	shared	CD8 T	CD8 T	0.556	0.38	0.443	0.008	False	False	CD8 T	CD8 T	0.625	0.372	0.435	0.009	False	False	2169	817	49.88473951129553	2290	800	49.78165938864629	0.3401746724890829	0.0624454148471615	1161	1161	0.0782824159728335	False	True	9.999000099990002e-05
GGTTCTCCAGGTTCCG	shared	CD14 Mono	CD14 Mono	1.0	0.722	0.792	0.022	False	True	CD14 Mono	CD14 Mono	1.0	0.716	0.787	0.026	False	True	7165	2681	8.820655966503837	7377	2648	8.973837603361801	0.2745018300122001	0.1221363697980208	984	994	0.0420617454840825	True	False	
GGTTGTATCGAAGGAC	shared	B	B	0.857	0.749	0.744	0.073	False	True	B	B	0.857	0.743	0.748	0.108	False	True	44684	5705	8.170709873780323	46363	5784	8.47874382589565	0.1671807260099648	0.0892522054224273	4	4	0.0532144142364485	True	False	
GTAACACAGAAAGCGA	shared	NK	NK	1.0	0.613	0.676	0.045	False	True	CD8 T	CD8 T	1.0	0.606	0.677	0.045	False	True	5902	2571	11.21653676719756	6170	2571	11.491085899513775	0.4698541329011345	0.1358184764991896	1061	1061	0.0640559527985236	True	False	
GTAACACAGCTCCGAC	shared	FCGR3A Mono	FCGR3A Mono	1.0	0.79	0.875	0.034	False	True	FCGR3A Mono	FCGR3A Mono	1.0	0.784	0.871	0.034	False	True	19070	4668	8.017829050865233	20181	4694	8.146276200386502	0.3187156236063624	0.1422129725979882	169	163	0.0816886557544885	True	False	
GTAACACGTAGATGTA	shared	CD8 T	CD8 T	1.0	0.712	0.782	0.088	False	True	CD8 T	CD8 T	1.0	0.707	0.782	0.136	False	True	9187	3267	7.880700990530097	9669	3269	7.963594994311718	0.3266108180783948	0.1492398386596339	732	726	0.0737650329862796	True	False	
GTAACACGTGGCGTAA	shared	CD14 Mono	CD14 Mono	1.0	0.592	0.665	0.012	False	True	CD14 Mono	CD14 Mono	1.0	0.587	0.662	0.013	False	True	2873	1416	10.51166028541594	2938	1391	10.585432266848196	0.3168822328114363	0.1283185840707964	1146	1150	0.0322652971939959	False	True	9.999000099990002e-05
GTAAGTCTCGATTGGT	shared	CD4 T	CD4 T	1.0	0.72	0.811	0.029	False	True	CD4 T	CD4 T	1.0	0.713	0.808	0.034	False	True	9901	3004	7.484092515907484	10505	3019	7.5678248453117565	0.2694907187053784	0.1389814374107567	631	618	0.0854216351925532	True	False	
GTAATCGCAGTTTCGA	shared	NK	NK	0.6	0.76	0.816	0.212	True	True	CD8 T	CD8 T	0.955	0.753	0.822	0.317	True	True	12079	3556	8.311946353174932	12778	3558	8.436375019564878	0.2627171701361715	0.1408671153545155	401	394	0.0811544902692315	True	False	
GTAATCGGTTGCGAAG	shared	NK	NK	1.0	0.685	0.756	0.008	False	True	NK	NK	1.0	0.677	0.78	0.008	False	True	9104	3681	7.502196836555361	9470	3656	7.634635691657867	0.3932418162618796	0.1322069693769799	743	760	0.0568577441699406	True	False	
GTAATGCCACCAGTAT	shared	CD14 Mono	CD14 Mono	1.0	0.802	0.863	0.053	False	True	CD14 Mono	CD14 Mono	1.0	0.796	0.86	0.049	False	True	16588	4410	6.462503014227152	17368	4398	6.437125748502994	0.3274988484569323	0.1229272224781206	225	225	0.0662877730017166	True	False	
GTACAACAGATAGCTA	shared	NK	NK	1.0	0.663	0.744	0.009	False	True	NK	NK	1.0	0.652	0.754	0.008	False	True	7389	3120	7.673568818514007	7785	3127	7.565831727681439	0.3046885035324341	0.1455362877328195	960	958	0.07530798031377	True	False	
GTAGAAACATGGACAG	shared	CD14 Mono	CD14 Mono	1.0	0.763	0.838	0.029	False	True	CD14 Mono	CD14 Mono	1.0	0.755	0.833	0.026	False	True	11181	3443	6.519989267507379	11570	3453	6.534140017286084	0.2961970613656007	0.1292134831460674	478	496	0.049335301720656	True	False	
GTAGAAATCTGAGATC	shared	CD14 Mono	CD14 Mono	1.0	0.809	0.875	0.049	False	True	CD14 Mono	CD14 Mono	1.0	0.803	0.872	0.057	False	True	19512	4953	5.324928249282493	20461	4995	5.429842138702898	0.3193881041982307	0.1188602707590049	155	154	0.0685115638867978	True	False	
GTAGAGGCAACTTCTT	shared	CD4 T	CD4 T	1.0	0.653	0.737	0.057	False	True	CD4 T	CD4 T	1.0	0.646	0.732	0.067	False	True	6422	2541	4.889442541264404	6733	2541	4.916084954700728	0.3840784197237487	0.1500074261102034	1032	1033	0.0682164247209803	True	False	
GTAGATCCATCCCGTT	shared	CD4 T	CD4 T	0.944	0.753	0.835	0.029	False	True	CD4 T	CD4 T	1.0	0.748	0.835	0.034	False	True	12951	3369	8.44722415257509	13650	3385	8.388278388278389	0.2149450549450549	0.1336996336996337	338	336	0.0758317484650878	True	False	
GTAGATCTCCCGAAAT	shared	B	B	1.0	0.563	0.655	0.009	False	True	B	B	1.0	0.559	0.655	0.011	False	True	2568	1404	7.359813084112149	2665	1384	7.429643527204503	0.3891181988742964	0.1219512195121951	1156	1157	0.0534698901881564	False	True	9.999000099990002e-05
GTAGCTATCTCATGGA	shared	CD14 Mono	CD14 Mono	1.0	0.815	0.873	0.057	False	True	CD14 Mono	CD14 Mono	1.0	0.807	0.868	0.053	False	True	18220	4824	5.406147091108672	18998	4822	5.42688704074113	0.2419202021265396	0.129224128855669	181	183	0.0603213463277519	True	False	
GTAGGAGTCCGTCACT	shared	NK	NK	1.0	0.595	0.674	0.008	False	True	NK	NK	1.0	0.591	0.701	0.007	False	True	4809	2467	6.6541900603035975	5051	2455	6.731340328647793	0.398732924173431	0.1375965155414769	1098	1096	0.0708177451301479	True	False	
GTAGGTTCAGAAGCGT	shared	CD4 T	CD4 T	1.0	0.687	0.776	0.014	False	True	CD4 T	CD4 T	1.0	0.681	0.776	0.019	False	True	7887	2554	7.467985292253075	8283	2538	7.436918990703851	0.2186405891585174	0.150066401062417	908	908	0.0706680018426004	True	False	
GTAGGTTGTGTTCGTA	shared	CD8 T	CD8 T	0.957	0.703	0.775	0.08	False	True	CD8 T	CD8 T	1.0	0.695	0.769	0.088	False	True	7786	3003	3.647572566144362	8194	3021	3.795460092750793	0.3242616548694166	0.1466927019770564	918	916	0.0736763230569433	True	False	
GTAGTACCACCCTATC	shared	CD14 Mono	CD14 Mono	1.0	0.815	0.876	0.032	False	True	CD14 Mono	CD14 Mono	1.0	0.81	0.873	0.039	False	True	21034	4996	5.362746030236759	21940	5000	5.423883318140383	0.3148587055606198	0.1324065633546034	121	123	0.0608374625188015	True	False	
GTAGTACTCTGTGTGA	shared	cDC	cDC	0.765	0.791	0.886	0.067	False	True	cDC	cDC	0.684	0.784	0.885	0.073	False	True	27402	5314	7.645427341069995	28910	5389	7.751643030093393	0.2280179868557592	0.1195780006918021	33	33	0.0772846670779995	True	False	
GTATTTCAGAAGAGCA	shared	CD8 T	CD8 T	0.833	0.703	0.781	0.016	False	True	CD8 T	CD8 T	0.9	0.696	0.774	0.019	False	True	9015	2670	7.798114254021076	9500	2669	7.852631578947369	0.2271578947368421	0.1421052631578947	762	758	0.0755918525771249	True	False	
GTCAAACCAAGCACCC	shared	CD4 T	CD4 T	1.0	0.736	0.823	0.073	False	True	CD4 T	CD4 T	0.975	0.729	0.82	0.053	False	True	11821	3514	6.657643177396159	12527	3527	6.657619541789734	0.2967989143450147	0.1435299752534525	419	413	0.0836819920401497	True	False	
GTCAAACTCAATGCAC	shared	CD4 T	CD4 T	0.867	0.394	0.437	0.017	False	True	CD4 T	CD4 T	0.812	0.386	0.43	0.022	False	True	2855	1481	12.294220665499124	2984	1477	12.600536193029493	0.6253351206434317	0.1253351206434316	1149	1148	0.0637349521230677	False	True	9.999000099990002e-05
GTCAAGTCAATACCTG	shared	NK	NK	0.882	0.515	0.576	0.006	False	True	CD8 T	CD8 T	0.882	0.506	0.57	0.006	False	True	3845	1957	18.30949284785436	4029	1932	18.466120625465376	0.4532141970712335	0.1372549019607843	1129	1129	0.0674210760754325	True	False	
GTCACGGAGCGGGTTA	shared	CD4 T	CD4 T	1.0	0.727	0.81	0.018	False	True	CD4 T	CD4 T	1.0	0.72	0.808	0.032	False	True	10196	3039	6.37504903883876	10691	3039	6.31372182209335	0.223739594051071	0.1394630998035731	599	599	0.0683869749802501	True	False	
GTCACGGCACCGTACG	shared	CD4 T	CD4 T	1.0	0.732	0.808	0.032	False	True	CD4 T	CD4 T	1.0	0.725	0.805	0.034	False	True	11823	3540	6.360483802757337	12469	3563	6.407891571096319	0.2753228005453524	0.1479669580559788	418	418	0.0767432905708813	True	False	
GTCACTCTCTTGAACG	shared	CD8 T	CD8 T	0.952	0.709	0.796	0.08	False	True	CD8 T	CD8 T	0.958	0.703	0.788	0.097	False	True	10230	3240	6.96969696969697	10691	3253	7.099429426620522	0.339818538958002	0.1506874941539612	593	599	0.0635845785944995	True	False	
GTCATGAAGACTCATC	shared	CD4 T	CD4 T	0.929	0.355	0.4	0.017	False	False	CD4 T	CD4 T	1.0	0.345	0.392	0.016	False	False	1591	760	36.517913262099306	1597	707	38.82279273638071	0.4207889793362555	0.0870381966186599	1178	1179	0.0054270723843278	False	True	9.999000099990002e-05
GTCATGAAGTTTGGCT	shared	CD14 Mono	CD14 Mono	1.0	0.796	0.864	0.019	False	True	CD14 Mono	CD14 Mono	1.0	0.792	0.862	0.019	False	True	17197	4529	5.169506309239984	17815	4510	5.315745158574235	0.3268593881560482	0.1181588548975582	209	213	0.0509326633022472	True	False	
GTCATGACATTGGATC	shared	B	B	1.0	0.665	0.762	0.013	False	True	B	B	1.0	0.661	0.761	0.021	False	True	7498	2823	5.361429714590558	7800	2813	5.5256410256410255	0.3969230769230769	0.126025641025641	951	956	0.0569608495774717	True	False	
GTCATTTCAAGAGAGA	shared	CD4 T	CD4 T	1.0	0.653	0.746	0.022	False	True	CD4 T	CD4 T	1.0	0.65	0.747	0.021	False	True	6795	2328	4.532744665194996	7119	2341	4.691670178395842	0.3163365641241747	0.1483354403708386	1011	1008	0.0671913886695395	True	False	
GTCATTTGTACGACTT	shared	CD4 T	CD4 T	1.0	0.425	0.462	0.014	False	False	CD4 T	CD4 T	1.0	0.409	0.452	0.016	False	False	2957	1422	23.63882313155225	3101	1409	23.92776523702032	0.5465978716543051	0.0748145759432441	1143	1142	0.0685766339370232	False	True	9.999000099990002e-05
GTCATTTTCCTAGAGT	shared	CD8 T	NK	0.533	0.658	0.718	0.053	False	True	CD8 T	CD8 T	0.812	0.652	0.717	0.062	False	True	6396	2712	4.3933708567854906	6738	2718	4.48204214900564	0.3820124666073018	0.1516770555060849	1034	1032	0.0751390425537122	True	False	
GTCCCATCATGCCGAC	shared	CD4 T	CD4 T	1.0	0.685	0.77	0.049	False	True	CD4 T	CD4 T	1.0	0.679	0.768	0.034	False	True	7800	2639	4.935897435897436	8210	2655	5.0426309378806335	0.3008526187576126	0.1457978075517661	916	913	0.0738988624019164	True	False	
GTCCTCAAGTCACGAG	shared	B	B	1.0	0.731	0.778	0.029	False	True	B	B	1.0	0.723	0.775	0.032	False	True	13838	4093	7.255383725971961	14599	4098	7.288170422631687	0.4005068840331529	0.122337146379889	294	292	0.0772286708679298	True	False	
GTCGAATAGGAGTATT	shared	B	B	1.0	0.667	0.773	0.012	False	True	B	B	1.0	0.661	0.77	0.01	False	True	7013	2641	6.074433195494082	7287	2628	6.312611499931385	0.3607794702895567	0.1274873061616577	996	999	0.0552855285492383	True	False	
GTCGAATCAGAACCGA	shared	CD14 Mono	CD14 Mono	1.0	0.726	0.809	0.039	False	True	CD14 Mono	CD14 Mono	1.0	0.718	0.802	0.039	False	True	8330	2882	6.698679471788716	8583	2844	6.885704299196085	0.3139927764185017	0.1273447512524758	856	877	0.0431603982165198	True	False	
GTCGAATGTCAAGCGA	shared	CD14 Mono	CD14 Mono	1.0	0.714	0.785	0.022	False	True	CD14 Mono	CD14 Mono	1.0	0.708	0.783	0.016	False	True	6866	2622	9.539761141858431	7082	2595	9.60180739903982	0.2783112115221688	0.1203049985879695	1005	1012	0.0446805786729557	True	False	
GTCGCGAAGCAGCGAT	shared	NK	NK	1.0	0.67	0.743	0.01	False	True	CD8 T	CD8 T	1.0	0.664	0.742	0.008	False	True	6266	2545	10.54899457389084	6407	2523	10.660215389417823	0.2679881379740908	0.1478070859996878	1044	1050	0.0320991546204458	True	False	
GTCGCGAGTTTACCTT	shared	NK	NK	0.96	0.691	0.764	0.01	False	True	NK	NK	1.0	0.684	0.78	0.012	False	True	7857	3070	8.603792796232659	8194	3066	8.71369294605809	0.2687332194288503	0.14217720283134	910	916	0.0605817815281344	True	False	
GTCTACCCAGGAAGTC	shared	CD4 T	CD4 T	1.0	0.681	0.772	0.021	False	True	CD4 T	CD4 T	1.0	0.676	0.771	0.019	False	True	8660	2895	7.494226327944573	9091	2917	7.446925530744693	0.3034869651303487	0.1414585854141458	809	809	0.0700640758607095	True	False	
GTCTAGACAATGCAGG	shared	Low quality (no markers)	Low quality (no markers)	0.963	0.203	0.871	0.019	False	False	Low quality (no markers)	Low quality (no markers)	1.0	0.184	0.888	0.018	False	False	1031	33	97.57516973811832	1200	39	89.66666666666667	0.0916666666666666	0.0033333333333333	1193	1187	0.21879318028238	False	True	9.999000099990002e-05
GTCTAGAGTATGTCAC	shared	cDC	cDC	0.636	0.822	0.886	0.08	False	True	cDC	cDC	0.636	0.816	0.884	0.073	False	True	26320	5666	8.746200607902736	27733	5686	8.809000108174377	0.3112897991562398	0.1154220603613024	39	39	0.0754414057243816	True	False	
GTCTAGATCGAGAGAC	shared	B	B	1.0	0.728	0.821	0.01	False	True	B	B	1.0	0.723	0.819	0.01	False	True	12014	3416	10.171466622274014	12736	3422	10.254396984924623	0.2605998743718593	0.1208385678391959	407	398	0.0841888650142802	True	False	
GTCTGTCAGATACGAT	shared	CD4 T	CD4 T	1.0	0.722	0.801	0.088	False	True	CD4 T	CD4 T	1.0	0.716	0.798	0.088	False	True	10590	3475	6.468366383380547	11111	3502	6.516065160651607	0.2981729817298173	0.1380613806138061	542	545	0.0692796897070514	True	False	
GTCTGTCTCGAGCCTG	shared	NK	NK	1.0	0.683	0.767	0.009	False	True	NK	NK	1.0	0.68	0.781	0.01	False	True	7826	3125	5.916176846409405	8169	3122	5.90035500061207	0.3545109560533725	0.1424899008446566	913	920	0.0618766334944376	True	False	
GTGAGCCCATCTTCGC	shared	CD8 T	CD8 T	0.857	0.417	0.48	0.013	False	True	CD8 T	CD8 T	0.933	0.405	0.464	0.014	False	True	1963	1296	1.63015792154865	2047	1287	1.6121152906692722	0.5178309721543722	0.2066438690766976	1167	1169	0.0604207856853068	False	True	9.999000099990002e-05
GTGAGCCGTGATCGTT	shared	NK	NK	0.933	0.613	0.671	0.212	True	True	NK	NK	0.929	0.607	0.659	0.255	True	True	4753	2189	4.628655585945719	5015	2192	4.705882352941177	0.3746759720837487	0.1318045862412761	1100	1099	0.0773954448596043	True	False	
GTGAGCCTCTGGAAGG	shared	CD14 Mono	CD14 Mono	1.0	0.776	0.842	0.049	False	True	CD14 Mono	CD14 Mono	1.0	0.768	0.84	0.049	False	True	12649	3840	8.06387856747569	13199	3841	8.197590726570194	0.295931509962876	0.1212970679596939	361	365	0.0614005446641432	True	False	
GTGAGGAAGCATTGAA	shared	CD4 T	CD4 T	1.0	0.686	0.747	0.108	False	True	CD4 T	CD4 T	1.0	0.679	0.744	0.088	False	True	8550	2958	7.695906432748538	9004	2958	7.885384273656153	0.3138605064415815	0.1408262994224789	824	822	0.0746331297377719	True	False	
GTGAGGACACAACATC	shared	NK	NK	0.958	0.727	0.795	0.011	False	True	CD8 T	CD8 T	1.0	0.722	0.799	0.017	False	True	9928	3331	8.098307816277195	10576	3363	8.188350983358548	0.2690052950075643	0.1414523449319213	622	609	0.0912101586323788	True	False	
GTGAGGACACTTTAGG	shared	CD4 T	CD4 T	1.0	0.686	0.781	0.016	False	True	CD4 T	CD4 T	1.0	0.681	0.779	0.024	False	True	8943	2740	6.955160460695516	9454	2768	7.04463719060715	0.2881320076158239	0.1400465411466046	770	762	0.0801572699939338	True	False	
GTGAGTTTCCAATGCA	shared	CD4 T	CD4 T	1.0	0.7	0.779	0.088	False	True	CD4 T	CD4 T	0.96	0.695	0.776	0.088	False	True	9056	3136	6.338339222614841	9541	3149	6.393459805051881	0.3564615868357614	0.1540719002201027	755	746	0.0752584287495235	True	False	
GTGATGTAGACATCAA	shared	CD4 T	CD4 T	0.935	0.722	0.8	0.073	False	True	CD4 T	CD4 T	0.871	0.716	0.797	0.053	False	True	9869	3354	6.677474921471274	10449	3388	6.737486840846014	0.3150540721600153	0.1302516987271509	636	627	0.0823809525118474	True	False	
GTGCGTGAGCTTCTAG	shared	CD14 Mono	CD14 Mono	1.0	0.817	0.889	0.073	False	True	CD14 Mono	CD14 Mono	1.0	0.812	0.886	0.045	False	True	23677	5173	6.039616505469443	24638	5194	6.128744216251319	0.3619611981492004	0.119287279811673	73	76	0.0573964773319592	True	False	
GTGCTGGCAGGCTACC	shared	NK	NK	0.929	0.692	0.753	0.121	False	True	NK	NK	0.933	0.686	0.747	0.156	False	True	8802	3320	6.759827311974552	9274	3334	6.793185249083459	0.3780461505283588	0.1415786068578822	793	793	0.0753520139439024	True	False	
GTGCTGGTCAAACCTG	shared	CD4 T	CD4 T	1.0	0.738	0.826	0.018	False	True	CD4 T	CD4 T	1.0	0.733	0.824	0.021	False	True	12571	3516	4.741070718319943	13215	3551	4.790011350737798	0.3035187287173666	0.1343927355278093	365	362	0.0720714146206942	True	False	
GTGCTTCAGACCATAA	shared	CD14 Mono	CD14 Mono	1.0	0.77	0.848	0.024	False	True	CD14 Mono	CD14 Mono	1.0	0.765	0.846	0.024	False	True	12515	3840	8.262085497403117	13060	3819	8.29249617151608	0.3389739663093415	0.1172281776416539	372	375	0.0614917956592082	True	False	
GTGCTTCCACTCATAG	shared	NK	NK	1.0	0.682	0.764	0.014	False	True	NK	NK	0.957	0.676	0.785	0.012	False	True	8640	3366	6.388888888888889	9064	3399	6.387908208296558	0.3916593115622241	0.138459841129744	813	814	0.0691087386503615	True	False	
GTGCTTCGTCGCTTGG	shared	CD14 Mono	CD14 Mono	1.0	0.761	0.83	0.036	False	True	CD14 Mono	CD14 Mono	1.0	0.756	0.828	0.032	False	True	9743	3291	6.384070614800369	10089	3305	6.551689959361681	0.287838239666964	0.1258796709287342	654	668	0.0503401360873871	True	False	
GTGGAAGAGCCAAGTG	shared	B	B	1.0	0.776	0.813	0.317	True	True	B	B	1.0	0.77	0.812	0.317	True	True	15409	4554	8.877928483353884	15917	4589	8.921279135515487	0.3322234089338443	0.1322485392976063	254	260	0.0467922195477043	True	False	
GTGGAGAAGATCCGAG	shared	Low quality (no markers)	Low quality (no markers)	0.857	0.323	0.442	0.016	False	False	Low quality (no markers)	Low quality (no markers)	0.786	0.309	0.463	0.011	False	False	834	399	43.76498800959233	886	396	42.7765237020316	0.309255079006772	0.0812641083521444	1209	1212	0.0871579069396494	False	True	9.999000099990002e-05
GTGGCGTAGAATAACC	shared	CD8 T	CD8 T	0.947	0.696	0.774	0.062	False	True	CD8 T	CD8 T	1.0	0.688	0.769	0.039	False	True	8425	3195	6.160237388724036	8853	3208	6.133514063029481	0.3728679543657517	0.1388229978538348	842	838	0.0714814575356115	True	False	
GTGGCGTCAATCGAAA	shared	NK	NK	0.941	0.682	0.75	0.008	False	True	CD8 T	CD8 T	0.889	0.678	0.759	0.01	False	True	7599	2705	9.501250164495328	8001	2714	9.648793900762405	0.2887139107611549	0.145856767904012	938	936	0.0743612101272917	True	False	
GTGGGAAAGGTCGTAG	shared	B	B	1.0	0.682	0.789	0.019	False	True	B	B	1.0	0.675	0.786	0.027	False	True	8288	2818	8.373552123552123	8679	2819	8.330452817144833	0.367784306947805	0.1198294734416407	865	862	0.0664969797981936	True	False	
GTGGGAACATGAGTAA	shared	CD4 T	CD4 T	1.0	0.707	0.789	0.053	False	True	CD4 T	CD4 T	0.895	0.701	0.788	0.062	False	True	9791	3209	6.0361556531508525	10332	3243	6.155632984901278	0.3179442508710801	0.1325009678668215	648	646	0.0775837123348104	True	False	
GTGGTTAAGTAACCGG	shared	CD4 T	CD4 T	0.889	0.628	0.694	0.029	False	True	CD4 T	CD4 T	1.0	0.621	0.692	0.034	False	True	3934	1906	6.43111337061515	4136	1913	6.358800773694391	0.3338974854932302	0.1291102514506769	1124	1126	0.0722213218402879	True	False	
GTGTAACTCTTGGTGA	shared	CD8 T	CD8 T	0.529	0.659	0.738	0.073	False	True	CD8 T	CD8 T	0.708	0.653	0.733	0.067	False	True	6754	2617	8.039680189517323	7133	2638	8.271414552081874	0.39324267489135	0.1376699845787186	1013	1007	0.078755446253765	True	False	
GTGTCCTAGTCGGCCT	shared	NK	NK	1.0	0.656	0.734	0.011	False	True	NK	NK	1.0	0.649	0.753	0.01	False	True	6693	2879	7.575078440161363	7010	2902	7.689015691868759	0.3495007132667617	0.1456490727532097	1015	1015	0.0667516838174519	True	False	
GTGTCCTCAGTTGTTG	shared	B	B	0.92	0.751	0.836	0.016	False	True	B	B	0.917	0.746	0.835	0.016	False	True	15553	4270	5.355879894554105	16407	4310	5.454988724324983	0.3123666727616261	0.1370146888523191	248	246	0.0771137530331558	True	False	
GTGTCCTGTGGCCTCA	shared	CD4 T	CD4 T	1.0	0.726	0.81	0.022	False	True	CD4 T	CD4 T	1.0	0.721	0.809	0.029	False	True	11229	3429	6.207142221034821	11766	3415	6.2553119156892745	0.2711201767805541	0.1393846676865544	474	475	0.0673886240058081	True	False	
GTGTGATCACTACGGC	shared	CD4 T	CD4 T	1.0	0.741	0.805	0.027	False	True	CD4 T	CD4 T	1.0	0.734	0.801	0.026	False	True	11079	3570	6.634172759274303	11642	3586	6.717058924583405	0.2953100841779763	0.1421577048617076	488	488	0.0715049575700537	True	False	
GTGTGATTCTTACGTT	shared	NK	NK	0.824	0.683	0.762	0.053	False	True	NK	NK	0.882	0.676	0.758	0.045	False	True	7571	2988	9.655263505481445	7945	2984	9.792322215229705	0.3277533039647577	0.1382001258653241	942	941	0.0695543823843937	True	False	
GTGTGGCAGGTACTGG	shared	cDC	cDC	0.789	0.831	0.896	0.053	False	True	cDC	cDC	0.833	0.826	0.896	0.067	False	True	27843	5617	7.003555651330675	29425	5657	7.004248088360238	0.2601869158878505	0.1188785046728971	30	27	0.0797249639314606	True	False	
GTGTGGCAGGTAGTCG	shared	NK	NK	1.0	0.73	0.797	0.009	False	True	CD8 T	CD8 T	1.0	0.72	0.793	0.009	False	True	9839	3095	9.767252769590405	10414	3084	9.852122143268677	0.2247935471480699	0.1371231035144997	643	636	0.0819326187014068	True	False	
GTGTGGCGTAAGTTGA	shared	Low quality (no markers)	Low quality (no markers)	0.778	0.315	0.473	0.034	False	False	Low quality (no markers)	Low quality (no markers)	0.923	0.295	0.524	0.036	False	False	1613	550	60.81835089894607	1825	527	56.93150684931507	0.2301369863013698	0.0564383561643835	1177	1174	0.1780461867064415	False	True	9.999000099990002e-05
GTGTGGCTCACCACAA	shared	CD8 T	CD8 T	0.96	0.724	0.801	0.021	False	True	CD8 T	CD8 T	1.0	0.719	0.795	0.021	False	True	11454	3288	7.333682556312206	12112	3326	7.447159841479524	0.2543758256274769	0.1445673712021136	455	447	0.0805787597434741	True	False	
GTGTTAGAGACGGTCA	SA_only	FCGR3A Mono	FCGR3A Mono	1.0	0.507	0.531	0.045	False	True	FCGR3A Mono	FCGR3A Mono	1.0	0.501	0.531	0.057	False	True	1239	802	2.5020177562550443	1298	797	2.6964560862865947	0.2542372881355932	0.1325115562403698	1182	1183	0.0670613101736435	False	True	9.999000099990002e-05
GTGTTCCAGGTGCCTC	shared	B	B	1.0	0.56	0.666	0.01	False	True	B	B	1.0	0.552	0.662	0.021	False	True	4703	2199	8.824154794811822	4955	2216	8.920282542885973	0.5196770938446014	0.1299697275479313	1101	1101	0.0752881273042372	True	False	
GTGTTCCGTAGTTCCA	shared	Platelet	Platelet	0.933	0.362	0.83	0.062	False	True	Platelet	Platelet	0.933	0.356	0.831	0.067	False	True	4191	1050	12.288236697685516	4608	1055	11.631944444444445	0.0579427083333333	0.1039496527777777	1117	1107	0.1368150507991986	True	False	
GTTACAGAGGGCTAAC	shared	Low quality (no markers)	Low quality (no markers)	1.0	0.24	0.645	0.016	False	False	Low quality (no markers)	Low quality (no markers)	0.944	0.22	0.689	0.013	False	False	797	130	83.93977415307403	898	131	78.73051224944321	0.1525612472160356	0.0167037861915367	1211	1210	0.1719323692921016	False	True	9.999000099990002e-05
GTTACAGAGTGTAGTA	shared	CD4 T	CD4 T	0.882	0.682	0.773	0.019	False	True	CD4 T	CD4 T	0.875	0.676	0.773	0.027	False	True	7823	2424	7.196727598108143	8325	2463	7.111111111111111	0.2461261261261261	0.138018018018018	914	904	0.0897171881879846	True	False	
GTTACAGCAAATCAGA	shared	CD4 T	CD4 T	1.0	0.689	0.773	0.042	False	True	CD4 T	CD4 T	1.0	0.683	0.769	0.08	False	True	8795	3051	4.059124502558272	9293	3056	4.078338534380717	0.388894867104272	0.1526955773162595	794	790	0.0794520406557567	True	False	
GTTACGAGTATGAGAT	shared	CD14 Mono	CD14 Mono	1.0	0.81	0.875	0.067	False	True	CD14 Mono	CD14 Mono	1.0	0.804	0.873	0.053	False	True	18412	4527	8.532478818162069	19406	4519	8.688034628465424	0.2889827888281974	0.127074100793569	177	176	0.0758524168018713	True	False	
GTTAGTGAGAACGTGC	shared	CD4 T	CD4 T	1.0	0.729	0.819	0.045	False	True	CD4 T	CD4 T	1.0	0.723	0.818	0.053	False	True	11377	3372	6.1088160323459615	11973	3402	6.13046020212144	0.284222834711434	0.1394804977866867	463	463	0.0736581892080411	True	False	
GTTAGTGCACCTCTAC	shared	CD14 Mono	CD14 Mono	1.0	0.836	0.895	0.042	False	True	CD14 Mono	CD14 Mono	1.0	0.83	0.893	0.039	False	True	27131	5681	7.154177877704471	28292	5680	7.256468259578679	0.3036193977095999	0.1282341297893397	34	34	0.060449760629735	True	False	
GTTATGGTCGTTCCTG	shared	CD8 T	CD8 T	0.643	0.603	0.668	0.042	False	True	CD8 T	CD8 T	0.714	0.597	0.664	0.045	False	True	3340	1739	3.9520958083832336	3600	1736	3.8333333333333335	0.3922222222222222	0.1480555555555555	1137	1137	0.1081176168553101	False	True	9.999000099990002e-05
GTTCATTTCCGATGCG	shared	Platelet	Platelet	0.824	0.265	0.719	0.08	False	True	Platelet	Platelet	0.875	0.262	0.727	0.08	False	True	860	330	7.790697674418604	956	336	7.112970711297071	0.0543933054393305	0.1213389121338912	1206	1201	0.1525056870891815	False	True	9.999000099990002e-05
GTTCCGTAGTTGCCCG	shared	CD14 Mono	CD14 Mono	1.0	0.738	0.822	0.014	False	True	CD14 Mono	CD14 Mono	1.0	0.732	0.819	0.018	False	True	12039	3677	8.464158152670487	12475	3656	8.545090180360722	0.3522244488977956	0.1314629258517034	406	417	0.0513200657270876	True	False	
GTTCCGTCACCCGTAG	shared	NK	CD8 T	0.519	0.72	0.791	0.049	False	True	CD8 T	CD8 T	1.0	0.714	0.794	0.053	False	True	9538	3270	6.479345774795554	9996	3283	6.572629051620648	0.3092236894757903	0.1541616646658663	677	679	0.0676571890317556	True	False	
GTTCGCTTCGACATTG	SA_only	Low quality (no markers)	Low quality (no markers)	0.769	0.257	0.508	0.027	False	False	Low quality (no markers)	Low quality (no markers)	1.0	0.236	0.557	0.016	False	False	294	121	52.38095238095238	577	130	27.55632582322357	0.5268630849220104	0.0450606585788561	1287	1248	0.9703545382514752	False	True	9.999000099990002e-05
GTTCTATCAAATGAGT	shared	B	B	1.0	0.701	0.793	0.01	False	True	B	B	1.0	0.695	0.792	0.017	False	True	9378	2932	8.00810407336319	9843	2949	8.168241389820176	0.3210403332317383	0.1266890175759422	695	703	0.0698105486960473	True	False	
GTTCTATCACGTGTGC	shared	CD14 Mono	CD14 Mono	1.0	0.747	0.817	0.026	False	True	CD14 Mono	CD14 Mono	1.0	0.739	0.813	0.022	False	True	9325	3226	6.455764075067024	9692	3216	6.562113082955015	0.3240817168799009	0.1301073049938093	708	722	0.0556848216466253	True	False	
GTTCTATTCTACACTT	shared	NK	NK	1.0	0.689	0.765	0.008	False	True	NK	NK	0.958	0.682	0.779	0.011	False	True	9259	3443	2.5812722756237174	9738	3460	2.618607516943931	0.3726637913329225	0.1473608543848839	720	713	0.072761450577108	True	False	
GTTGAACAGGAACATT	shared	NK	NK	1.0	0.679	0.761	0.007	False	True	NK	NK	1.0	0.674	0.785	0.007	False	True	8597	3348	5.187856228917064	8975	3340	5.337047353760446	0.3448467966573816	0.1562116991643454	818	826	0.062071565625491	True	False	
GTTGAACGTACCCGCA	shared	CD14 Mono	CD14 Mono	1.0	0.814	0.87	0.034	False	True	CD14 Mono	CD14 Mono	1.0	0.809	0.868	0.034	False	True	23355	5460	7.231856133590238	24483	5508	7.311195523424417	0.3420740922272597	0.1148143609851733	81	80	0.068046057014082	True	False	
GTTGCGGAGCTGCCTG	shared	CD4 T	CD4 T	1.0	0.718	0.81	0.014	False	True	CD4 T	CD4 T	1.0	0.713	0.808	0.014	False	True	10452	3080	5.616150019135094	10955	3096	5.641259698767686	0.2582382473756275	0.1520766773162939	568	572	0.0678041174636172	True	False	
GTTGCTCAGTTTCGAC	shared	NK	NK	1.0	0.666	0.743	0.009	False	True	NK	NK	1.0	0.661	0.765	0.01	False	True	8024	3406	4.611166500498505	8451	3402	4.6148384806531775	0.3742752337001538	0.1527629866288013	895	892	0.0747913750379128	True	False	
GTTGCTCTCATTTCCA	shared	CD4 T	CD4 T	1.0	0.718	0.791	0.034	False	True	CD4 T	CD4 T	1.0	0.712	0.788	0.039	False	True	11527	3667	4.667302854168474	12110	3681	4.822460776218001	0.3802642444260941	0.1540875309661437	444	448	0.0711757520269186	True	False	
GTTGTAGCAGTTCTAG	shared	NK	NK	1.0	0.7	0.777	0.012	False	True	CD8 T	CD8 T	1.0	0.693	0.78	0.008	False	True	9068	2986	7.995147772386414	9510	3005	8.04416403785489	0.2766561514195583	0.1392218717139852	753	756	0.0686535563722203	True	False	
GTTGTGAAGACCTTTG	shared	Low quality (no markers)	Low quality (no markers)	1.0	0.232	0.869	0.024	False	False	Low quality (no markers)	Low quality (no markers)	1.0	0.209	0.847	0.021	False	False	681	31	97.2099853157122	757	38	92.47027741083224	0.0515191545574636	0.0026420079260237	1223	1224	0.1524261091469191	False	True	0.0001999800019998
GTTGTGATCTCGGTCT	shared	CD4 T	CD4 T	1.0	0.702	0.788	0.012	False	True	CD4 T	CD4 T	1.0	0.695	0.787	0.01	False	True	9628	2716	5.047777316161197	10125	2720	5.066666666666666	0.1885432098765432	0.1669135802469135	665	665	0.0726065065271057	True	False	
GTTTGGAGTGTATACC	shared	CD4 T	CD4 T	1.0	0.683	0.746	0.034	False	True	CD4 T	CD4 T	1.0	0.677	0.742	0.026	False	True	7542	3008	4.441792627950146	7897	3012	4.419399772065341	0.3208813473470938	0.1615803469672027	944	946	0.0663489418738051	True	False	
TAACGACCACATATGC	shared	CD4 T	CD4 T	1.0	0.714	0.804	0.024	False	True	CD4 T	CD4 T	1.0	0.707	0.801	0.042	False	True	10906	3220	4.612140106363469	11565	3235	4.634673584089927	0.3217466493731085	0.1546908776480761	504	497	0.0846356682025732	True	False	
TAACGACGTGCCTACG	shared	CD4 T	CD4 T	1.0	0.48	0.514	0.013	False	True	CD4 T	CD4 T	1.0	0.469	0.509	0.017	False	True	3786	1905	15.84786053882726	3977	1890	16.218254966054815	0.4953482524515967	0.1277344732210208	1130	1130	0.0709878549493247	True	False	
TAACTTCGTTGTGGAG	shared	NK	NK	1.0	0.67	0.752	0.009	False	True	NK	NK	1.0	0.663	0.768	0.009	False	True	7269	2932	5.365249690466364	7674	2951	5.407870732342976	0.3300755798801146	0.13513161323951	971	968	0.0782113863379472	True	False	
TAAGCACAGAAGCTGC	shared	CD4 T	CD4 T	1.0	0.73	0.804	0.036	False	True	CD4 T	CD4 T	1.0	0.723	0.8	0.032	False	True	10158	3219	7.826343768458358	10728	3244	7.727442207307979	0.2953952274422073	0.1445749440715883	601	594	0.0787572179130866	True	False	
TAAGCACTCACCATAG	shared	B	B	1.0	0.663	0.769	0.016	False	True	B	B	1.0	0.657	0.767	0.016	False	True	8085	2935	7.606679035250464	8439	2948	7.808982106884702	0.4019433582177983	0.1181419599478611	888	894	0.0618167953228528	True	False	
TAAGCCAGTCCAACGC	shared	NK	NK	0.588	0.432	0.486	0.017	False	True	CD8 T	CD8 T	0.8	0.42	0.472	0.016	False	True	2563	1437	18.4549356223176	2722	1433	18.626010286554003	0.455547391623806	0.1440117560617193	1157	1154	0.0868007204250549	False	True	9.999000099990002e-05
TAAGCCATCTGGCCTT	shared	B	B	1.0	0.672	0.774	0.016	False	True	B	B	1.0	0.667	0.772	0.016	False	True	8509	2970	8.673169585145141	8922	2988	8.731226182470298	0.4320780094149294	0.1199282672046626	830	829	0.0683697079954193	True	False	
TAAGCGTTCGTTGCCT	shared	B	B	1.0	0.635	0.713	0.024	False	True	B	B	1.0	0.628	0.712	0.019	False	True	5131	2166	8.088091989865523	5379	2158	8.310094813162298	0.2939208031232571	0.1280907231827477	1087	1089	0.0680850023543039	True	False	
TAAGCGTTCTGTCGTC	shared	CD4 T	CD4 T	1.0	0.719	0.799	0.036	False	True	CD4 T	CD4 T	1.0	0.713	0.797	0.062	False	True	8572	2653	5.261315912272515	9066	2650	5.217295389366865	0.2299801455989411	0.143944407677035	823	812	0.0808251415262808	True	False	
TAATTCCCACTCCGGA	shared	CD8 T	CD8 T	0.7	0.74	0.816	0.073	False	True	CD8 T	CD8 T	0.667	0.733	0.812	0.067	False	True	11800	3858	6.754237288135593	12409	3910	6.85792569908937	0.3440244983479732	0.1312756870013699	422	423	0.072593998769865	True	False	
TAATTCCGTATTGACC	shared	FCGR3A Mono	FCGR3A Mono	1.0	0.8	0.885	0.039	False	True	FCGR3A Mono	FCGR3A Mono	1.0	0.795	0.881	0.039	False	True	21161	4926	6.894759226879637	22327	4951	7.02288708738299	0.3693286155775518	0.1303802570878308	119	115	0.0773780479186593	True	False	
TAATTCCGTCAGTCCG	shared	CD4 T	CD4 T	1.0	0.741	0.821	0.108	False	True	CD4 T	CD4 T	1.0	0.735	0.82	0.136	False	True	12079	3582	4.983856279493335	12646	3616	5.021350624703463	0.3197058358374189	0.146607622963783	401	404	0.0661747485636689	True	False	
TACAACGAGGCCTGAA	SA_only	Platelet	CD4 T	0.538	0.231	0.604	0.088	False	False	Platelet	Platelet	0.688	0.227	0.618	0.088	False	False	464	172	18.103448275862068	532	177	16.729323308270676	0.0845864661654135	0.1165413533834586	1257	1255	0.1969048167637821	False	True	9.999000099990002e-05
TACAACGCAAAGGTTA	shared	CD4 T	CD4 T	0.696	0.714	0.807	0.032	False	True	CD4 T	CD4 T	1.0	0.71	0.806	0.039	False	True	10152	3031	6.205673758865248	10773	3072	6.24709922955537	0.2716049382716049	0.1405365265014387	603	592	0.085647893556024	True	False	
TACAACGCATAGATCC	shared	CD4 T	CD4 T	1.0	0.718	0.807	0.073	False	True	CD4 T	CD4 T	1.0	0.711	0.803	0.088	False	True	10591	3305	5.419695968274951	11215	3332	5.421310744538564	0.3562193490860454	0.1481052162282657	541	534	0.0825832272034053	True	False	
TACACCCTCGACTCCT	shared	CD8 T	CD8 T	1.0	0.726	0.801	0.029	False	True	CD8 T	CD8 T	1.0	0.719	0.79	0.024	False	True	12641	3641	5.577090420061704	13287	3676	5.60698427033943	0.3723188078573041	0.1451794987581847	363	359	0.0718992584239137	True	False	
TACAGGTTCCTTACCG	shared	CD4 T	CD4 T	0.882	0.748	0.837	0.073	False	True	CD4 T	CD4 T	0.882	0.742	0.834	0.067	False	True	14625	3990	7.17948717948718	15445	4021	7.309808999676271	0.3122045969569439	0.1263839430236322	273	270	0.0786980093524236	True	False	
TACATTCGTGGCTTAT	shared	CD4 T	CD4 T	1.0	0.76	0.844	0.057	False	True	CD4 T	CD4 T	1.0	0.753	0.841	0.045	False	True	14568	3860	7.063426688632619	15360	3887	7.141927083333333	0.29375	0.1293619791666666	276	274	0.0763702826467339	True	False	
TACCGGGTCCTCGATC	shared	Platelet	Platelet	0.8	0.264	0.721	0.08	False	True	Platelet	Platelet	0.857	0.258	0.723	0.08	False	True	1036	481	3.088803088803089	1154	491	2.946273830155979	0.0537261698440207	0.1039861351819757	1191	1189	0.1554769574901943	False	True	9.999000099990002e-05
TACCTCGCACCCAACG	shared	CD8 T	CD8 T	1.0	0.708	0.794	0.027	False	True	CD8 T	CD8 T	0.933	0.703	0.783	0.024	False	True	11700	3381	6.136752136752137	12369	3409	6.160562697065243	0.3271080928126768	0.1409976554288948	428	425	0.0802136685063919	True	False	
TACCTGCAGTCACGCC	shared	Low quality (no markers)	Low quality (no markers)	1.0	0.264	0.786	0.026	False	False	Low quality (no markers)	Low quality (no markers)	0.941	0.237	0.78	0.021	False	False	1673	94	93.54453078302453	1951	128	86.26345463864685	0.0937980522808816	0.0056381342901076	1175	1173	0.2216535250125426	False	True	9.999000099990002e-05
TACCTGCAGTCTGCAT	shared	CD4 T	CD4 T	1.0	0.743	0.823	0.073	False	True	CD4 T	CD4 T	1.0	0.739	0.821	0.08	False	True	13448	3943	4.915229030339084	14173	4005	4.953079799618994	0.3209623932830029	0.1375855499894165	310	306	0.0757480489269787	True	False	
TACCTGCTCCAAGCTA	shared	B	B	1.0	0.674	0.779	0.022	False	True	B	B	1.0	0.667	0.775	0.018	False	True	9622	3265	6.495531074620661	10160	3296	6.515748031496063	0.4137795275590551	0.1165354330708661	667	661	0.0784837587964132	True	False	
TACGCTCGTCAATCTG	shared	Low quality (no markers)	Low quality (no markers)	0.95	0.206	0.907	0.026	False	False	Low quality (no markers)	Low quality (no markers)	0.938	0.195	0.903	0.021	False	False	841	19	97.85969084423306	926	23	96.1123110151188	0.0237580993520518	0.0010799136069114	1208	1207	0.1387491055591346	False	True	9.999000099990002e-05
TACGCTCTCTCGGTCT	shared	CD14 Mono	CD14 Mono	1.0	0.828	0.886	0.032	False	True	CD14 Mono	CD14 Mono	1.0	0.822	0.883	0.032	False	True	26423	5676	5.483858759414146	27614	5729	5.540667777214456	0.3469254725863692	0.1147606286666183	38	40	0.0636032526728997	True	False	
TACGCTCTCTTAAGGC	shared	B	B	1.0	0.692	0.793	0.029	False	True	B	B	1.0	0.684	0.787	0.042	False	True	9836	3399	6.120374135827572	10328	3425	6.167699457784663	0.3904918667699458	0.1158985282726568	644	647	0.0704102791768547	True	False	
TACGGGCTCAACGAGG	shared	CD8 T	CD8 T	1.0	0.725	0.793	0.024	False	True	CD8 T	CD8 T	1.0	0.718	0.787	0.024	False	True	10446	3181	7.8786138234731	11081	3166	8.122010648858407	0.2422164064615106	0.1414132298529013	569	552	0.0851295601348607	True	False	
TACGGGCTCTACCACC	shared	CD4 T	CD4 T	0.895	0.698	0.784	0.018	False	True	CD4 T	CD4 T	0.824	0.691	0.782	0.021	False	True	9973	3290	6.467462147799058	10539	3290	6.632507828067179	0.328968592845621	0.1473574342916785	617	613	0.0796307588594627	True	False	
TACGTCCCAAGTGATA	shared	CD14 Mono	CD14 Mono	1.0	0.781	0.85	0.053	False	True	CD14 Mono	CD14 Mono	1.0	0.774	0.846	0.036	False	True	12881	3836	6.730843878580855	13459	3864	6.887584515937291	0.2934839141095178	0.1206627535478118	346	348	0.0633218129177499	True	False	
TACGTCCCATGTGTCA	shared	CD8 T	CD8 T	1.0	0.656	0.729	0.049	False	True	CD8 T	CD8 T	1.0	0.649	0.727	0.057	False	True	7061	2907	12.33536326299391	7408	2898	12.446004319654428	0.3604211663066954	0.1382289416846652	992	991	0.0692020126080235	True	False	
TACTTACAGGCATCTT	shared	Low quality (no markers)	Low quality (no markers)	1.0	0.218	0.875	0.024	False	False	Low quality (no markers)	Low quality (no markers)	0.952	0.204	0.871	0.021	False	False	760	31	97.36842105263158	840	35	93.57142857142856	0.044047619047619	0.0023809523809523	1214	1213	0.1442093467515987	False	True	9.999000099990002e-05
TACTTCATCATGCCGG	shared	NK	NK	1.0	0.728	0.795	0.008	False	True	CD8 T	CD8 T	1.0	0.721	0.792	0.006	False	True	10278	3424	8.143607705779335	10818	3451	8.38417452394158	0.2734331669439822	0.1423553337030874	590	584	0.0738672393261267	True	False	
TAGACCAGTCTCGGGT	shared	CD4 T	CD4 T	1.0	0.546	0.604	0.049	False	True	CD4 T	CD4 T	1.0	0.535	0.595	0.042	False	True	6443	2811	9.66940866056185	6764	2849	9.787108219988172	0.5498225901833235	0.1438497930218805	1031	1030	0.0701334401573307	True	False	
TAGACTGAGATTGTGA	shared	B	B	1.0	0.722	0.787	0.024	False	True	B	B	1.0	0.715	0.783	0.026	False	True	10341	3356	7.513780098636495	10875	3361	7.622988505747126	0.3085057471264368	0.1302068965517241	581	576	0.0726328465413709	True	False	
TAGACTGGTCTTGAAC	shared	CD14 Mono	CD14 Mono	1.0	0.785	0.847	0.026	False	True	CD14 Mono	CD14 Mono	1.0	0.779	0.844	0.026	False	True	12565	3869	7.321925984878631	13058	3873	7.236942870271098	0.2884055751263593	0.1191606677898606	367	376	0.0555189407629519	True	False	
TAGACTGTCGCCGAGT	shared	CD14 Mono	CD14 Mono	1.0	0.81	0.88	0.053	False	True	CD14 Mono	CD14 Mono	1.0	0.804	0.877	0.067	False	True	19328	4857	7.046771523178808	20286	4864	7.088632554471064	0.2974465148378192	0.1146110618160307	162	159	0.0697885374870882	True	False	
TAGAGTCGTTGTGTAC	shared	CD14 Mono	CD14 Mono	1.0	0.794	0.859	0.039	False	True	CD14 Mono	CD14 Mono	1.0	0.788	0.855	0.045	False	True	15527	4268	6.272943904166935	17745	4260	6.407438715131023	0.2751197520428289	0.12690898844745	249	215	0.1926218504395837	True	False	
TAGATCGCAAATGGTA	shared	CD14 Mono	CD14 Mono	1.0	0.767	0.833	0.032	False	True	CD14 Mono	CD14 Mono	1.0	0.76	0.83	0.032	False	True	10113	3239	7.673291802630278	10578	3230	7.808659481943657	0.2742484401588202	0.116373605596521	606	608	0.0648495768395594	True	False	
TAGATCGCACACGCCA	shared	CD4 T	CD4 T	1.0	0.697	0.788	0.024	False	True	CD4 T	CD4 T	1.0	0.691	0.787	0.027	False	True	8860	2769	6.489841986455982	9324	2770	6.585156585156585	0.2761690261690261	0.1636636636636636	784	780	0.073634203378686	True	False	
TAGATCGTCACAACCA	shared	CD14 Mono	CD14 Mono	1.0	0.821	0.887	0.049	False	True	CD14 Mono	CD14 Mono	1.0	0.815	0.884	0.036	False	True	21270	4948	6.544428772919605	22298	4981	6.619427751367836	0.3000717553143779	0.1223428110144407	116	116	0.0680911544523997	True	False	
TAGCACAAGTACTCGT	shared	CD14 Mono	CD14 Mono	1.0	0.724	0.793	0.024	False	True	CD14 Mono	CD14 Mono	1.0	0.718	0.791	0.019	False	True	7226	2728	5.923055632438417	7523	2708	5.994948823607603	0.3050644689618503	0.1226904160574239	977	982	0.0581029545635681	True	False	
TAGGAGGCAAGACCTT	shared	B	B	1.0	0.634	0.738	0.019	False	True	B	B	1.0	0.628	0.736	0.019	False	True	5549	2244	6.794016939989187	5808	2248	6.732093663911845	0.3514118457300275	0.1236225895316804	1076	1076	0.065802058395746	True	False	
TAGGAGGGTTCCAGGC	shared	B	B	1.0	0.701	0.805	0.012	False	True	B	B	1.0	0.694	0.802	0.016	False	True	10359	3420	9.07423496476494	10877	3423	9.239680058839754	0.3540498299163372	0.12172474027765	579	575	0.070389327891398	True	False	
TAGGGTTAGAGAGCGG	shared	CD4 T	CD4 T	1.0	0.73	0.809	0.067	False	True	CD4 T	CD4 T	1.0	0.724	0.807	0.062	False	True	10559	3310	5.843356378444929	11064	3334	5.86587129428778	0.2885936370209689	0.1357556037599421	547	555	0.0673936164425582	True	False	
TAGGGTTAGGAACATT	shared	B	B	1.0	0.692	0.78	0.019	False	True	B	B	1.0	0.685	0.776	0.024	False	True	9098	3143	7.221367333479885	9515	3181	7.272727272727272	0.3547031003678402	0.1196006305832895	746	750	0.0646472730798076	True	False	
TAGGGTTCAAGAAACT	shared	B	B	1.0	0.609	0.712	0.012	False	True	B	B	1.0	0.603	0.708	0.016	False	True	4601	2120	6.281243207998261	4837	2127	6.553648955964441	0.4655778375025842	0.1108124870787678	1102	1102	0.0721497857558354	True	False	
TAGGTACGTGTCATCA	shared	CD14 Mono	CD14 Mono	1.0	0.827	0.888	0.042	False	True	CD14 Mono	CD14 Mono	1.0	0.821	0.887	0.036	False	True	22100	5164	5.751131221719457	23055	5195	5.7514638906961615	0.2909130340490132	0.1205812188245499	98	99	0.0610305921668848	True	False	
TAGGTACTCGAAGCAG	shared	NK	NK	1.0	0.668	0.745	0.009	False	True	NK	NK	1.0	0.661	0.771	0.008	False	True	8314	3351	4.919413038248737	8707	3356	4.938555185482945	0.3584472263695877	0.1494200068910072	860	858	0.0666251440135753	True	False	
TAGTGCACACTCGATA	shared	CD14 Mono	CD14 Mono	1.0	0.783	0.853	0.021	False	True	CD14 Mono	CD14 Mono	1.0	0.778	0.851	0.026	False	True	14589	4156	5.401329769004044	15133	4153	5.511134606489129	0.3323861759069583	0.1241657305226987	274	280	0.0528134669870012	True	False	
TAGTGCACAGAGGAAA	shared	CD14 Mono	CD14 Mono	1.0	0.827	0.889	0.057	False	True	CD14 Mono	CD14 Mono	1.0	0.82	0.887	0.062	False	True	23360	5294	5.299657534246576	24030	5279	5.27257594673325	0.3122763212650853	0.1192675821889305	80	87	0.0407946523638265	True	False	
TATACCTGTTCTCGTC	shared	NK	NK	0.9	0.732	0.802	0.013	False	True	CD8 T	CD8 T	1.0	0.726	0.803	0.016	False	True	10586	3414	9.172491970527112	11149	3426	9.301282626244506	0.2713247824917033	0.1476365593326755	543	540	0.0747498741941491	True	False	
TATACCTTCTGTCCGT	shared	CD14 Mono	CD14 Mono	1.0	0.768	0.843	0.022	False	True	CD14 Mono	CD14 Mono	1.0	0.763	0.84	0.034	False	True	15021	4055	5.925038279741695	15698	4087	5.911581093132884	0.3817683781373423	0.136195693718945	262	262	0.0635957615217451	True	False	
TATATCCCATGCGTGC	shared	B	B	1.0	0.676	0.776	0.013	False	True	B	B	1.0	0.666	0.771	0.018	False	True	7149	2568	9.455867953559938	7545	2565	9.529489728296886	0.3180914512922465	0.1396951623591782	986	977	0.0777688582569954	True	False	
TATCGCCTCTCCCAAC	shared	CD14 Mono	CD14 Mono	0.619	0.844	0.89	0.062	False	True	CD14 Mono	CD14 Mono	0.636	0.839	0.888	0.053	False	True	32432	5989	5.1831524420325605	33952	6061	5.239750235626767	0.340009425070688	0.1183140904806786	14	15	0.0660765760137526	True	False	
TATCTTGTCCATCTCG	shared	cDC	cDC	0.722	0.84	0.915	0.057	False	True	cDC	cDC	0.583	0.835	0.913	0.067	False	True	41633	6951	4.85672423318041	43331	6966	4.938727469940689	0.2646373266252798	0.1351918949481895	5	5	0.0576706535912932	True	False	
TATCTTGTCGGCTTGG	shared	CD14 Mono	CD14 Mono	1.0	0.475	0.541	0.011	False	True	CD14 Mono	CD14 Mono	1.0	0.471	0.539	0.014	False	True	1224	779	5.718954248366013	1276	777	5.877742946708464	0.2547021943573668	0.1426332288401254	1184	1185	0.0599767758127909	False	True	9.999000099990002e-05
TATGTTCAGTATGGAT	shared	CD8 T	CD8 T	1.0	0.695	0.763	0.019	False	True	CD8 T	CD8 T	1.0	0.691	0.762	0.021	False	True	8854	3251	8.18838942850689	9345	3261	8.432316746923489	0.3234884965222044	0.1522739432851792	786	777	0.0778567302255229	True	False	
TATTGCTTCTCGAACA	shared	NK	NK	0.885	0.686	0.761	0.032	False	True	NK	NK	0.864	0.681	0.763	0.034	False	True	8635	3376	5.836711059640996	9033	3406	5.867375179895937	0.3678733532602679	0.1455773275766633	815	818	0.0650016704150108	True	False	
TCAAGCATCCACTTTA	shared	CD4 T	CD4 T	1.0	0.743	0.83	0.08	False	True	CD4 T	CD4 T	1.0	0.737	0.826	0.108	False	True	13537	3801	5.850631602275246	14223	3795	5.905927019616115	0.3234198129789777	0.1442030513956268	305	302	0.0713126072953247	True	False	
TCAATCTAGAGGTTTA	shared	CD4 T	CD4 T	1.0	0.716	0.799	0.024	False	True	CD4 T	CD4 T	1.0	0.709	0.796	0.024	False	True	10230	3296	4.965786901270772	10743	3295	5.045145676254305	0.3059666759750535	0.147631015545006	593	593	0.0705840457788636	True	False	
TCAATCTGTTTCCCAC	shared	B	B	1.0	0.68	0.795	0.012	False	True	B	B	1.0	0.676	0.792	0.017	False	True	9844	3050	5.912230800487607	10347	3098	5.866434715376438	0.4185754324925099	0.1206146709191069	640	645	0.0718888478958248	True	False	
TCACAAGGTAGTGGCA	shared	CD8 T	CD8 T	1.0	0.711	0.797	0.018	False	True	CD8 T	CD8 T	1.0	0.704	0.79	0.017	False	True	11093	2888	7.53628414315334	11715	2916	7.580025608194623	0.2586427656850192	0.1376867264191207	485	479	0.0787004677540149	True	False	
TCACAAGGTGGATACG	shared	CD14 Mono	CD14 Mono	1.0	0.802	0.87	0.042	False	True	CD14 Mono	CD14 Mono	1.0	0.795	0.867	0.045	False	True	17038	4566	7.142857142857143	17961	4594	7.109849117532431	0.3160180390846834	0.1324536495740771	212	209	0.0761073297204207	True	False	
TCACACCCACCAGCCA	shared	CD14 Mono	CD14 Mono	1.0	0.823	0.878	0.026	False	True	CD14 Mono	CD14 Mono	1.0	0.818	0.875	0.027	False	True	28630	6007	4.512748864827104	30005	6039	4.592567905349108	0.3859023496083986	0.1220463256123979	26	26	0.0676729503972019	True	False	
TCACACCGTCTCACGG	shared	NK	NK	1.0	0.743	0.812	0.016	False	True	CD8 T	CD8 T	1.0	0.735	0.812	0.01	False	True	11633	3504	9.576205621937593	12421	3506	9.677159648981563	0.2242170517671685	0.1444328153932855	436	421	0.0945502636187577	True	False	
TCACACCGTTAAACCC	shared	CD14 Mono	CD14 Mono	1.0	0.812	0.872	0.027	False	True	CD14 Mono	CD14 Mono	1.0	0.807	0.869	0.032	False	True	21815	5127	7.517763007105203	22871	5149	7.529185431332255	0.3881334440995146	0.1203707752175243	105	103	0.0681959197158349	True	False	
TCACACCTCTGGGAGA	shared	CD4 T	CD4 T	1.0	0.684	0.755	0.029	False	True	CD4 T	CD4 T	1.0	0.676	0.752	0.032	False	True	6883	2582	8.891471741972977	7303	2597	8.87306586334383	0.34451595234835	0.1465151307681774	1001	997	0.0854396679440183	True	False	
TCACACCTCTTACCAT	shared	CD8 T	CD8 T	0.55	0.697	0.774	0.057	False	True	CD8 T	CD8 T	1.0	0.692	0.768	0.067	False	True	11444	3727	5.76721426074799	12027	3781	5.886754801696184	0.483578614783404	0.1489149413818907	457	460	0.0716793101309537	True	False	
TCACATTCAGAACTAA	shared	FCGR3A Mono	FCGR3A Mono	1.0	0.784	0.877	0.034	False	True	FCGR3A Mono	FCGR3A Mono	1.0	0.782	0.876	0.039	False	True	21978	5059	6.2653562653562656	23124	5083	6.361356166753157	0.395433316035288	0.1411520498183705	102	98	0.0733276175520079	True	False	
TCACATTCATGCCATA	shared	CD4 T	CD4 T	1.0	0.744	0.827	0.073	False	True	CD4 T	CD4 T	1.0	0.741	0.824	0.067	False	True	13383	3759	6.463423746544123	14124	3815	6.634097989238176	0.3250495610308694	0.1386292834890965	313	309	0.077741517038922	True	False	
TCACGCTAGGACATCG	shared	NK	NK	1.0	0.729	0.805	0.007	False	True	CD8 T	CD8 T	1.0	0.721	0.799	0.007	False	True	10666	3518	6.731670729420589	11222	3522	6.78132240242381	0.2953127784708608	0.1531812511138834	532	533	0.0733038838154501	True	False	
TCACGCTGTCTGCCTT	shared	CD4 T	CD4 T	1.0	0.707	0.793	0.027	False	True	CD4 T	CD4 T	1.0	0.701	0.792	0.034	False	True	10029	3179	4.068202213580617	10501	3182	4.161508427768784	0.3186363203504428	0.1639843824397676	611	619	0.066342494828696	True	False	
TCACGCTTCACTAGCA	shared	CD8 T	CD8 T	1.0	0.732	0.813	0.029	False	True	CD8 T	CD8 T	1.0	0.725	0.805	0.027	False	True	12050	3489	8.87136929460581	12723	3513	8.983730252298987	0.2841311011553878	0.1379391652912049	405	400	0.0783994097728903	True	False	
TCACGCTTCGCTGACG	shared	Platelet	Platelet	0.929	0.245	0.665	0.08	False	True	Platelet	Platelet	0.917	0.244	0.678	0.073	False	True	559	315	11.627906976744184	626	319	10.702875399361025	0.0718849840255591	0.1102236421725239	1240	1240	0.1630386158570725	False	True	9.999000099990002e-05
TCACGCTTCGGACTGC	shared	CD4 T	CD4 T	0.867	0.726	0.808	0.097	False	True	CD4 T	CD4 T	1.0	0.72	0.806	0.045	False	True	10210	3005	7.8256611165524	10778	3016	7.923547968083132	0.2608090554833921	0.1540174429393208	597	591	0.078099179718742	True	False	
TCACGGGCAACCGACC	shared	CD14 Mono	CD14 Mono	1.0	0.83	0.893	0.036	False	True	CD14 Mono	CD14 Mono	1.0	0.825	0.892	0.032	False	True	23375	5141	6.066310160427808	24586	5182	6.129504596111608	0.2898397461970227	0.1192955340437647	79	78	0.072867630974005	True	False	
TCACTATGTTTAGACC	shared	NK	NK	1.0	0.726	0.797	0.009	False	True	CD8 T	CD8 T	0.968	0.722	0.798	0.01	False	True	11274	3679	7.35320205783218	11893	3697	7.424535441015723	0.30950979567813	0.1479862103758513	471	470	0.0771065473460982	True	False	
TCACTCGCAAAGCAAT	shared	CD14 Mono	CD14 Mono	1.0	0.821	0.877	0.026	False	True	CD14 Mono	CD14 Mono	1.0	0.815	0.874	0.024	False	True	22065	5128	6.082030364831181	23048	5145	6.14370010413051	0.3331742450538008	0.1313779937521693	99	100	0.0628790297903029	True	False	
TCACTCGGTCAACCAT	shared	CD4 T	CD4 T	1.0	0.733	0.824	0.034	False	True	CD4 T	CD4 T	1.0	0.727	0.822	0.036	False	True	11666	3288	6.506086062060689	12358	3323	6.400712089334844	0.2989966013918109	0.1524518530506554	430	426	0.0831283750145692	True	False	
TCACTCGTCGGTCATA	shared	CD14 Mono	CD14 Mono	0.957	0.814	0.864	0.022	False	True	CD14 Mono	CD14 Mono	1.0	0.809	0.861	0.026	False	True	19132	4833	6.3924315283295	19837	4833	6.482835106114836	0.3173867016181882	0.1252709583102283	167	169	0.0522034835252523	True	False	
TCAGCAACAAATCAAG	shared	CD14 Mono	CD14 Mono	0.867	0.814	0.855	0.067	False	True	CD14 Mono	CD14 Mono	0.625	0.808	0.851	0.067	False	True	20221	4951	6.3201622076059545	21225	4969	6.4263839811543	0.3149116607773851	0.1183981154299175	136	133	0.0699068336847009	True	False	
TCAGCAAGTATGACAA	shared	cDC	cDC	0.75	0.832	0.896	0.062	False	True	cDC	cDC	0.75	0.827	0.896	0.073	False	True	27557	5765	5.737199259716225	29066	5795	5.848757999036676	0.2896855432464047	0.1215509530035092	32	32	0.0769109894614293	True	False	
TCAGGGCTCATGCGGC	shared	CD4 T	CD4 T	1.0	0.753	0.837	0.108	False	True	CD4 T	CD4 T	1.0	0.747	0.835	0.08	False	True	13306	3600	5.448669773034721	14070	3606	5.394456289978678	0.252594171997157	0.150319829424307	321	313	0.0805395027350693	True	False	
TCAGGTACAATCGCAT	shared	B	B	1.0	0.668	0.771	0.011	False	True	B	B	1.0	0.664	0.77	0.016	False	True	7799	2821	8.629311450185922	8198	2831	8.61185655037814	0.3680165894120517	0.1386923639912173	917	915	0.07197383660739	True	False	
TCAGGTAGTATGGTAA	shared	CD4 T	CD4 T	0.652	0.744	0.822	0.212	True	True	CD4 T	CD4 T	0.593	0.738	0.822	0.097	False	True	11056	3260	9.361432706222866	11646	3273	9.428129829984544	0.2776919113858835	0.1408208827065086	489	487	0.0749983928640596	True	False	
TCAGTCCGTAAGATCA	shared	CD14 Mono	CD14 Mono	0.9	0.824	0.863	0.036	False	True	CD14 Mono	CD14 Mono	0.941	0.817	0.86	0.029	False	True	20844	5152	6.5102667434273656	21525	5135	6.652729384436702	0.2794425087108014	0.1263182346109175	125	127	0.0463788880788298	True	False	
TCAGTCCGTCTCTCAC	shared	CD4 T	CD4 T	1.0	0.746	0.821	0.053	False	True	CD4 T	CD4 T	1.0	0.742	0.82	0.073	False	True	14828	4160	4.848934448340977	15656	4189	4.8863055697496165	0.3160449667858968	0.1482498722534491	266	263	0.0783864954807458	True	False	
TCAGTTTAGGATATAC	shared	CD14 Mono	CD14 Mono	1.0	0.813	0.865	0.024	False	True	CD14 Mono	CD14 Mono	1.0	0.81	0.863	0.022	False	True	18058	4610	7.39284527633182	18863	4626	7.501457880506813	0.3001113290568838	0.1243704606902401	184	187	0.0629176162695757	True	False	
TCATACTCAGGTACGA	shared	CD8 T	NK	0.533	0.711	0.777	0.049	False	True	CD8 T	CD8 T	1.0	0.705	0.78	0.057	False	True	8882	3186	8.263904526007655	9384	3215	8.312020460358056	0.3239556692242114	0.146845694799659	779	772	0.0793097538195266	True	False	
TCATACTTCAGAGCAG	shared	CD4 T	CD4 T	1.0	0.713	0.786	0.062	False	True	CD4 T	CD4 T	0.85	0.708	0.783	0.08	False	True	8912	3073	7.697486535008976	9319	3049	7.86565082090353	0.2839360446399828	0.1448653288979504	773	781	0.064418848985072	True	False	
TCATATCCATGCTGCG	shared	pDC	pDC	0.538	0.718	0.89	0.088	False	True	pDC	pDC	0.5	0.713	0.888	0.088	False	True	18709	5075	4.463092629215885	19767	5111	4.482217837810492	0.3644457934942075	0.1266757727525674	173	171	0.079357357200638	True	False	
TCATCATAGCACACAG	shared	CD14 Mono	CD14 Mono	1.0	0.788	0.863	0.036	False	True	CD14 Mono	CD14 Mono	1.0	0.783	0.86	0.045	False	True	19925	4634	6.278544542032623	20874	4647	6.476956979975089	0.3639934847178308	0.1222573536456836	147	146	0.0671240689122745	True	False	
TCATCATGTTGCACGC	shared	CD14 Mono	CD14 Mono	0.958	0.771	0.842	0.042	False	True	CD14 Mono	CD14 Mono	0.966	0.767	0.841	0.034	False	True	12384	3785	6.395348837209302	12853	3790	6.473196919007235	0.3575818874970824	0.132031432350424	378	390	0.0536235089028933	True	False	
TCATCCGTCCAACTGA	shared	B	B	1.0	0.704	0.8	0.021	False	True	B	B	1.0	0.699	0.798	0.029	False	True	9210	2995	4.473398479913138	9734	3023	4.530511608793918	0.3463118964454489	0.1324224368193959	725	715	0.0798231867196919	True	False	
TCATGCCCAAAGCGTG	shared	NK	NK	0.8	0.711	0.781	0.032	False	True	CD8 T	CD8 T	1.0	0.704	0.776	0.029	False	True	8942	3001	10.54573920823082	9516	3037	10.540142917192098	0.2471626733921816	0.1377679697351828	771	749	0.0897479950447295	True	False	
TCATGCCGTGTCTTAG	shared	CD8 T	CD8 T	1.0	0.721	0.802	0.019	False	True	CD8 T	CD8 T	1.0	0.714	0.792	0.021	False	True	10748	3159	7.964272422776331	11328	3181	7.980225988700565	0.2771892655367232	0.1352401129943503	524	521	0.0758180720838699	True	False	
TCATGTTAGAGGCGGA	shared	B	B	1.0	0.699	0.783	0.024	False	True	B	B	1.0	0.692	0.778	0.032	False	True	8639	3008	5.660377358490566	8953	2995	5.875125656204625	0.3401094605160281	0.1355970065899698	814	827	0.0515010058527134	True	False	
TCATGTTGTGTGTGTT	shared	CD4 T	CD4 T	1.0	0.661	0.757	0.01	False	True	CD4 T	CD4 T	1.0	0.656	0.755	0.018	False	True	6384	2198	5.184837092731829	6707	2197	5.248248099001044	0.2658416579692858	0.1571492470553153	1035	1034	0.0711960689742602	True	False	
TCATTACGTGCATGAG	shared	CD8 T	CD8 T	0.812	0.695	0.76	0.039	False	True	CD8 T	CD8 T	0.941	0.69	0.764	0.045	False	True	7922	2982	7.864175713203736	8301	2990	7.878568847126852	0.3209251897361763	0.1531140826406457	903	906	0.0674121297153586	True	False	
TCATTGTGTGAGCAGT	shared	CD4 T	CD4 T	1.0	0.691	0.777	0.022	False	True	CD4 T	CD4 T	0.952	0.684	0.775	0.017	False	True	8948	3005	6.426016987036209	9398	3016	6.352415407533518	0.3070866141732283	0.1325814002979357	769	769	0.0707807920358411	True	False	
TCCATCGGTTTAGTCG	shared	B	B	1.0	0.714	0.799	0.018	False	True	B	B	1.0	0.706	0.796	0.019	False	True	10556	3294	6.413414172034861	11060	3293	6.564195298372513	0.2877034358047016	0.1338155515370705	548	556	0.0672819023441533	True	False	
TCCCACACACTAGAGG	shared	Low quality (no markers)	Low quality (no markers)	1.0	0.202	0.902	0.024	False	False	Low quality (no markers)	Low quality (no markers)	1.0	0.187	0.905	0.021	False	False	901	25	98.1132075471698	1028	33	92.12062256809338	0.061284046692607	0.0048638132295719	1199	1198	0.1900436436385876	False	True	9.999000099990002e-05
TCCCACACAGACCAAG	shared	CD14 Mono	CD14 Mono	1.0	0.786	0.859	0.024	False	True	CD14 Mono	CD14 Mono	1.0	0.78	0.856	0.018	False	True	15743	4250	5.786698850282665	16518	4255	5.87238164426686	0.3195302094684586	0.1319166969366751	246	243	0.0693242281160089	True	False	
TCCCACAGTTGACGGA	shared	Low quality (no markers)	Low quality (no markers)	0.933	0.226	0.511	0.018	False	False	Low quality (no markers)	Low quality (no markers)	0.833	0.217	0.541	0.022	False	False	629	208	66.29570747217807	667	204	65.36731634182908	0.2263868065967016	0.0419790104947526	1229	1233	0.0844962740867734	False	True	9.999000099990002e-05
TCCCAGTAGACCGTTT	shared	CD14 Mono	CD14 Mono	1.0	0.77	0.841	0.042	False	True	CD14 Mono	CD14 Mono	1.0	0.766	0.84	0.036	False	True	12934	3879	6.548631513839493	13492	3893	6.611325229765787	0.3004002371775867	0.1284464868069967	339	344	0.0609310951485652	True	False	
TCCCAGTTCGACATAC	shared	CD14 Mono	CD14 Mono	1.0	0.773	0.848	0.034	False	True	CD14 Mono	CD14 Mono	1.0	0.767	0.844	0.026	False	True	14502	4204	6.688732588608468	15151	4224	6.778430466635865	0.3800409213913273	0.1204540954392449	281	279	0.0631568779234519	True	False	
TCCCATGTCGGCCCAA	shared	CD4 T	CD4 T	1.0	0.64	0.725	0.034	False	True	CD4 T	CD4 T	1.0	0.633	0.722	0.014	False	True	5195	1974	11.857555341674686	5497	1987	12.024740767691467	0.2881571766418046	0.1726396216117882	1086	1084	0.081505476065072	True	False	
TCCGATCTCAAACCTG	shared	CD4 T	CD4 T	1.0	0.736	0.811	0.027	False	True	CD4 T	CD4 T	1.0	0.73	0.808	0.045	False	True	11521	3630	4.279142435552469	12009	3642	4.296777416937297	0.3058539428761762	0.1487217919893413	447	462	0.0598449881137666	True	False	
TCCTCCCAGTCTAACC	shared	CD14 Mono	CD14 Mono	1.0	0.757	0.84	0.016	False	True	CD14 Mono	CD14 Mono	1.0	0.753	0.838	0.016	False	True	14560	3948	6.167582417582418	15211	3960	6.304647952139899	0.385050292551443	0.1221484452041286	277	277	0.0631004057491989	True	False	
TCCTCGATCTCTCGAC	shared	CD4 T	CD4 T	1.0	0.696	0.765	0.053	False	True	CD4 T	CD4 T	0.929	0.69	0.759	0.057	False	True	8777	3311	5.332118035775322	9216	3329	5.501302083333333	0.404296875	0.1570095486111111	798	801	0.0704049805209651	True	False	
TCCTCTTAGAGTGAAG	shared	CD14 Mono	CD14 Mono	1.0	0.809	0.873	0.073	False	True	CD14 Mono	CD14 Mono	1.0	0.804	0.87	0.053	False	True	18371	4540	7.522726035599586	19378	4558	7.601403653627825	0.311384043760966	0.121065125399938	178	177	0.076985437692263	True	False	
TCCTCTTAGCCAAGGT	shared	CD14 Mono	CD14 Mono	1.0	0.858	0.865	0.317	True	True	CD14 Mono	CD14 Mono	0.933	0.852	0.862	0.317	True	True	30651	6615	6.071580046328015	31951	6681	6.196989139620043	0.3574848987512128	0.1266627022628399	17	17	0.0599250270797418	True	False	
TCCTTCTCAACTCGTA	shared	cDC	cDC	0.75	0.828	0.894	0.057	False	True	cDC	cDC	0.75	0.823	0.892	0.067	False	True	30155	6091	5.647487978776322	31638	6156	5.686200139073266	0.3101965990264871	0.119255325873949	18	18	0.0692589248493677	True	False	
TCCTTTCTCGCTGTCT	shared	pDC	pDC	0.538	0.745	0.9	0.088	False	True	pDC	pDC	0.5	0.741	0.898	0.088	False	True	23539	5570	3.415608139683079	24731	5612	3.424851401075573	0.3958190125753103	0.128260078444058	77	73	0.0712645903346057	True	False	
TCGAAGTGTATCAGGG	shared	NK	NK	0.824	0.706	0.779	0.018	False	True	CD8 T	CD8 T	1.0	0.699	0.779	0.013	False	True	8583	3027	8.924618431783758	9026	3019	9.073786838023487	0.2807445158431199	0.1377132727675603	822	820	0.072596531297971	True	False	
TCGACCTCAAAGACTA	shared	CD4 T	CD4 T	1.0	0.714	0.798	0.034	False	True	CD4 T	CD4 T	1.0	0.709	0.796	0.042	False	True	9926	3194	5.631674390489623	10448	3235	5.656584992343032	0.2981431852986217	0.15447932618683	623	629	0.0739351812741837	True	False	
TCGACCTCAAGTAGTA	shared	B	B	1.0	0.754	0.777	0.108	False	True	B	B	1.0	0.747	0.778	0.097	False	True	38652	5354	5.016558004760427	41008	5402	5.035602809207959	0.1703570035115099	0.0936890362856028	6	6	0.0853601728243735	True	False	
TCGACGGTCGAAGTGG	shared	CD4 T	CD4 T	1.0	0.709	0.76	0.034	False	True	CD4 T	CD4 T	1.0	0.703	0.757	0.026	False	True	9461	3433	5.866187506606067	9959	3421	5.9443719248920575	0.3333668038959735	0.152123707199518	689	685	0.0740005814437767	True	False	
TCGATTTGTACGCTTA	shared	CD8 T	CD8 T	1.0	0.744	0.815	0.045	False	True	CD8 T	CD8 T	0.947	0.738	0.811	0.062	False	True	12739	3874	6.66457335740639	13387	3893	6.655710764174199	0.3295734667961455	0.1478299843131396	356	353	0.0715751785428668	True	False	
TCGCAGGAGATTGACA	shared	CD4 T	CD4 T	1.0	0.744	0.815	0.073	False	True	CD4 T	CD4 T	1.0	0.738	0.812	0.073	False	True	11179	3653	6.467483674747294	11740	3679	6.558773424190801	0.2926746166950596	0.1337308347529812	479	477	0.0706351021749375	True	False	
TCGCAGGGTAGGCTCC	shared	CD4 T	CD4 T	1.0	0.707	0.796	0.018	False	True	CD4 T	CD4 T	1.0	0.7	0.794	0.021	False	True	9375	2829	8.64	9887	2850	8.708404976231416	0.2816830181045818	0.1397795084454334	698	694	0.0767061734821265	True	False	
TCGCAGGGTTCTAACG	shared	CD4 T	CD4 T	1.0	0.74	0.831	0.039	False	True	CD4 T	CD4 T	1.0	0.736	0.831	0.045	False	True	11663	3175	5.710366115064734	12313	3191	5.782506294160643	0.2753999837570048	0.1501664907008852	431	433	0.0782368488881505	True	False	
TCGCTCACAAGATTGA	shared	CD4 T	CD4 T	0.889	0.702	0.784	0.017	False	True	CD4 T	CD4 T	0.952	0.696	0.782	0.017	False	True	8901	2709	8.493427704752275	9411	2710	8.553819997874827	0.1812772287748379	0.1566252257995962	775	767	0.0803718197720281	True	False	
TCGCTTGAGAGACAAG	shared	NK	NK	1.0	0.712	0.782	0.013	False	True	CD8 T	CD8 T	1.0	0.706	0.782	0.012	False	True	9323	3179	7.1865279416496834	9716	3182	7.266364759160148	0.2822149032523672	0.1486208316179497	711	716	0.0595619643874764	True	False	
TCGCTTGAGCATTTGC	shared	NK	NK	1.0	0.715	0.788	0.017	False	True	CD8 T	CD8 T	1.0	0.707	0.782	0.021	False	True	9763	3470	8.839496056539998	10240	3486	8.779296875	0.30048828125	0.14609375	652	651	0.0688123964149372	True	False	
TCGGGACGTAACGGTG	shared	FCGR3A Mono	FCGR3A Mono	0.647	0.578	0.644	0.062	False	True	FCGR3A Mono	FCGR3A Mono	0.929	0.571	0.64	0.036	False	True	2164	1233	6.284658040665434	2272	1222	6.294014084507042	0.2935739436619718	0.1197183098591549	1162	1162	0.0702306592037604	False	True	9.999000099990002e-05
TCGGGACTCTAGATCG	shared	CD4 T	CD4 T	1.0	0.718	0.812	0.027	False	True	CD4 T	CD4 T	1.0	0.713	0.811	0.021	False	True	11002	3187	7.634975459007453	11531	3212	7.657618593357037	0.2488075622235712	0.1410111872344115	498	502	0.0677458095558381	True	False	
TCGGGCACAGTTACCA	shared	CD4 T	CD4 T	1.0	0.601	0.686	0.039	False	True	CD4 T	CD4 T	1.0	0.595	0.683	0.034	False	True	3912	1837	3.067484662576687	4144	1829	2.9922779922779923	0.3429054054054054	0.1493725868725868	1127	1125	0.0830969914823184	True	False	
TCGGGCATCCGATTAG	shared	CD4 T	CD4 T	1.0	0.731	0.806	0.057	False	True	CD4 T	CD4 T	1.0	0.726	0.805	0.045	False	True	10151	3292	5.654615308836568	10712	3338	5.591859596713966	0.2933159073935773	0.1476848394324122	604	597	0.0775985654661158	True	False	
TCGGGCATCTGAACGT	shared	CD14 Mono	CD14 Mono	1.0	0.798	0.862	0.08	False	True	CD14 Mono	CD14 Mono	1.0	0.792	0.859	0.057	False	True	17289	4655	6.507027589796981	17987	4683	6.5602935453383	0.3385222660810585	0.1198087507644409	205	206	0.0570969201393717	True	False	
TCGGGTGCAGTCTGGC	shared	CD14 Mono	CD14 Mono	1.0	0.659	0.738	0.014	False	True	CD14 Mono	CD14 Mono	1.0	0.652	0.737	0.014	False	True	4935	2024	11.00303951367781	5146	2016	10.979401476875244	0.2670034978624174	0.1280606296152351	1096	1093	0.0603893880571165	True	False	
TCGGTCTTCATTGCTT	shared	CD4 T	CD4 T	0.917	0.724	0.804	0.067	False	True	CD4 T	CD4 T	1.0	0.717	0.8	0.08	False	True	10334	3299	5.68995548674279	10858	3325	5.746914717259164	0.3289740283661816	0.1431202799778964	583	580	0.0713528634150658	True	False	
TCGGTCTTCGACATAC	shared	CD4 T	CD4 T	1.0	0.723	0.804	0.088	False	True	CD4 T	CD4 T	1.0	0.714	0.799	0.067	False	True	10291	3318	4.635118064328053	10867	3326	4.637894543112174	0.31811907610196	0.1469586822490107	588	577	0.0785631084881749	True	False	
TCGTAGACAATGAAAC	shared	CD14 Mono	CD14 Mono	1.0	0.797	0.862	0.039	False	True	CD14 Mono	CD14 Mono	1.0	0.791	0.859	0.042	False	True	15648	4273	7.585633946830266	16230	4273	7.609365372766482	0.2744916820702403	0.1258780036968576	247	252	0.0526814185587537	True	False	
TCGTGCTGTAAGGAGA	shared	CD4 T	CD4 T	1.0	0.658	0.753	0.019	False	True	CD4 T	CD4 T	0.933	0.652	0.75	0.019	False	True	5851	2035	8.460092291915911	5882	1987	8.568514110846651	0.2614756885413125	0.1696701802108126	1063	1074	0.0076222667748183	True	False	
TCGTGCTGTGATCATC	shared	pDC	pDC	0.5	0.694	0.862	0.088	False	True	pDC	pDC	0.5	0.691	0.861	0.088	False	True	13425	4315	3.642458100558659	13456	4256	3.745541022592152	0.3898632580261593	0.1396403091557669	312	349	0.0033272749388976	True	False	
TCTAACTAGGTCCAGA	shared	CD8 T	CD8 T	0.833	0.636	0.719	0.042	False	True	CD8 T	CD8 T	0.9	0.63	0.71	0.053	False	True	8088	3137	11.263600395647874	8420	3143	11.73396674584323	0.4907363420427553	0.13729216152019	886	897	0.0580302035991055	True	False	
TCTACCGCAGTCGTTA	shared	CD4 T	CD4 T	1.0	0.731	0.8	0.024	False	True	CD4 T	CD4 T	1.0	0.724	0.796	0.029	False	True	9777	3225	4.081006443694385	10861	3241	4.014363318294817	0.271061596538072	0.1647177976245281	650	579	0.1516784579160635	True	False	
TCTACCGTCCACGGAC	shared	CD8 T	CD8 T	1.0	0.684	0.772	0.021	False	True	CD8 T	CD8 T	1.0	0.68	0.762	0.017	False	True	8405	2926	6.400951814396192	8808	2906	6.562216167120799	0.342983651226158	0.1737057220708447	846	849	0.0675587968299957	True	False	
TCTATACGTTATCCAG	shared	CD14 Mono	CD14 Mono	1.0	0.804	0.874	0.026	False	True	CD14 Mono	CD14 Mono	1.0	0.797	0.872	0.017	False	True	20203	4650	7.637479582240261	21203	4666	7.664009809932557	0.3284912512380323	0.1195585530349478	137	135	0.0696954988415705	True	False	
TCTATCAGTATGCTAC	shared	CD14 Mono	CD14 Mono	1.0	0.791	0.857	0.029	False	True	CD14 Mono	CD14 Mono	1.0	0.786	0.855	0.021	False	True	16105	4495	4.793542378143433	16757	4507	4.881542042131646	0.3168228203138987	0.1185176344214358	237	240	0.0572517409443744	True	False	
TCTATCAGTTGCCGAC	shared	CD8 T	CD8 T	0.8	0.594	0.672	0.029	False	True	CD8 T	CD8 T	0.867	0.581	0.664	0.032	False	True	6883	2734	14.76100537556298	7212	2765	15.016638935108151	0.490293954520244	0.1414309484193011	1001	1003	0.0673523264345227	True	False	
TCTCACGAGGCTCCCA	shared	NK	NK	1.0	0.697	0.777	0.022	False	True	CD8 T	CD8 T	1.0	0.691	0.772	0.012	False	True	8858	3134	9.39263942199142	9318	3152	9.540673964370036	0.3126207340631036	0.1401588323674608	785	783	0.0730312937762072	True	False	
TCTCCGAAGTCAATCC	shared	CD14 Mono	CD14 Mono	0.944	0.837	0.889	0.026	False	True	CD14 Mono	CD14 Mono	0.938	0.832	0.888	0.027	False	True	28910	5724	8.422691110342441	30405	5722	8.488735405360961	0.2981088636737378	0.1222825193224798	22	23	0.072737527087184	True	False	
TCTCCGATCTCTCTTC	shared	B	B	1.0	0.761	0.831	0.016	False	True	B	B	1.0	0.757	0.83	0.012	False	True	21251	5039	6.032657286715919	22342	5123	6.136424671023185	0.38107600035807	0.1193268283949512	117	114	0.0722242919147572	True	False	
TCTCTGGCAAAGCAAT	shared	FCGR3A Mono	FCGR3A Mono	0.824	0.805	0.885	0.049	False	True	FCGR3A Mono	FCGR3A Mono	1.0	0.8	0.884	0.049	False	True	21319	5014	5.164407336178996	22284	5046	5.227966253814396	0.3642523783880811	0.134446239454317	114	117	0.0638655228534785	True	False	
TCTGCCAAGTTACGGG	shared	B	B	0.786	0.509	0.533	0.088	False	False	B	B	0.714	0.483	0.519	0.057	False	False	6256	1851	41.94373401534527	6682	1862	42.24782999102065	0.2262795570188566	0.1162825501346902	1045	1035	0.0950247701498228	True	False	
TCTGCCAGTAACGCGA	shared	CD4 T	CD4 T	1.0	0.71	0.802	0.049	False	True	CD4 T	CD4 T	1.0	0.703	0.799	0.045	False	True	9097	2771	5.562273276904474	9541	2797	5.565454354889424	0.2778534744785662	0.1586835761450581	747	746	0.0687422516926507	True	False	
TCTGCCAGTAGATGTA	shared	CD14 Mono	CD14 Mono	1.0	0.823	0.888	0.029	False	True	CD14 Mono	CD14 Mono	1.0	0.818	0.886	0.027	False	True	24164	5132	6.5593444793908295	25334	5163	6.734033314912765	0.3195705376174311	0.1301413120707349	68	67	0.068212834094817	True	False	
TCTGGCTCATCCTGTC	shared	CD4 T	CD4 T	1.0	0.739	0.812	0.073	False	True	CD4 T	CD4 T	0.933	0.735	0.809	0.08	False	True	13489	4127	5.419230484098154	14171	4144	5.532425375767413	0.3637710817867476	0.1394397007974031	309	307	0.0711530222826833	True	False	
TCTGTCGAGACTAGAT	shared	CD14 Mono	CD14 Mono	1.0	0.775	0.84	0.053	False	True	CD14 Mono	CD14 Mono	1.0	0.768	0.837	0.042	False	True	11228	3655	6.9558247239045246	11652	3633	7.028836251287332	0.2890490902849296	0.1289907312049433	475	486	0.0534719624348516	True	False	
TCTGTCGCACCAGCGT	shared	NK	NK	1.0	0.723	0.794	0.008	False	True	NK	NK	1.0	0.716	0.813	0.007	False	True	11517	3935	7.484588000347313	12107	3934	7.499793507887999	0.3408771784917816	0.1419839762121087	448	449	0.0720703531314029	True	False	
TCTTAGTAGGCCTGCT	shared	CD4 T	CD4 T	1.0	0.72	0.81	0.026	False	True	CD4 T	CD4 T	1.0	0.714	0.808	0.021	False	True	12828	3656	5.059245400686	13428	3673	5.093833780160858	0.3459189752755436	0.1462615430443848	351	350	0.0659431584139324	True	False	
TCTTAGTCAACACGAG	shared	CD14 Mono	CD14 Mono	1.0	0.82	0.879	0.032	False	True	CD14 Mono	CD14 Mono	1.0	0.816	0.878	0.042	False	True	20099	4980	5.711726951589632	20926	5007	5.701041766223836	0.3116696932046258	0.1300774156551658	140	143	0.0581700067811433	True	False	
TCTTAGTGTTGCCAAT	shared	CD14 Mono	CD14 Mono	1.0	0.825	0.889	0.042	False	True	CD14 Mono	CD14 Mono	1.0	0.82	0.885	0.053	False	True	22897	5066	6.005153513560728	23815	5106	6.084400587864791	0.3240814612639093	0.1231996640772622	89	91	0.0567095334357422	True	False	
TCTTAGTTCAGAATAG	shared	CD8 T	CD8 T	0.905	0.704	0.773	0.045	False	True	CD8 T	CD8 T	1.0	0.696	0.773	0.049	False	True	9076	3195	11.073159982371088	9595	3222	11.22459614382491	0.3498697238144867	0.1374674309536216	750	738	0.080217600233244	True	False	
TCTTCCTCACCAAAGG	shared	Low quality (no markers)	Low quality (no markers)	0.952	0.213	0.77	0.018	False	False	Low quality (no markers)	Low quality (no markers)	1.0	0.197	0.79	0.014	False	False	708	53	94.2090395480226	775	59	91.09677419354838	0.0541935483870967	0.0090322580645161	1219	1221	0.1302710249476116	False	True	9.999000099990002e-05
TCTTGCGAGATGAAGG	shared	CD4 T	CD4 T	1.0	0.697	0.772	0.042	False	True	CD4 T	CD4 T	1.0	0.692	0.768	0.049	False	True	8319	3053	4.267339824498137	8645	3051	4.279930595720069	0.3657605552342394	0.1438982070561018	859	867	0.0554493078674492	True	False	
TCTTGCGCACTACTTT	shared	B	B	1.0	0.675	0.781	0.021	False	True	B	B	1.0	0.67	0.779	0.024	False	True	9033	3151	3.144027454887634	9361	3155	3.172737955346651	0.431470996688388	0.137058006623224	760	775	0.0514518512744381	True	False	
TCTTGCGCAGAGGAAA	shared	CD4 T	CD4 T	1.0	0.736	0.807	0.034	False	True	CD4 T	CD4 T	1.0	0.732	0.806	0.032	False	True	10485	3247	6.685741535526943	11020	3278	6.705989110707804	0.2423774954627949	0.1473684210526315	561	564	0.07179068306801	True	False	
TCTTGCGGTCCAGCCA	shared	CD4 T	CD4 T	1.0	0.743	0.812	0.097	False	True	CD4 T	CD4 T	1.0	0.736	0.809	0.067	False	True	12298	3705	4.903236298585136	12937	3734	4.908402257092061	0.3156836979206925	0.159696993120507	385	385	0.0730735993481254	True	False	
TCTTTGAGTGGAGAAA	shared	B	B	1.0	0.669	0.772	0.032	False	True	B	B	1.0	0.663	0.772	0.022	False	True	7586	2701	9.688900606380177	8059	2714	9.839930512470527	0.3247301153989329	0.1178806303511602	940	933	0.087250301030935	True	False	
TGAACGTCAAATGAAC	shared	NK	NK	1.0	0.707	0.777	0.007	False	True	CD8 T	CD8 T	1.0	0.7	0.781	0.008	False	True	8697	2983	8.198229274462458	9190	2977	8.204570184983679	0.282480957562568	0.141784548422198	807	803	0.0795381294864226	True	False	
TGAACGTGTAACTAAG	shared	CD4 T	CD4 T	1.0	0.758	0.838	0.136	False	True	CD4 T	CD4 T	1.0	0.752	0.836	0.108	False	True	13626	3669	5.856450902686041	14361	3686	5.953624399415083	0.2382842420444259	0.1531230415709212	302	301	0.0757886815293752	True	False	
TGAACGTGTCCATAGT	shared	CD14 Mono	CD14 Mono	0.938	0.571	0.645	0.012	False	True	CD14 Mono	CD14 Mono	1.0	0.565	0.646	0.018	False	True	2796	1358	16.773962804005723	2908	1340	16.987620357634114	0.327372764786795	0.1176066024759284	1152	1152	0.0566430426241145	False	True	9.999000099990002e-05
TGAATGCGTGGACTAG	shared	B	B	1.0	0.686	0.787	0.016	False	True	B	B	1.0	0.679	0.785	0.022	False	True	7963	2863	7.082757754615095	8349	2880	7.078692058929213	0.3062642232602707	0.121092346388789	900	901	0.0682829765282741	True	False	
TGAATGCTCGACGAGA	shared	CD14 Mono	CD14 Mono	1.0	0.815	0.876	0.039	False	True	CD14 Mono	CD14 Mono	1.0	0.809	0.874	0.032	False	True	20075	4787	4.2341220423412205	21070	4825	4.261983863312767	0.2840056953013763	0.1209776934029425	141	139	0.0697869328457865	True	False	
TGAATGCTCGCCGTGA	shared	CD14 Mono	CD14 Mono	1.0	0.812	0.871	0.032	False	True	CD14 Mono	CD14 Mono	1.0	0.806	0.867	0.036	False	True	17278	4519	7.286723000347262	17895	4533	7.309304274937133	0.2912545403744062	0.12523051131601	206	211	0.050617435720507	True	False	
TGACAGTAGAGGTGCT	shared	CD8 T	CD8 T	1.0	0.603	0.685	0.016	False	True	CD8 T	CD8 T	1.0	0.594	0.673	0.011	False	True	3424	1541	8.352803738317757	3640	1534	8.37912087912088	0.3	0.1214285714285714	1135	1135	0.0882307527092636	False	True	9.999000099990002e-05
TGACAGTTCGAGATGG	shared	B	B	1.0	0.674	0.773	0.026	False	True	B	B	1.0	0.668	0.772	0.034	False	True	7305	2640	7.967145790554415	7688	2641	8.155567117585848	0.3164672216441207	0.116675338189386	968	967	0.0737142256507153	True	False	
TGACCCTTCTCATTGT	shared	FCGR3A Mono	FCGR3A Mono	0.778	0.789	0.862	0.067	False	True	FCGR3A Mono	FCGR3A Mono	1.0	0.783	0.858	0.067	False	True	16204	4608	5.751666255245619	16826	4592	5.859978604540592	0.3762034945917033	0.1233804825864733	233	239	0.0543389681977382	True	False	
TGACGCGGTGGCTTAT	shared	CD14 Mono	CD14 Mono	1.0	0.694	0.771	0.026	False	True	CD14 Mono	CD14 Mono	1.0	0.688	0.768	0.027	False	True	6575	2466	9.247148288973383	6855	2471	9.161196207148068	0.3363967906637491	0.1225382932166301	1025	1025	0.0601568104308168	True	False	
TGACTCCAGTCTCCTC	shared	CD4 T	CD4 T	1.0	0.715	0.811	0.022	False	True	CD4 T	CD4 T	1.0	0.711	0.81	0.024	False	True	11891	3395	4.827180220334707	12523	3424	4.863051984348799	0.3165375708695999	0.1478878862892278	413	414	0.0747040452310255	True	False	
TGACTCCCACCATAAC	shared	CD14 Mono	CD14 Mono	1.0	0.765	0.834	0.016	False	True	CD14 Mono	CD14 Mono	1.0	0.761	0.832	0.016	False	True	13226	3748	7.817934371692122	13715	3741	8.005833029529713	0.3450966095515858	0.1203062340503098	325	333	0.0523739265987306	True	False	
TGAGACTAGGCTGAAC	shared	CD4 T	CD4 T	1.0	0.7	0.789	0.018	False	True	CD4 T	CD4 T	1.0	0.696	0.787	0.024	False	True	9745	3134	5.336069779374038	10257	3161	5.37194111338598	0.3355757043969972	0.1472165350492346	653	649	0.0738673487850021	True	False	
TGAGCATTCCATTGCC	shared	NK	NK	1.0	0.692	0.765	0.01	False	True	CD8 T	CD8 T	0.964	0.686	0.766	0.01	False	True	9406	3388	7.94173931533064	9829	3417	8.159527927561298	0.3668735374910977	0.1389764981178146	693	705	0.0634567122291812	True	False	
TGAGCATTCCTTCACG	shared	CD8 T	CD8 T	0.667	0.698	0.782	0.097	False	True	CD8 T	CD8 T	0.562	0.691	0.771	0.08	False	True	9768	3326	5.047092547092547	10181	3355	5.078086631961497	0.384834495629113	0.1481190452804243	651	658	0.0597381767835926	True	False	
TGAGCATTCGATACTG	shared	CD4 T	CD4 T	1.0	0.729	0.814	0.034	False	True	CD4 T	CD4 T	1.0	0.723	0.812	0.045	False	True	10781	3203	6.594935534737037	11309	3186	6.6937837120877175	0.2620037138562207	0.1507648775311698	520	524	0.0689741146460849	True	False	
TGAGCATTCTGTCTCG	shared	CD14 Mono	CD14 Mono	1.0	0.787	0.846	0.034	False	True	CD14 Mono	CD14 Mono	1.0	0.78	0.842	0.036	False	True	12903	3815	9.028908005890104	13510	3827	9.059955588452995	0.3025166543301258	0.1260547742413027	344	343	0.0663161143031426	True	False	
TGAGCGCCACTATGTG	shared	CD14 Mono	CD14 Mono	1.0	0.821	0.881	0.036	False	True	CD14 Mono	CD14 Mono	1.0	0.816	0.878	0.036	False	True	20961	5090	5.07132293306617	21792	5084	5.171622613803231	0.3211270190895741	0.1223843612334801	123	124	0.0560884378614683	True	False	
TGAGCGCCAGCATACT	shared	CD14 Mono	CD14 Mono	1.0	0.82	0.886	0.032	False	True	CD14 Mono	CD14 Mono	1.0	0.815	0.884	0.026	False	True	23476	5173	8.178565343329357	24441	5180	8.309807291027372	0.3448713227773004	0.1245039073687656	78	81	0.0581142745179989	True	False	
TGAGCGCTCGTCTAAG	shared	CD8 T	CD8 T	0.833	0.722	0.783	0.034	False	True	CD8 T	CD8 T	1.0	0.715	0.786	0.049	False	True	8527	3005	9.006684648762754	8825	2978	9.110481586402264	0.2488385269121813	0.1478753541076487	826	846	0.0495523092168102	True	False	
TGAGGAGTCCATCGTC	shared	B	B	1.0	0.76	0.842	0.01	False	True	B	B	1.0	0.753	0.839	0.011	False	True	17693	4593	8.206635392528119	18983	4611	8.217879155033451	0.3217615761470789	0.1165253121213717	192	184	0.101523777411055	True	False	
TGAGGGATCAAACGTC	shared	B	B	1.0	0.696	0.789	0.01	False	True	B	B	1.0	0.692	0.787	0.016	False	True	9845	3279	7.1203656678517016	10364	3290	7.140100347356233	0.3195677344654573	0.1306445387881127	639	642	0.0741104717619081	True	False	
TGAGGGATCATAAGGA	shared	FCGR3A Mono	FCGR3A Mono	1.0	0.464	0.601	0.034	False	False	FCGR3A Mono	FCGR3A Mono	1.0	0.452	0.591	0.034	False	False	6239	2323	21.18929315595448	6596	2328	21.16434202546998	0.5773195876288659	0.1243177683444511	1046	1040	0.0802640758265134	True	False	
TGAGGTTCAAACTAGA	shared	CD14 Mono	CD14 Mono	1.0	0.729	0.803	0.018	False	True	CD14 Mono	CD14 Mono	1.0	0.721	0.798	0.014	False	True	8323	2972	7.881773399014778	8694	2975	7.936507936507937	0.3250517598343685	0.1343455256498734	857	861	0.0629090624586148	True	False	
TGAGGTTCAGGACATG	shared	CD14 Mono	CD14 Mono	1.0	0.839	0.889	0.036	False	True	CD14 Mono	CD14 Mono	1.0	0.832	0.886	0.026	False	True	25415	5616	5.669879992130632	26436	5624	5.745952489030111	0.3169919806324708	0.1225223180511423	48	52	0.0568214777979328	True	False	
TGAGGTTGTAGCTTTG	shared	CD14 Mono	CD14 Mono	0.65	0.835	0.87	0.045	False	True	CD14 Mono	CD14 Mono	0.684	0.829	0.868	0.039	False	True	25661	5658	6.850863177584661	27105	5655	6.983951300498063	0.2654122855561704	0.1097952407304925	45	44	0.0789786190528451	True	False	
TGAGTCACAGAACGCA	shared	CD14 Mono	CD14 Mono	1.0	0.814	0.876	0.042	False	True	CD14 Mono	CD14 Mono	1.0	0.808	0.873	0.034	False	True	20307	5036	6.544541291180381	21110	5046	6.669824727617243	0.3070108953102795	0.1165324490762671	133	137	0.0559467536693239	True	False	
TGAGTCAGTAACCCTA	shared	CD8 T	CD8 T	0.786	0.672	0.727	0.021	False	True	CD8 T	CD8 T	0.786	0.664	0.721	0.021	False	True	7371	3090	6.60697327363994	7732	3095	6.880496637351268	0.3459648215209518	0.1471805483704087	963	963	0.0689721420791194	True	False	
TGAGTCAGTCACTCTC	shared	CD14 Mono	CD14 Mono	1.0	0.793	0.863	0.042	False	True	CD14 Mono	CD14 Mono	1.0	0.789	0.861	0.053	False	True	14516	4093	5.697161752548912	15086	4106	5.740421582924566	0.2890096778470105	0.1254805780193557	279	282	0.0555626142019854	True	False	
TGATCAGAGGATTCAA	shared	CD14 Mono	CD14 Mono	1.0	0.838	0.89	0.034	False	True	CD14 Mono	CD14 Mono	1.0	0.832	0.887	0.034	False	True	25212	5605	5.3426939552594	26380	5595	5.318423047763457	0.3216072782410917	0.1264594389689158	53	55	0.065331463259059	True	False	
TGATGCACAGGGCTTC	shared	CD8 T	CD8 T	0.812	0.703	0.771	0.027	False	True	CD8 T	CD8 T	0.895	0.696	0.771	0.053	False	True	9474	3455	8.803039898670045	9987	3483	8.86151997596876	0.3287273455492139	0.1449884850305397	686	680	0.0760698779823957	True	False	
TGATGGTAGACCCGCT	shared	NK	NK	1.0	0.728	0.788	0.057	False	True	NK	NK	1.0	0.721	0.802	0.053	False	True	11506	4055	6.24022249261255	12125	4080	6.350515463917525	0.3162886597938144	0.1311340206185567	451	446	0.0755919713413391	True	False	
TGATTCTGTAGGTACG	shared	Low quality (no markers)	Low quality (no markers)	1.0	0.218	0.864	0.022	False	False	Low quality (no markers)	Low quality (no markers)	1.0	0.204	0.868	0.021	False	False	651	35	96.00614439324116	714	37	92.01680672268908	0.0476190476190476	0.0084033613445378	1228	1228	0.1330712774346742	False	True	0.0001999800019998
TGCACGGTCGAGTACT	shared	B	B	1.0	0.642	0.745	0.01	False	True	B	B	1.0	0.634	0.742	0.01	False	True	6005	2387	6.661115736885928	6336	2402	6.881313131313132	0.3459595959595959	0.1295770202020202	1055	1054	0.0773955406367001	True	False	
TGCAGGCAGCGTTCAT	shared	CD4 T	CD4 T	0.933	0.657	0.738	0.049	False	True	CD4 T	CD4 T	1.0	0.651	0.735	0.045	False	True	5812	2390	2.202339986235375	6079	2388	2.138509623293305	0.3568021056094752	0.1533146899161046	1065	1066	0.0647884150990618	True	False	
TGCAGGCCAGGAATAT	shared	CD4 T	CD4 T	1.0	0.683	0.774	0.034	False	True	CD4 T	CD4 T	0.952	0.676	0.773	0.045	False	True	8655	2900	5.961871750433276	9123	2910	5.875260331031459	0.3168913734517154	0.1412912419160364	810	806	0.075965947485322	True	False	
TGCAGTAAGTAGTCCT	shared	B	B	1.0	0.673	0.769	0.026	False	True	B	B	1.0	0.665	0.765	0.021	False	True	7423	2745	7.4228748484440255	7778	2742	7.508356904088455	0.3245050141424531	0.1393674466443815	959	960	0.0673879964468786	True	False	
TGCAGTATCCACATAG	shared	CD14 Mono	CD14 Mono	1.0	0.797	0.861	0.034	False	True	CD14 Mono	CD14 Mono	1.0	0.792	0.858	0.032	False	True	15868	4432	4.9659692462818255	16382	4403	5.04211939934074	0.3393968990355268	0.1293492858014894	242	247	0.0459883443970299	True	False	
TGCATCCCACCCAACG	shared	B	B	1.0	0.619	0.724	0.017	False	True	B	B	1.0	0.616	0.723	0.019	False	True	5718	2430	4.966771598461	6048	2456	4.943783068783069	0.4517195767195767	0.1269841269841269	1069	1067	0.0809337551460278	True	False	
TGCATGAAGCACCCAC	shared	CD4 T	CD4 T	1.0	0.739	0.828	0.032	False	True	CD4 T	CD4 T	1.0	0.732	0.824	0.027	False	True	12730	3635	5.137470542026708	13491	3655	5.158994885479208	0.3034615669705729	0.1440219405529612	357	345	0.0837584783551962	True	False	
TGCGACGAGCGACAGT	shared	NK	NK	0.938	0.669	0.738	0.008	False	True	NK	NK	0.933	0.662	0.761	0.007	False	True	7463	3122	6.646120862923757	7776	3125	6.880144032921811	0.3114711934156378	0.1453189300411522	956	962	0.0592647525949373	True	False	
TGCGATAAGAATCGCG	shared	NK	NK	1.0	0.721	0.8	0.006	False	True	CD8 T	CD8 T	1.0	0.715	0.799	0.008	False	True	10529	3206	8.975211321113116	11133	3219	8.910446420551514	0.2617443636037007	0.1369801491062606	555	542	0.0804665519527541	True	False	
TGCGGCAAGTGGTGAC	shared	CD8 T	CD8 T	0.87	0.73	0.803	0.136	False	True	CD8 T	CD8 T	0.909	0.722	0.798	0.136	False	True	9875	3323	7.868354430379747	10400	3346	7.875	0.2895192307692307	0.141826923076923	635	638	0.0747235007812077	True	False	
TGCGGCACAAAGACGC	shared	CD4 T	CD4 T	1.0	0.74	0.825	0.057	False	True	CD4 T	CD4 T	1.0	0.735	0.824	0.073	False	True	11527	3363	5.673635811572829	12166	3376	5.770179187900707	0.2604800263028111	0.1301167187243136	444	442	0.0778312479962911	True	False	
TGCTCCACAATCTAGC	shared	NK	NK	1.0	0.718	0.798	0.011	False	True	CD8 T	CD8 T	1.0	0.711	0.795	0.009	False	True	10670	3428	6.954076850984068	11247	3441	7.059660353872144	0.3254201120298746	0.1335467235707299	530	529	0.0759731192895286	True	False	
TGCTCGTAGACGAGCT	shared	CD8 T	CD8 T	1.0	0.719	0.797	0.034	False	True	CD8 T	CD8 T	1.0	0.713	0.794	0.039	False	True	10738	3136	8.437325386477928	11368	3163	8.435960591133005	0.2477128782547501	0.1469035890218156	525	517	0.0822457046205352	True	False	
TGCTCGTTCCCATTTA	shared	B	B	1.0	0.683	0.789	0.018	False	True	B	B	1.0	0.675	0.784	0.026	False	True	8151	2663	6.367316893632683	8534	2644	6.339348488399343	0.3147410358565737	0.1339348488399343	879	882	0.0662371017492867	True	False	
TGCTGAACAGCACAAG	shared	CD4 T	CD4 T	0.92	0.738	0.809	0.08	False	True	CD4 T	CD4 T	0.87	0.733	0.805	0.057	False	True	10882	3396	4.024995405256386	11478	3408	4.112214671545566	0.2908172155427775	0.1468897020386827	510	506	0.0769206625443728	True	False	
TGCTTCGCATAGCTGT	shared	CD14 Mono	CD14 Mono	1.0	0.673	0.743	0.027	False	True	CD14 Mono	CD14 Mono	1.0	0.665	0.739	0.024	False	True	5546	2272	11.21529029931482	5718	2245	11.402588317593564	0.3252885624344176	0.1262679258481986	1077	1080	0.0440551800779355	True	False	
TGCTTGCGTGAACTAA	shared	CD4 T	CD4 T	0.966	0.701	0.792	0.029	False	True	CD4 T	CD4 T	1.0	0.693	0.787	0.027	False	True	8882	2889	5.7757261877955415	9371	2928	5.85849962650731	0.2920712837477324	0.1483299541137552	779	773	0.0773099629644253	True	False	
TGGAACTAGCGTCTCG	shared	CD14 Mono	CD14 Mono	1.0	0.77	0.837	0.045	False	True	CD14 Mono	CD14 Mono	1.0	0.764	0.834	0.034	False	True	12113	3599	7.801535540328572	12515	3596	7.942469037155414	0.2998002397123452	0.1228925289652417	398	415	0.0470982471882925	True	False	
TGGAGAGCAGTCAGTT	shared	CD14 Mono	CD14 Mono	1.0	0.695	0.767	0.013	False	True	CD14 Mono	CD14 Mono	1.0	0.689	0.765	0.011	False	True	5931	2395	8.02562805597707	6168	2370	8.284695201037614	0.2931258106355383	0.123378728923476	1060	1062	0.0565180484758935	True	False	
TGGAGGAAGTAGGAAG	shared	CD14 Mono	CD14 Mono	1.0	0.757	0.826	0.036	False	True	CD14 Mono	CD14 Mono	1.0	0.749	0.821	0.042	False	True	9728	3328	9.333881578947368	10084	3316	9.549781832606108	0.3183260610868703	0.1260412534708449	657	670	0.0518476543233613	True	False	
TGGAGGAGTCTTTATC	shared	Platelet	Platelet	0.933	0.324	0.779	0.067	False	True	Platelet	Platelet	1.0	0.321	0.78	0.073	False	True	1817	603	8.475509080902587	2005	607	8.478802992518704	0.0458852867830423	0.1201995012468827	1172	1172	0.1419694064180735	False	True	9.999000099990002e-05
TGGAGGATCGACATTG	shared	B	B	1.0	0.423	0.526	0.013	False	True	B	B	1.0	0.415	0.522	0.017	False	True	5259	1987	18.558661342460542	5503	1986	18.898782482282392	0.6503725240777758	0.0783209158640741	1083	1083	0.0654176705224333	True	False	
TGGATCAGTTCTCCCA	shared	CD14 Mono	CD14 Mono	1.0	0.748	0.823	0.014	False	True	CD14 Mono	CD14 Mono	1.0	0.741	0.821	0.017	False	True	9634	3153	8.646460452563836	9914	3137	8.755295541658262	0.2753681662295743	0.1207383498083518	664	691	0.0413281059331268	True	False	
TGGATGTTCACGGGAA	shared	NK	NK	0.88	0.666	0.742	0.067	False	True	CD8 T	CD8 T	1.0	0.659	0.74	0.049	False	True	7469	2951	11.768643727406614	7810	2986	11.895006402048656	0.3866837387964149	0.1320102432778489	955	955	0.0643990176045646	True	False	
TGGATGTTCTATCCAT	shared	Low quality (no markers)	Low quality (no markers)	1.0	0.208	0.896	0.024	False	False	Low quality (no markers)	Low quality (no markers)	1.0	0.201	0.901	0.021	False	False	878	26	98.17767653758544	978	33	94.78527607361964	0.0368098159509202	0.0040899795501022	1200	1199	0.155445694460291	False	True	9.999000099990002e-05
TGGCGTGGTGGATTTC	shared	NK	NK	1.0	0.653	0.727	0.006	False	True	CD8 T	CD8 T	1.0	0.644	0.728	0.007	False	True	6030	2424	15.837479270315091	6375	2428	15.937254901960785	0.3102745098039215	0.1444705882352941	1053	1052	0.0802543941304444	True	False	
TGGGAAGTCGATTGGT	shared	CD8 T	CD8 T	0.952	0.669	0.756	0.049	False	True	CD8 T	CD8 T	1.0	0.663	0.749	0.062	False	True	8073	3009	6.4412238325281805	8534	3029	6.515116006561987	0.3844621513944223	0.1399109444574642	891	882	0.0801075664345904	True	False	
TGGGAGAAGCAAGTGC	shared	B	B	1.0	0.676	0.78	0.016	False	True	B	B	1.0	0.67	0.777	0.011	False	True	6979	2492	6.1326837655824615	7285	2478	6.204529855868223	0.3364447494852436	0.1238160603980782	999	1000	0.0618999586457674	True	False	
TGGGAGAAGTGGTGGT	shared	CD14 Mono	CD14 Mono	1.0	0.822	0.885	0.042	False	True	CD14 Mono	CD14 Mono	1.0	0.816	0.882	0.042	False	True	21306	4999	6.261147094715104	22266	4985	6.314560316177131	0.2971346447498428	0.1209018234078864	115	119	0.0635797213565665	True	False	
TGGGATTAGTCACGAG	shared	NK	NK	1.0	0.678	0.763	0.008	False	True	NK	NK	1.0	0.671	0.79	0.008	False	True	10553	3941	5.230740073912632	11096	3986	5.272170151405912	0.4174477289113193	0.1339221341023792	550	550	0.0723798176520342	True	False	
TGGGATTGTACGATGG	shared	CD14 Mono	CD14 Mono	0.941	0.832	0.88	0.045	False	True	CD14 Mono	CD14 Mono	0.941	0.826	0.877	0.034	False	True	23221	5378	5.146203867189183	24250	5390	5.270103092783505	0.3070927835051546	0.1192164948453608	86	85	0.0625520086611731	True	False	
TGGGCGTAGTGGAATT	shared	B	B	1.0	0.68	0.783	0.014	False	True	B	B	1.0	0.674	0.779	0.017	False	True	7600	2693	7.131578947368421	7960	2688	7.248743718592965	0.3095477386934673	0.1236180904522613	937	940	0.0667604281173813	True	False	
TGGGCGTCAAATTGCC	shared	NK	NK	0.643	0.412	0.483	0.01	False	False	Low quality (no markers)	Low quality (no markers)	0.667	0.399	0.434	0.012	False	False	2943	1321	32.925586136595314	3086	1309	33.31173039533377	0.4410239792611795	0.085547634478289	1144	1143	0.0684278115581116	False	True	9.999000099990002e-05
TGGGCTGAGAGGGTCT	shared	CD4 T	CD4 T	0.857	0.701	0.787	0.088	False	True	CD4 T	CD4 T	0.857	0.694	0.785	0.057	False	True	8806	3026	8.233022938905291	9319	3047	8.359266015666917	0.3015344994098079	0.1288764888936581	791	781	0.0816792889908914	True	False	
TGGGCTGAGCGTTAGG	shared	CD14 Mono	CD14 Mono	0.5	0.806	0.841	0.036	False	True	FCGR3A Mono	FCGR3A Mono	0.643	0.8	0.867	0.036	False	True	21327	4772	8.036760913396165	22347	4775	8.126370430035351	0.2543518145612386	0.1223877925448606	113	113	0.0673970398650554	True	False	
TGGGCTGCATCCGATA	shared	B	B	1.0	0.798	0.831	0.317	True	True	B	B	1.0	0.792	0.829	0.317	True	True	19970	5317	7.320981472208312	20963	5347	7.370128321328054	0.3582502504412536	0.1350951676763822	143	142	0.070007439998592	True	False	
TGGGCTGGTCGCGGTT	shared	NK	NK	1.0	0.678	0.758	0.007	False	True	NK	NK	0.964	0.671	0.776	0.006	False	True	7207	2916	6.549188289163314	7520	2903	6.60904255319149	0.2788563829787234	0.1642287234042553	980	983	0.0613254857415567	True	False	
TGGGTTAGTATTGAGA	shared	FCGR3A Mono	FCGR3A Mono	0.952	0.792	0.883	0.042	False	True	FCGR3A Mono	FCGR3A Mono	1.0	0.788	0.881	0.036	False	True	21360	4800	6.0767790262172285	22513	4855	6.143117309998668	0.3479767245591436	0.1260604983787145	111	109	0.0758432118480327	True	False	
TGGGTTAGTGCACGCT	shared	B	B	1.0	0.663	0.758	0.017	False	True	B	B	1.0	0.658	0.755	0.019	False	True	6378	2549	7.243650047036689	6641	2561	7.137479295286854	0.3531094714651407	0.1279927721728655	1038	1037	0.0582874443232948	True	False	
TGGGTTATCAGTAGGG	shared	CD14 Mono	CD14 Mono	1.0	0.797	0.864	0.026	False	True	CD14 Mono	CD14 Mono	1.0	0.789	0.861	0.032	False	True	16241	4076	8.23225170863863	17036	4073	8.317680206621272	0.2535219535102136	0.1247945527119042	231	231	0.0689420242098975	True	False	
TGGTACACAAAGGGTC	shared	CD8 T	CD8 T	0.762	0.726	0.801	0.036	False	True	CD8 T	CD8 T	0.95	0.72	0.793	0.034	False	True	11024	3304	7.7739477503628445	11634	3313	7.890665291387313	0.2570912841670964	0.1479284854736118	491	491	0.0776925549604655	True	False	
TGGTAGTCAGGCATGA	shared	CD8 T	CD8 T	1.0	0.719	0.797	0.039	False	True	CD8 T	CD8 T	1.0	0.713	0.79	0.034	False	True	10661	3046	5.928149329331207	11257	3050	5.86301856622546	0.23789642000533	0.1409789464333303	533	528	0.0784724661179826	True	False	
TGGTAGTCATCACAGT	shared	CD4 T	CD4 T	1.0	0.691	0.772	0.053	False	True	CD4 T	CD4 T	1.0	0.686	0.768	0.045	False	True	7733	2896	5.237294710978921	8160	2904	5.3431372549019605	0.3443627450980392	0.1513480392156862	924	923	0.0775311778064036	True	False	
TGGTAGTTCCCTCATG	shared	CD14 Mono	CD14 Mono	1.0	0.731	0.8	0.016	False	True	CD14 Mono	CD14 Mono	1.0	0.725	0.798	0.014	False	True	8460	3028	7.092198581560283	8677	3018	7.295148092658753	0.2986055088164112	0.1309208251699896	835	863	0.0365344015586097	True	False	
TGGTTAGTCAACCTTT	shared	Low quality (no markers)	Low quality (no markers)	1.0	0.237	0.867	0.026	False	False	Low quality (no markers)	Low quality (no markers)	0.963	0.218	0.879	0.021	False	False	1913	55	97.12493465760583	2211	66	89.23563998190863	0.0881953867028493	0.0013568521031207	1169	1163	0.2087605557486814	False	True	9.999000099990002e-05
TGTAACGGTTGCGTAT	shared	Platelet	Platelet	0.933	0.259	0.708	0.067	False	True	Platelet	Platelet	0.933	0.253	0.712	0.073	False	True	625	270	9.92	709	273	9.449929478138223	0.076163610719323	0.0916784203102961	1231	1229	0.181656367459426	False	True	9.999000099990002e-05
TGTACAGAGACTCGAG	shared	CD14 Mono	CD14 Mono	1.0	0.83	0.889	0.042	False	True	CD14 Mono	CD14 Mono	1.0	0.825	0.887	0.053	False	True	21503	5077	4.850485978700647	22523	5088	4.99045420237091	0.2981840784975358	0.1162367357812014	108	108	0.0668580127732703	True	False	
TGTACAGAGTGAGTTA	shared	CD14 Mono	CD14 Mono	1.0	0.791	0.859	0.042	False	True	CD14 Mono	CD14 Mono	1.0	0.784	0.857	0.039	False	True	15158	4316	7.718696397941681	15931	4333	7.771012491369029	0.2802083987194777	0.1234699642207017	259	259	0.0717527990250771	True	False	
TGTACAGGTGGATTTC	shared	CD4 T	CD4 T	1.0	0.718	0.799	0.029	False	True	CD4 T	CD4 T	1.0	0.713	0.798	0.027	False	True	9352	2875	3.603507271171942	9880	2866	3.6538461538461537	0.2234817813765182	0.1513157894736842	702	696	0.079227868626759	True	False	
TGTAGACTCCATTTAC	shared	CD14 Mono	CD14 Mono	1.0	0.802	0.872	0.026	False	True	CD14 Mono	CD14 Mono	1.0	0.795	0.869	0.021	False	True	18540	4580	6.316073354908307	19316	4587	6.378132118451025	0.311089252433216	0.1165872851522054	175	178	0.0591519986784305	True	False	
TGTCAGACAACTTGGT	shared	CD4 T	CD4 T	0.958	0.729	0.808	0.039	False	True	CD4 T	CD4 T	1.0	0.724	0.806	0.042	False	True	11707	3539	5.475356624241907	12327	3583	5.500121684108056	0.3084286525513101	0.1336091506449257	426	432	0.0744441161060346	True	False	
TGTCAGACACTCACTC	shared	CD4 T	CD4 T	1.0	0.746	0.821	0.067	False	True	CD4 T	CD4 T	1.0	0.741	0.818	0.062	False	True	12550	3743	5.832669322709164	13248	3755	5.985809178743962	0.3165006038647343	0.1382850241545893	368	361	0.078081157545726	True	False	
TGTCCACCAACTGGTT	shared	NK	NK	0.889	0.719	0.786	0.013	False	True	CD8 T	CD8 T	1.0	0.715	0.784	0.016	False	True	9258	3304	10.434219053791317	9716	3338	10.631947303417045	0.2946685878962536	0.1301976121860848	721	716	0.0696545823823292	True	False	
TGTCCACTCGCTTACC	shared	B	B	1.0	0.719	0.742	0.057	False	True	B	B	1.0	0.711	0.741	0.088	False	True	28840	4800	2.5	30476	4853	2.483921774511091	0.1913308833180207	0.1079209870061687	23	22	0.0795997104879355	True	False	
TGTCCCAAGCTCCATA	shared	CD4 T	CD4 T	0.95	0.705	0.775	0.042	False	True	CD4 T	CD4 T	1.0	0.699	0.773	0.057	False	True	8875	3091	5.791549295774648	9337	3096	5.858412766413195	0.3236585627075077	0.1653636071543322	781	778	0.0732039210451776	True	False	
TGTCCCAAGGTCATAA	shared	B	B	1.0	0.674	0.78	0.029	False	True	B	B	1.0	0.67	0.778	0.029	False	True	7727	2719	7.027306846123981	8131	2703	7.120895338826712	0.3316935186323945	0.1206493666215717	927	926	0.0735151210089592	True	False	
TGTCCCACATACTTTC	shared	CD8 T	CD8 T	1.0	0.694	0.781	0.021	False	True	CD8 T	CD8 T	1.0	0.69	0.772	0.019	False	True	9201	2948	6.944897293772416	9700	2970	7.051546391752577	0.3410309278350515	0.1374226804123711	726	719	0.0761860146400791	True	False	
TGTCCCAGTCAGGCAA	shared	CD14 Mono	CD14 Mono	1.0	0.759	0.833	0.024	False	True	CD14 Mono	CD14 Mono	1.0	0.753	0.831	0.019	False	True	11115	3445	7.233468286099865	11564	3438	7.35904531304047	0.3168453822206848	0.1150121065375302	483	498	0.057127526322991	True	False	
TGTCCCAGTCGGTGTC	shared	CD14 Mono	CD14 Mono	1.0	0.765	0.829	0.049	False	True	CD14 Mono	CD14 Mono	1.0	0.759	0.827	0.045	False	True	12530	3753	10.183559457302474	13088	3750	10.39119804400978	0.3310666259168704	0.1066625916870415	371	373	0.0628533302137069	True	False	
TGTCCTGGTACTTGTG	shared	CD4 T	CD4 T	0.909	0.696	0.774	0.036	False	True	CD4 T	CD4 T	0.9	0.692	0.775	0.039	False	True	8803	3052	8.644780188572078	9261	3062	8.67076989525969	0.3140049670661916	0.1445848180542058	792	795	0.0731646118121361	True	False	
TGTCCTGGTTGGCTAT	shared	B	B	1.0	0.684	0.801	0.012	False	True	B	B	1.0	0.68	0.801	0.012	False	True	9144	2893	7.250656167979002	9679	2913	7.252815373488997	0.3323690463890897	0.121190205599752	736	723	0.0820238775258781	True	False	
TGTCCTGTCGGCTATA	shared	CD8 T	CD8 T	1.0	0.482	0.552	0.014	False	True	CD8 T	CD8 T	1.0	0.475	0.536	0.018	False	True	4523	2147	13.663497678531948	4779	2164	13.60117179326219	0.5566017995396526	0.1473111529608704	1106	1103	0.0794116888782903	True	False	
TGTGATGAGCGACTGA	shared	B	B	1.0	0.679	0.779	0.026	False	True	B	B	1.0	0.673	0.775	0.024	False	True	7731	2740	6.467468632777131	8111	2756	6.53433608679571	0.3310319319442732	0.1308100110960424	926	928	0.0692160147921046	True	False	
TGTGATGCATTCTCTA	shared	CD4 T	CD4 T	1.0	0.745	0.827	0.073	False	True	CD4 T	CD4 T	1.0	0.742	0.826	0.088	False	True	12266	3490	6.644382846893853	13000	3508	6.661538461538462	0.2997692307692308	0.1397692307692307	389	381	0.0838401268291544	True	False	
TGTGCGGGTCGTCGGT	shared	NK	NK	1.0	0.712	0.767	0.136	False	True	NK	NK	0.933	0.705	0.774	0.088	False	True	10945	3841	6.340794883508451	11606	3856	6.384628640358435	0.3297432362571084	0.1247630535929691	500	492	0.0845913729568845	True	False	
TGTGCGGTCACATACG	shared	CD14 Mono	CD14 Mono	1.0	0.825	0.882	0.042	False	True	CD14 Mono	CD14 Mono	1.0	0.817	0.878	0.039	False	True	23610	5414	6.5141889030072	24596	5444	6.578305415514718	0.2871605139046999	0.1175800943242803	75	77	0.0590232208897886	True	False	
TGTGGCGTCGTACCTC	shared	CD14 Mono	CD14 Mono	1.0	0.658	0.735	0.019	False	True	CD14 Mono	CD14 Mono	1.0	0.651	0.731	0.018	False	True	4994	2078	10.692831397677212	5057	2050	10.935337156416848	0.3393316195372751	0.1338738382440182	1094	1095	0.0180823589834579	True	False	
TGTGTGATCTGACAGT	shared	CD4 T	CD4 T	1.0	0.687	0.781	0.012	False	True	CD4 T	CD4 T	1.0	0.679	0.778	0.011	False	True	8631	2741	7.727957362993859	9080	2759	7.731277533039647	0.2518722466960352	0.1421806167400881	816	811	0.0731563110606527	True	False	
TGTTCATAGCTGCCTG	shared	CD4 T	CD4 T	0.464	0.747	0.769	0.18	False	True	CD4 T	CD4 T	0.538	0.741	0.771	0.255	True	True	34658	6330	5.531190489930175	36591	6362	5.495886966740455	0.2618950015031018	0.1330928370364297	11	11	0.0782982411723746	True	False	
TGTTCATGTCCTGGGT	shared	NK	NK	1.0	0.706	0.784	0.009	False	True	CD8 T	CD8 T	1.0	0.699	0.779	0.006	False	True	9276	3209	10.360068995256576	9753	3213	10.304521685635189	0.2833999794934891	0.1394442735568543	717	711	0.0723356309062996	True	False	
TGTTCCGCAAGTATAG	shared	B	B	1.0	0.652	0.749	0.018	False	True	B	B	1.0	0.643	0.743	0.024	False	True	6164	2530	5.921479558728099	6459	2543	6.115497755070444	0.3853537699334262	0.1322186096919027	1049	1048	0.0674332702910856	True	False	
TGTTGAGCACAACGAG	shared	CD14 Mono	CD14 Mono	1.0	0.717	0.776	0.036	False	True	CD14 Mono	CD14 Mono	1.0	0.711	0.774	0.034	False	True	6719	2607	9.674058639678524	6986	2592	9.748067563698829	0.2384769539078156	0.1218150586888061	1014	1017	0.0562119072658997	True	False	
TGTTGAGTCTCGACCT	shared	B	B	1.0	0.674	0.776	0.013	False	True	B	B	1.0	0.666	0.773	0.017	False	True	8088	2949	5.477250247279921	8442	2946	5.484482350153992	0.3794124615020137	0.1195214404169628	886	893	0.0617943531371587	True	False	
TGTTTGTGTGGAAATT	shared	CD14 Mono	CD14 Mono	1.0	0.85	0.913	0.042	False	True	CD14 Mono	CD14 Mono	1.0	0.845	0.91	0.049	False	True	31127	6156	7.00999132585858	32481	6229	7.062590437486531	0.3100581878636742	0.1228102583048551	16	16	0.0614275802662321	True	False	
TTAATCCAGCTACTAC	shared	CD14 Mono	CD14 Mono	1.0	0.827	0.892	0.049	False	True	CD14 Mono	CD14 Mono	1.0	0.822	0.89	0.039	False	True	25890	5428	5.728080339899575	27266	5464	5.809432993471723	0.3246534145089122	0.1213232597374018	41	42	0.0747052910085723	True	False	
TTACAGGGTGATTCTG	shared	CD8 T	CD8 T	1.0	0.692	0.759	0.034	False	True	CD8 T	CD8 T	1.0	0.686	0.758	0.029	False	True	7722	2941	9.12975912975913	8148	2925	9.413352970054	0.3025282277859597	0.1548846342660775	929	925	0.077461659308174	True	False	
TTACCGCGTCCGAAAG	shared	FCGR3A Mono	FCGR3A Mono	1.0	0.787	0.871	0.042	False	True	FCGR3A Mono	FCGR3A Mono	1.0	0.783	0.868	0.039	False	True	17302	4223	8.409432435556583	18077	4242	8.469325662443989	0.2827349670852464	0.1441610886762184	204	203	0.0632128842626354	True	False	
TTACGCCCACGTCGTG	shared	CD14 Mono	CD14 Mono	1.0	0.767	0.835	0.032	False	True	CD14 Mono	CD14 Mono	1.0	0.76	0.832	0.034	False	True	10944	3461	6.770833333333333	11314	3432	6.858759059572211	0.2626834010959872	0.1293088209298214	501	522	0.0479646300859462	True	False	
TTACGCCTCAATGCAC	shared	CD8 T	CD8 T	1.0	0.651	0.733	0.022	False	True	CD8 T	CD8 T	0.857	0.645	0.722	0.026	False	True	6609	2507	4.312301407172038	6960	2513	4.439655172413793	0.3510057471264368	0.1683908045977011	1021	1019	0.0746443032216301	True	False	
TTACGTTGTTTACGAC	shared	CD4 T	CD4 T	0.929	0.774	0.81	0.108	False	True	CD4 T	CD4 T	0.895	0.767	0.807	0.121	False	True	23553	5417	12.465503332908758	24699	5469	12.59565164581562	0.3370581804931373	0.1055508320174905	76	75	0.068538959036372	True	False	
TTACGTTTCTCGCTTG	shared	CD4 T	CD4 T	1.0	0.737	0.819	0.022	False	True	CD4 T	CD4 T	1.0	0.731	0.816	0.024	False	True	13162	3747	5.941346299954414	13803	3795	5.998695935666159	0.3348547417228139	0.1380859233499963	330	327	0.0685980454455214	True	False	
TTACTGTCATACATCG	shared	B	B	1.0	0.685	0.798	0.014	False	True	B	B	1.0	0.678	0.793	0.026	False	True	10878	3516	6.150027578599008	11343	3514	6.268183020364983	0.4457374592259543	0.1180463722119368	511	520	0.0603834878431081	True	False	
TTACTGTGTAAGAACT	shared	CD14 Mono	CD14 Mono	1.0	0.714	0.792	0.027	False	True	CD14 Mono	CD14 Mono	1.0	0.708	0.789	0.027	False	True	7552	2779	9.16313559322034	7863	2783	9.207681546483531	0.327228793081521	0.1175123998473865	943	948	0.0582135347949596	True	False	
TTACTGTGTTAAGGGC	shared	B	B	1.0	0.688	0.794	0.017	False	True	B	B	1.0	0.682	0.791	0.021	False	True	9317	2986	7.427283460341312	9738	2992	7.414253440131444	0.3440131443828301	0.1204559457794208	712	713	0.0637533136162493	True	False	
TTAGGGTCAGGTCAGA	shared	B	B	1.0	0.424	0.51	0.016	False	False	B	B	1.0	0.416	0.508	0.011	False	False	2983	1384	20.38216560509554	3058	1365	21.026814911707	0.5634401569653368	0.0827338129496402	1142	1144	0.0358125713029648	False	True	9.999000099990002e-05
TTAGGGTGTCACATTG	shared	NK	NK	1.0	0.724	0.793	0.01	False	True	CD8 T	CD8 T	1.0	0.717	0.792	0.008	False	True	9613	3099	7.947570997607406	10183	3116	8.04281645880389	0.2442305803790631	0.1432780123735637	668	657	0.0830956157634624	True	False	
TTAGTCTCACGTATAC	shared	CD4 T	CD4 T	1.0	0.697	0.792	0.045	False	True	CD4 T	CD4 T	1.0	0.694	0.792	0.036	False	True	9854	3166	5.530748934442866	10370	3172	5.602700096432016	0.3188042430086789	0.1506268081002893	637	641	0.0736272330527065	True	False	
TTATTGCCAAACGGCA	shared	B	B	1.0	0.705	0.802	0.017	False	True	B	B	1.0	0.697	0.798	0.027	False	True	9951	3369	6.089840217063612	10575	3391	6.1465721040189125	0.3078014184397163	0.1426950354609929	618	610	0.087735691377089	True	False	
TTATTGCGTACGTAGG	shared	CD14 Mono	CD14 Mono	1.0	0.735	0.796	0.032	False	True	CD14 Mono	CD14 Mono	1.0	0.727	0.792	0.036	False	True	8004	2908	10.507246376811594	8292	2892	10.660877954655088	0.2566328991799325	0.1273516642547033	897	907	0.0509926895927579	True	False	
TTATTGCGTCAACACT	shared	NK	NK	0.971	0.662	0.743	0.01	False	True	NK	NK	0.909	0.656	0.755	0.01	False	True	7231	3028	7.661457613054902	7601	3060	7.683199579002763	0.3785028285751874	0.15103275884752	976	971	0.071984347446778	True	False	
TTATTGCGTGTCTTCC	shared	CD14 Mono	CD14 Mono	1.0	0.768	0.842	0.029	False	True	CD14 Mono	CD14 Mono	1.0	0.761	0.838	0.026	False	True	14252	4048	10.714285714285714	14895	4068	10.822423632091306	0.360657938905673	0.1117153407183618	285	286	0.0636593654267935	True	False	
TTCACCGCAGCCCAGT	shared	B	B	1.0	0.691	0.794	0.019	False	True	B	B	1.0	0.684	0.791	0.027	False	True	9903	3254	6.806018378269211	10530	3291	6.837606837606837	0.3939221272554606	0.1168091168091168	629	616	0.0885592182696776	True	False	
TTCACGCGTTAAGTCC	shared	CD4 T	CD4 T	1.0	0.72	0.755	0.022	False	True	CD4 T	CD4 T	1.0	0.713	0.753	0.022	False	True	10414	3663	3.994622623391588	10955	3675	4.0894568690095845	0.3427658603377453	0.1538110451848471	573	572	0.073058331777369	True	False	
TTCACGCTCTATCCAT	shared	CD4 T	CD4 T	1.0	0.706	0.792	0.039	False	True	CD4 T	CD4 T	1.0	0.701	0.789	0.029	False	True	10223	3330	5.331116110730705	10720	3378	5.307835820895522	0.3915111940298507	0.1494402985074626	595	595	0.0684797378827666	True	False	
TTCAGGAAGATTGGGC	shared	CD4 T	CD4 T	1.0	0.661	0.751	0.024	False	True	CD4 T	CD4 T	1.0	0.653	0.747	0.019	False	True	7142	2628	5.13861663399608	7492	2637	5.1121195942338495	0.3503737319807795	0.1342765616657768	987	985	0.0690133301425167	True	False	
TTCAGGAGTCTACAAC	shared	B	B	1.0	0.711	0.809	0.016	False	True	B	B	1.0	0.705	0.807	0.032	False	True	11445	3488	6.413280908693753	12096	3526	6.473214285714286	0.3535879629629629	0.1504629629629629	456	451	0.0798057981655696	True	False	
TTCATGTAGGTCATAA	shared	CD4 T	CD4 T	1.0	0.719	0.806	0.045	False	True	CD4 T	CD4 T	1.0	0.716	0.805	0.042	False	True	9553	2886	3.935936355071705	9513	2851	4.015557657941764	0.267633764322506	0.1820666456428046	676	752	-0.0060528515088109	True	False	
TTCATTGGTACGAAAT	shared	CD8 T	CD8 T	1.0	0.51	0.583	0.016	False	True	CD8 T	CD8 T	1.0	0.506	0.574	0.011	False	True	4039	1947	17.40529834117356	4216	1962	17.647058823529413	0.4928842504743833	0.1470588235294117	1120	1121	0.0618617286399763	True	False	
TTCCACGAGGAAGTGA	shared	CD4 T	CD4 T	1.0	0.348	0.386	0.021	False	True	CD4 T	CD4 T	0.938	0.338	0.383	0.017	False	True	1905	1017	16.062992125984252	2063	1035	16.28696073679108	0.4667959282598158	0.2089190499272903	1170	1167	0.1148948515133121	False	True	9.999000099990002e-05
TTCCACGGTCAACACT	shared	B	B	1.0	0.743	0.841	0.01	False	True	B	B	1.0	0.736	0.839	0.011	False	True	17013	4065	7.265032622112503	17986	4125	7.305682197264539	0.307628155231847	0.1373846324919381	215	207	0.0802322244854483	True	False	
TTCCGTGCACTCACTC	shared	CD4 T	CD4 T	1.0	0.709	0.807	0.042	False	True	CD4 T	CD4 T	1.0	0.703	0.805	0.026	False	True	10895	3234	6.039467645709041	11424	3264	6.206232492997199	0.3352591036414565	0.1389180672268907	505	512	0.0683955568207232	True	False	
TTCCGTGGTTCCAGGC	shared	B	B	1.0	0.729	0.82	0.017	False	True	B	B	1.0	0.723	0.817	0.026	False	True	12066	3622	6.108072269186143	12748	3637	6.189206149984312	0.3152651396297458	0.1437872607467838	403	396	0.0793170406032787	True	False	
TTCCTAAGTGACGTCC	shared	Platelet	Platelet	0.929	0.264	0.745	0.073	False	True	Platelet	Platelet	0.929	0.259	0.752	0.08	False	True	1001	369	7.192807192807193	1102	371	6.805807622504537	0.0607985480943738	0.1243194192377495	1194	1192	0.1385502823961743	False	True	9.999000099990002e-05
TTCCTCTGTACCTGTA	shared	CD14 Mono	CD14 Mono	1.0	0.804	0.861	0.034	False	True	CD14 Mono	CD14 Mono	1.0	0.799	0.859	0.026	False	True	17214	4455	4.897176716626002	17880	4467	5.072706935123042	0.3109619686800894	0.1384228187919463	208	212	0.0547612409992283	True	False	
TTCCTTCAGCCTCAAT	shared	Low quality (no markers)	Low quality (no markers)	0.952	0.218	0.881	0.024	False	False	Low quality (no markers)	Low quality (no markers)	0.947	0.2	0.883	0.021	False	False	672	25	97.02380952380952	777	29	90.09009009009009	0.0707850707850707	0.0012870012870012	1225	1220	0.2091636503758747	False	True	9.999000099990002e-05
TTCCTTCAGGTAGTCG	shared	CD14 Mono	CD14 Mono	1.0	0.675	0.754	0.01	False	True	CD14 Mono	CD14 Mono	1.0	0.667	0.749	0.01	False	True	5597	2284	6.164016437377167	5786	2264	6.308330452817144	0.3124783961285862	0.114932595921189	1075	1078	0.0479041571973447	True	False	
TTCCTTCAGTAGTCAA	shared	CD4 T	CD4 T	1.0	0.69	0.752	0.027	False	True	CD4 T	CD4 T	1.0	0.684	0.749	0.032	False	True	7750	2989	4.993548387096774	8178	3029	4.964539007092198	0.3950843727072634	0.1572511616532159	922	919	0.0775420112219794	True	False	
TTCCTTCGTGACACGA	shared	CD14 Mono	CD14 Mono	1.0	0.784	0.851	0.045	False	True	CD14 Mono	CD14 Mono	1.0	0.778	0.848	0.024	False	True	13427	4079	6.59119684218366	13959	4051	6.590729994985314	0.2974425102084677	0.1198509921914177	311	320	0.0560544993994643	True	False	
TTCGATTTCTGACCCT	shared	Platelet	Platelet	0.769	0.249	0.692	0.067	False	True	Platelet	Platelet	0.786	0.243	0.698	0.067	False	True	688	276	14.97093023255814	807	282	14.002478314745971	0.104089219330855	0.1152416356877323	1222	1218	0.2298513100475032	False	True	9.999000099990002e-05
TTCGCTGAGGGTTAGC	shared	CD4 T	CD4 T	0.5	0.753	0.778	0.057	False	True	CD8 T	CD8 T	0.647	0.746	0.79	0.042	False	True	16349	4711	7.437763777601076	17206	4731	7.485760781122864	0.2498547018481925	0.1182145763105893	229	229	0.0737049530901754	True	False	
TTCGCTGAGGTTCCGC	shared	CD4 T	CD4 T	1.0	0.549	0.602	0.018	False	True	CD4 T	CD4 T	1.0	0.543	0.598	0.016	False	True	4139	2080	9.760811790287509	4273	2073	10.039784694593962	0.4736718932834074	0.1614790545284343	1119	1120	0.0459561402731234	True	False	
TTCGCTGCACTAGTAC	shared	B	B	1.0	0.691	0.801	0.024	False	True	B	B	1.0	0.686	0.8	0.019	False	True	9117	2808	6.306899199298015	9608	2830	6.182348043297252	0.3280599500416319	0.1480016652789342	741	735	0.0756688896310745	True	False	
TTCGCTGTCGGACTGC	shared	CD4 T	CD4 T	1.0	0.684	0.782	0.024	False	True	CD4 T	CD4 T	1.0	0.677	0.778	0.018	False	True	7961	2520	4.609973621404346	8315	2532	4.702345159350571	0.2721587492483464	0.1500901984365604	901	905	0.0627588867670205	True	False	
TTCTCTCGTATCGTAC	shared	CD4 T	CD4 T	0.9	0.735	0.821	0.108	False	True	CD4 T	CD4 T	0.933	0.726	0.816	0.073	False	True	12145	3726	7.155207904487443	12742	3770	7.149584052738973	0.3160414377648721	0.1399309370585465	397	397	0.0692236874079138	True	False	
TTCTTGAGTCTTGCTC	shared	CD14 Mono	CD14 Mono	1.0	0.757	0.83	0.01	False	True	CD14 Mono	CD14 Mono	1.0	0.751	0.828	0.011	False	True	10326	3315	5.946155336044935	10650	3315	6.122065727699531	0.3128638497652582	0.1250704225352112	584	603	0.0445676771660619	True	False	
TTGACCCGTCTCGGGT	shared	NK	NK	1.0	0.703	0.774	0.009	False	True	CD8 T	CD8 T	1.0	0.697	0.773	0.01	False	True	8412	3014	9.759866856871136	8873	3027	9.669784740223148	0.2735264284909275	0.1489913219880536	844	836	0.0769642088783301	True	False	
TTGACCCTCGTAGTGT	shared	CD4 T	CD4 T	1.0	0.723	0.792	0.045	False	True	CD4 T	CD4 T	0.85	0.717	0.79	0.049	False	True	9495	3180	7.361769352290679	10005	3202	7.446276861569215	0.3014492753623188	0.1393303348325837	682	677	0.0754735173507961	True	False	
TTGATGGCATAAGATG	shared	B	B	1.0	0.654	0.764	0.011	False	True	B	B	1.0	0.646	0.761	0.011	False	True	6806	2562	9.256538348516017	7145	2553	9.517144856543036	0.3318404478656403	0.1119664100769769	1008	1006	0.0701168041917765	True	False	
TTGATGGTCGCTAAAC	SA_only	Low quality (no markers)	Low quality (no markers)	1.0	0.194	0.722	0.016	False	False	Low quality (no markers)	Low quality (no markers)	1.0	0.18	0.751	0.014	False	False	618	67	89.80582524271844	716	73	82.40223463687151	0.1033519553072625	0.0139664804469273	1234	1227	0.2120337094876401	False	True	0.0001999800019998
TTGCATTGTGCCTTCT	shared	pDC	pDC	0.5	0.717	0.88	0.088	False	True	pDC	pDC	0.5	0.71	0.877	0.088	False	True	18536	4921	4.5209322399654726	19425	4980	4.530244530244531	0.463989703989704	0.1251480051480051	176	174	0.0675810874616049	True	False	
TTGCCTGAGAGTGACC	shared	CD14 Mono	CD14 Mono	1.0	0.809	0.873	0.032	False	True	CD14 Mono	CD14 Mono	1.0	0.803	0.871	0.027	False	True	17511	4569	5.328079492890184	18274	4572	5.439422129801905	0.2863084163292109	0.112017073437671	197	198	0.0615275465462159	True	False	
TTGCCTGAGTGGAAAG	shared	CD14 Mono	CD14 Mono	1.0	0.788	0.853	0.024	False	True	CD14 Mono	CD14 Mono	1.0	0.781	0.849	0.017	False	True	14730	4317	5.960624575695859	15487	4318	6.011493510686382	0.2810744495383224	0.1272034609672628	270	268	0.0722954880389738	True	False	
TTGCCTGGTAGCTGCC	shared	CD14 Mono	CD14 Mono	1.0	0.812	0.877	0.029	False	True	CD14 Mono	CD14 Mono	1.0	0.807	0.875	0.034	False	True	24201	5475	3.615553076319161	25184	5492	3.6292884371029226	0.3738484752223634	0.1296458068614993	67	68	0.0574384574277437	True	False	
TTGCGTCCACGCCACA	shared	Platelet	Platelet	0.786	0.234	0.698	0.067	False	True	Platelet	Platelet	0.846	0.232	0.706	0.073	False	True	556	263	7.374100719424461	614	269	7.328990228013029	0.0618892508143322	0.1058631921824104	1241	1242	0.1429090828865704	False	True	9.999000099990002e-05
TTGCTGCCATTGCCGG	shared	FCGR3A Mono	FCGR3A Mono	1.0	0.789	0.876	0.039	False	True	FCGR3A Mono	FCGR3A Mono	1.0	0.785	0.872	0.039	False	True	20119	4853	7.261792335603161	21108	4897	7.409512980860337	0.3146200492704188	0.1470532499526246	138	138	0.069227930139788	True	False	
TTGGGATCAACGGGTA	shared	CD8 T	CD8 T	0.647	0.718	0.777	0.039	False	True	CD8 T	CD8 T	0.688	0.712	0.779	0.042	False	True	9903	3382	9.0174694537009	10452	3400	9.041331802525832	0.3080750095675468	0.1473402219670876	629	626	0.0778338340274963	True	False	
TTGGGATTCAGGAAGC	shared	CD14 Mono	CD14 Mono	1.0	0.812	0.872	0.024	False	True	CD14 Mono	CD14 Mono	1.0	0.807	0.868	0.021	False	True	19929	4834	6.176928094736314	20669	4845	6.2654216459432	0.2999177512216363	0.1278242779041076	146	148	0.0525966785863895	True	False	
TTGGGATTCTCTCTAA	shared	CD14 Mono	CD14 Mono	1.0	0.781	0.856	0.049	False	True	CD14 Mono	CD14 Mono	1.0	0.775	0.853	0.049	False	True	15475	4209	5.718901453957997	16197	4223	5.778847934802741	0.3551274927455701	0.1249614126072729	252	253	0.0657830577218776	True	False	
TTGGGCGCACGGTGAA	shared	CD4 T	CD4 T	0.812	0.689	0.763	0.08	False	True	CD4 T	CD4 T	0.765	0.683	0.761	0.062	False	True	7508	2792	9.416622269579117	7866	2798	9.458428680396644	0.2993897787948131	0.1290363590134757	950	947	0.0671927918566073	True	False	
TTGGGCGGTCGGAAAC	shared	B	B	1.0	0.654	0.758	0.019	False	True	B	B	1.0	0.646	0.756	0.022	False	True	6692	2572	8.92109982068141	7000	2560	9.128571428571428	0.3527142857142857	0.1224285714285714	1016	1016	0.0649079923259739	True	False	
TTGGGTAGTGCTAGCC	shared	CD14 Mono	CD14 Mono	1.0	0.785	0.855	0.036	False	True	CD14 Mono	CD14 Mono	1.0	0.777	0.851	0.042	False	True	13631	4022	6.756657618663341	14181	4028	6.783724702066145	0.290741132501234	0.1225583527254777	301	305	0.0570637606329041	True	False	
TTGGGTATCACCGACG	shared	CD14 Mono	CD14 Mono	1.0	0.673	0.745	0.013	False	True	CD14 Mono	CD14 Mono	1.0	0.667	0.743	0.01	False	True	5658	2099	11.117002474372567	5962	2090	11.053337806105334	0.253270714525327	0.1296544783629654	1071	1071	0.0754911993414027	True	False	
TTGGTTTCACTGGATT	shared	CD8 T	CD8 T	1.0	0.684	0.746	0.032	False	True	CD8 T	CD8 T	1.0	0.678	0.74	0.039	False	True	8884	3431	5.211616389013957	9307	3426	5.318577414849038	0.4006661652519609	0.1567637262275706	778	786	0.067099434489308	True	False	
TTGTGGATCTAAGAAG	shared	CD4 T	CD4 T	1.0	0.713	0.8	0.045	False	True	CD4 T	CD4 T	1.0	0.708	0.799	0.045	False	True	9612	3098	5.472326258843113	10055	3081	5.549477871705619	0.2833416210840377	0.1415216310293386	669	672	0.0649979159806606	True	False	
TTGTGTTGTGTGTCCG	shared	CD4 T	CD4 T	1.0	0.695	0.783	0.021	False	True	CD4 T	CD4 T	1.0	0.691	0.783	0.014	False	True	7713	2439	5.354596136393103	8000	2418	5.525	0.2215	0.146875	931	937	0.0527011796433204	True	False	
TTGTTCACACTTGTGA	shared	cDC	cDC	0.929	0.808	0.896	0.067	False	True	cDC	cDC	0.867	0.802	0.894	0.073	False	True	34715	6096	3.606510154112055	36632	6146	3.655274077309456	0.250382179515178	0.1280301375846254	10	10	0.0775431239489083	True	False	
TTGTTCACAGTCGCTG	shared	CD14 Mono	CD14 Mono	1.0	0.798	0.86	0.036	False	True	CD14 Mono	CD14 Mono	1.0	0.792	0.857	0.036	False	True	17655	4678	5.613140753327669	19019	4686	5.809979494190021	0.3345601766654398	0.1242967558757032	194	182	0.1073587114683117	True	False	
TTGTTCATCTTTACAC	shared	CD14 Mono	CD14 Mono	1.0	0.653	0.735	0.01	False	True	CD14 Mono	CD14 Mono	1.0	0.646	0.732	0.01	False	True	5258	2166	8.91974134651959	5396	2131	9.006671608598962	0.310229799851742	0.1286137879911045	1084	1087	0.0373691904919441	True	False	
TTGTTTGAGGTCGACA	shared	CD4 T	CD4 T	1.0	0.682	0.779	0.022	False	True	CD4 T	CD4 T	1.0	0.676	0.777	0.014	False	True	7591	2381	7.008299301804769	7925	2367	7.053627760252366	0.2360883280757097	0.1447318611987381	939	942	0.0621129749468743	True	False	
TTGTTTGTCCAACCGG	shared	CD14 Mono	CD14 Mono	1.0	0.625	0.701	0.019	False	True	CD14 Mono	CD14 Mono	1.0	0.618	0.698	0.018	False	True	4402	1964	12.312585188550658	4560	1952	12.456140350877194	0.3835526315789473	0.1142543859649122	1109	1111	0.0508633259208612	True	False	
TTTACTGTCACGGGAA	shared	B	B	1.0	0.586	0.694	0.014	False	True	B	B	1.0	0.579	0.689	0.021	False	True	6140	2574	7.52442996742671	6394	2570	7.663434469815452	0.5150140756959649	0.1221457616515483	1051	1051	0.0584707560244326	True	False	
TTTATGCCAGTGGCTC	shared	Low quality (no markers)	Low quality (no markers)	1.0	0.233	0.865	0.021	False	False	Low quality (no markers)	Low quality (no markers)	1.0	0.215	0.882	0.018	False	False	867	37	96.88581314878893	973	41	91.77800616649536	0.0596094552929085	0.0020554984583761	1204	1200	0.1662267296378629	False	True	9.999000099990002e-05
TTTATGCGTAACATAG	shared	CD4 T	CD4 T	0.615	0.758	0.836	0.073	False	True	CD4 T	CD4 T	0.652	0.752	0.834	0.067	False	True	15355	4057	5.97199609247802	16102	4098	5.993044342317725	0.2887840019873308	0.134020618556701	256	254	0.068527023162579	True	False	
TTTATGCGTTGATCGT	shared	B	B	0.957	0.751	0.832	0.016	False	True	B	B	1.0	0.743	0.829	0.018	False	True	13926	3774	8.861123079132557	14695	3805	8.85335148009527	0.2744470908472269	0.1344675059544062	291	290	0.077539009533952	True	False	
TTTATGCTCACTCGAA	shared	Low quality (no markers)	Low quality (no markers)	1.0	0.192	0.86	0.021	False	False	Low quality (no markers)	Low quality (no markers)	1.0	0.181	0.88	0.019	False	False	707	34	95.6152758132956	811	37	88.90258939580764	0.0752157829839704	0.001233045622688	1220	1217	0.1977303671021787	False	True	9.999000099990002e-05
TTTCACATCGACGCTG	shared	cDC	cDC	0.692	0.616	0.71	0.049	False	True	cDC	cDC	0.692	0.608	0.706	0.049	False	True	2889	1454	5.192107995846314	3046	1453	5.416940249507551	0.2032173342087984	0.1109652002626395	1145	1145	0.0763200072984445	False	True	9.999000099990002e-05
TTTCACATCTCAGGCG	shared	B	B	1.0	0.659	0.762	0.026	False	True	B	B	1.0	0.651	0.759	0.022	False	True	7426	2709	6.140587126312955	7819	2757	6.12610308223558	0.3586136334569638	0.1411945261542396	958	954	0.0743890292223456	True	False	
TTTCATGGTGCCTAAT	shared	B	B	1.0	0.707	0.802	0.012	False	True	B	B	1.0	0.702	0.801	0.011	False	True	11546	3367	6.833535423523298	12147	3387	6.874125298427595	0.3297110397629044	0.1284267720424796	443	445	0.0732007366354649	True	False	
TTTCATGTCACTCACC	shared	CD14 Mono	CD14 Mono	1.0	0.779	0.845	0.024	False	True	CD14 Mono	CD14 Mono	1.0	0.773	0.842	0.021	False	True	12356	3756	7.688572353512463	12857	3775	7.855642840476006	0.3104923388037645	0.1237458193979933	380	389	0.0573377238082907	True	False	
TTTCCTCCACAGAGCA	shared	B	B	1.0	0.681	0.786	0.018	False	True	B	B	1.0	0.676	0.785	0.021	False	True	8118	2806	8.191672825819166	8533	2811	8.484706433845073	0.426930739482011	0.1178952302824329	881	884	0.0719200658729183	True	False	
TTTCCTCTCCTACACC	shared	CD4 T	CD4 T	1.0	0.74	0.806	0.034	False	True	CD4 T	CD4 T	1.0	0.735	0.803	0.027	False	True	13148	4049	3.932156982050502	13728	4085	4.042832167832168	0.3967074592074592	0.1357808857808858	332	332	0.0622734608482663	True	False	
TTTCCTCTCTCTTGCG	shared	FCGR3A Mono	FCGR3A Mono	1.0	0.782	0.866	0.034	False	True	FCGR3A Mono	FCGR3A Mono	1.0	0.776	0.863	0.034	False	True	18266	4686	7.390780685426475	19044	4702	7.48792270531401	0.3396870405377021	0.1413568578029825	179	181	0.060172569124969	True	False	
TTTGATCTCTTTGGAG	shared	CD4 T	CD4 T	1.0	0.727	0.813	0.053	False	True	CD4 T	CD4 T	1.0	0.722	0.81	0.053	False	True	10650	3326	6.131455399061033	11171	3324	6.149852296123893	0.279652672097395	0.1476143586071077	535	537	0.0688985903157282	True	False	
TTTGGTTAGTAACCTC	shared	CD4 T	CD4 T	0.913	0.659	0.742	0.045	False	True	CD4 T	CD4 T	1.0	0.655	0.739	0.053	False	True	7493	2728	5.164820499132524	7856	2744	5.218940936863544	0.3713085539714867	0.1480397148676171	953	950	0.0682425827426388	True	False	
TTTGGTTGTAGAATAC	shared	CD14 Mono	CD14 Mono	1.0	0.795	0.859	0.029	False	True	CD14 Mono	CD14 Mono	1.0	0.789	0.857	0.034	False	True	14966	4243	7.710811171989843	15548	4230	7.833804990995627	0.3105222536660664	0.1301131978389503	263	267	0.055036724376274	True	False	
TTTGTTGCAATTAGGA	shared	B	B	1.0	0.664	0.77	0.014	False	True	B	B	1.0	0.656	0.764	0.026	False	True	7184	2681	5.275612472160357	7555	2702	5.320979483785573	0.3670416942422237	0.1175380542686962	983	976	0.072634545043671	True	False	
